id,source,date,title,FINAL,url
1,CNN Indonesia,2026-06-07,"Hasil Uji Coba Jelang Piala Dunia: Messi Tak Main, Argentina Menang",0,https://www.cnnindonesia.com/olahraga/20260607090917-142-1366236/hasil-uji-coba-jelang-piala-dunia-messi-tak-main-argentina-menang
2,CNN Indonesia,2026-06-07,"Veda Ega Kena Long Lap Penalty, Tak Patah Arang di Moto3 Hungaria",0,https://www.cnnindonesia.com/olahraga/20260607082253-156-1366233/veda-ega-kena-long-lap-penalty-tak-patah-arang-di-moto3-hungaria
3,CNN Indonesia,2026-06-07,Final Indonesia Open 2026: Kans Jonatan Ikuti Jejak Kevin/Marcus,0,https://www.cnnindonesia.com/olahraga/20260607080842-170-1366232/final-indonesia-open-2026-kans-jonatan-ikuti-jejak-kevin-marcus
4,CNN Indonesia,2026-06-06,Klasemen Runner Up Terbaik Piala AFF U-19: Indonesia Tak Bisa Tenang,0,https://www.cnnindonesia.com/olahraga/20260606135248-142-1366072/klasemen-runner-up-terbaik-piala-aff-u-19-indonesia-tak-bisa-tenang
5,CNN Indonesia,2026-06-07,"Hasil Uji Coba Jelang Piala Dunia: Saling Blunder, Brasil Hajar Mesir",0,https://www.cnnindonesia.com/olahraga/20260607070051-142-1366220/hasil-uji-coba-jelang-piala-dunia-saling-blunder-brasil-hajar-mesir
6,CNN Indonesia,2026-06-07,"Portugal Menang, Bruno Fernandes Selebrasi Gol dengan 'Kicau Mania'",0,https://www.cnnindonesia.com/olahraga/20260607063255-142-1366218/portugal-menang-bruno-fernandes-selebrasi-gol-dengan-kicau-mania
7,CNN Indonesia,2026-06-06,"Piala Dunia 2010: Piala Dunia di Afrika, Spanyol Cetak Sejarah",0,https://www.cnnindonesia.com/olahraga/20260606152423-142-1366119/piala-dunia-2010-piala-dunia-di-afrika-spanyol-cetak-sejarah
8,CNN Indonesia,2026-06-07,Jadwal Siaran Langsung Final Indonesia Open 2026: Indonesia Buru Gelar,0,https://www.cnnindonesia.com/olahraga/20260607055049-170-1366217/jadwal-siaran-langsung-final-indonesia-open-2026-indonesia-buru-gelar
9,CNN Indonesia,2026-06-06,"STY Berbincang dengan Kluivert di Korea, Bahas Apa?",1,https://www.cnnindonesia.com/olahraga/20260606234220-142-1366214/sty-berbincang-dengan-kluivert-di-korea-bahas-apa
10,CNN Indonesia,2026-06-07,Hasil Uji Coba Jelang Piala Dunia: Inggris Menang Susah Payah,0,https://www.cnnindonesia.com/olahraga/20260607045913-142-1366216/hasil-uji-coba-jelang-piala-dunia-inggris-menang-susah-payah
11,CNN Indonesia,2026-06-07,"Hasil Uji Coba Jelang Piala Dunia: Leao Pukul Lawan, Portugal Menang",0,https://www.cnnindonesia.com/olahraga/20260607042927-142-1366215/hasil-uji-coba-jelang-piala-dunia-leao-pukul-lawan-portugal-menang
12,CNN Indonesia,2026-06-06,Jadwal Siaran Langsung Indonesia vs Vietnam di Piala AFF U-19,0,https://www.cnnindonesia.com/olahraga/20260606093335-142-1366008/jadwal-siaran-langsung-indonesia-vs-vietnam-di-piala-aff-u-19
13,CNN Indonesia,2026-06-06,3 Ciri Pemain Incaran Florentino Perez untuk Real Madrid,1,https://www.cnnindonesia.com/olahraga/20260606125054-142-1366060/3-ciri-pemain-incaran-florentino-perez-untuk-real-madrid
14,CNN Indonesia,2026-06-06,Jadwal Siaran Langsung Indonesia vs Kazakhstan di AVC Cup 2026,0,https://www.cnnindonesia.com/olahraga/20260606113028-178-1366029/jadwal-siaran-langsung-indonesia-vs-kazakhstan-di-avc-cup-2026
15,CNN Indonesia,2026-06-06,Veda Ega Disebut Kena Hukuman Long Lap Penalty di Moto3 Hungaria 2026,0,https://www.cnnindonesia.com/olahraga/20260606231820-156-1366212/veda-ega-disebut-kena-hukuman-long-lap-penalty-di-moto3-hungaria-2026
16,CNN Indonesia,2026-06-06,2 Wakil Indonesia di Final Indonesia Open 2026,1,https://www.cnnindonesia.com/olahraga/20260606224918-170-1366210/2-wakil-indonesia-di-final-indonesia-open-2026
17,CNN Indonesia,2026-06-06,"Hasil Indonesia Open 2026: Raymond/Joaquin ke Final, Hadapi Malaysia",0,https://www.cnnindonesia.com/olahraga/20260606220342-170-1366207/hasil-indonesia-open-2026-raymond-joaquin-ke-final-hadapi-malaysia
18,CNN Indonesia,2026-06-06,Reaksi Janice Tjen Usai Juara Birmingham Open 2026,1,https://www.cnnindonesia.com/olahraga/20260606125850-170-1366061/reaksi-janice-tjen-usai-juara-birmingham-open-2026
19,CNN Indonesia,2026-06-06,Hasil Indonesia Open 2026: Rachel/Febi Gagal ke Final,0,https://www.cnnindonesia.com/olahraga/20260606214125-170-1366205/hasil-indonesia-open-2026-rachel-febi-gagal-ke-final
20,CNN Indonesia,2026-06-06,Klasemen MotoGP 2026 setelah Marquez Menang Sprint Race GP Hungaria,0,https://www.cnnindonesia.com/olahraga/20260606204409-156-1366203/klasemen-motogp-2026-setelah-marquez-menang-sprint-race-gp-hungaria
21,CNN Indonesia,2026-06-06,Hasil Sprint Race MotoGP Hungaria 2026: Marquez Melesat Jadi Pemenang,0,https://www.cnnindonesia.com/olahraga/20260606194504-156-1366195/hasil-sprint-race-motogp-hungaria-2026-marquez-melesat-jadi-pemenang
22,CNN Indonesia,2026-06-06,Kata-kata Jonatan Christie Usai Lolos ke Final Indonesia Open 2026,1,https://www.cnnindonesia.com/olahraga/20260606185957-170-1366172/kata-kata-jonatan-christie-usai-lolos-ke-final-indonesia-open-2026
23,CNN Indonesia,2026-06-06,Hasil AVC Women's Volleyball Cup 2026: Indonesia Kalahkan Iran 3-1,0,https://www.cnnindonesia.com/olahraga/20260606183454-178-1366169/hasil-avc-womens-volleyball-cup-2026-indonesia-kalahkan-iran-3-1
24,CNN Indonesia,2026-06-06,Hasil Kualifikasi Moto3 Hungaria 2026: Veda Start dari Posisi 9,0,https://www.cnnindonesia.com/olahraga/20260606180627-156-1366166/hasil-kualifikasi-moto3-hungaria-2026-veda-start-dari-posisi-9
25,CNN Indonesia,2026-06-06,"Hasil Indonesia Open: Jonatan Christie Comeback, Lolos ke Final",0,https://www.cnnindonesia.com/olahraga/20260606170617-170-1366154/hasil-indonesia-open-jonatan-christie-comeback-lolos-ke-final
26,CNN Indonesia,2026-06-06,"Hasil Kualifikasi MotoGP Hungaria 2026: Sempat Jatuh, Marquez Nomor 1",0,https://www.cnnindonesia.com/olahraga/20260606161550-156-1366130/hasil-kualifikasi-motogp-hungaria-2026-sempat-jatuh-marquez-nomor-1
27,CNN Indonesia,2026-06-06,Rahasia An Se Young Menang Usai Tertinggal 7-17: Tak Lihat Skor,0,https://www.cnnindonesia.com/olahraga/20260606150843-170-1366113/rahasia-an-se-young-menang-usai-tertinggal-7-17-tak-lihat-skor
28,CNN Indonesia,2026-06-06,Hasil FP2 MotoGP: Marc Marquez Paling Cepat,0,https://www.cnnindonesia.com/olahraga/20260606153347-156-1366128/hasil-fp2-motogp-marc-marquez-paling-cepat
29,CNN Indonesia,2026-06-06,An Se Young vs Akane Yamaguchi di Final Indonesia Open 2026,0,https://www.cnnindonesia.com/olahraga/20260606145736-170-1366107/an-se-young-vs-akane-yamaguchi-di-final-indonesia-open-2026
30,CNN Indonesia,2026-06-06,"Sempat Tertinggal 7-17, An Se Young Lolos ke Final Indonesia Open 2026",0,https://www.cnnindonesia.com/olahraga/20260606143757-170-1366092/sempat-tertinggal-7-17-an-se-young-lolos-ke-final-indonesia-open-2026
31,CNN Indonesia,2026-06-06,"Hasil FP2 Moto3 Hungaria: Veda Ega Kecelakaan, Quiles Tercepat",0,https://www.cnnindonesia.com/olahraga/20260606140722-156-1366074/hasil-fp2-moto3-hungaria-veda-ega-kecelakaan-quiles-tercepat
32,CNN Indonesia,2026-06-06,Manajer Honda Team Asia: Veda Ega Fantastis,0,https://www.cnnindonesia.com/olahraga/20260606095233-156-1366013/manajer-honda-team-asia-veda-ega-fantastis
33,CNN Indonesia,2026-06-06,Janji Hakim Danish Usai P15 di Practice Moto3 Hungaria,1,https://www.cnnindonesia.com/olahraga/20260606115830-156-1366042/janji-hakim-danish-usai-p15-di-practice-moto3-hungaria
34,CNN Indonesia,2026-06-06,"Kondisi Messi Membaik, Mungkin Dimainkan di Laga Uji Coba",0,https://www.cnnindonesia.com/olahraga/20260606115240-142-1366041/kondisi-messi-membaik-mungkin-dimainkan-di-laga-uji-coba
35,CNN Indonesia,2026-06-06,Janice Tjen/Talia Gibson Juara Birmingham Open 2026,0,https://www.cnnindonesia.com/olahraga/20260606123048-170-1366056/janice-tjen-talia-gibson-juara-birmingham-open-2026
36,CNN Indonesia,2026-06-06,Deretan Tim Dilewati Timnas Indonesia di Ranking FIFA Usai Tekuk Oman,0,https://www.cnnindonesia.com/olahraga/20260606094610-142-1366009/deretan-tim-dilewati-timnas-indonesia-di-ranking-fifa-usai-tekuk-oman
37,CNN Indonesia,2026-06-06,Ketika Pokemon Jadi Primadona Bapak-bapak di Indonesia Open 2026,0,https://www.cnnindonesia.com/olahraga/20260606072733-170-1365994/ketika-pokemon-jadi-primadona-bapak-bapak-di-indonesia-open-2026
38,CNN Indonesia,2026-06-06,Hasil Final NBA 2026: Knicks Hajar Spurs 105-104 di Game 2,0,https://www.cnnindonesia.com/olahraga/20260606110657-178-1366026/hasil-final-nba-2026-knicks-hajar-spurs-105-104-di-game-2
39,CNN Indonesia,2026-06-05,"Piala Dunia 2006: Italia, Calciopoli, dan Akhiri Kutukan Adu Penalti",0,https://www.cnnindonesia.com/olahraga/20260605154101-142-1365795/piala-dunia-2006-italia-calciopoli-dan-akhiri-kutukan-adu-penalti
40,CNN Indonesia,2026-06-06,Kata-kata Veda Ega Usai Tempati Posisi ke-2 di Practice Moto3 Hungaria,1,https://www.cnnindonesia.com/olahraga/20260606091851-156-1366005/kata-kata-veda-ega-usai-tempati-posisi-ke-2-di-practice-moto3-hungaria
41,CNN Indonesia,2026-06-06,"Timnas Indonesia Hajar Oman, Oratmangoen Akhiri Puasa Gol 20 Bulan",0,https://www.cnnindonesia.com/olahraga/20260606073149-142-1365995/timnas-indonesia-hajar-oman-oratmangoen-akhiri-puasa-gol-20-bulan
42,CNN Indonesia,2026-06-05,Mudahnya Jumpa Atlet Idola Secara Gratis di Indonesia Open 2026,0,https://www.cnnindonesia.com/olahraga/20260605165831-170-1365834/mudahnya-jumpa-atlet-idola-secara-gratis-di-indonesia-open-2026
43,CNN Indonesia,2026-06-06,"Profil Mathew Baker, Debutan Termuda di Timnas Indonesia",0,https://www.cnnindonesia.com/olahraga/20260606084234-142-1366001/profil-mathew-baker-debutan-termuda-di-timnas-indonesia
44,CNN Indonesia,2026-06-05,Messi dan Ronaldo Pakai Lencana Khusus di Piala Dunia 2026,0,https://www.cnnindonesia.com/olahraga/20260605184901-142-1365907/messi-dan-ronaldo-pakai-lencana-khusus-di-piala-dunia-2026
45,CNN Indonesia,2026-06-06,Jadwal Siaran Langsung Sprint Race MotoGP Hungaria 2026,0,https://www.cnnindonesia.com/olahraga/20260606081409-156-1366000/jadwal-siaran-langsung-sprint-race-motogp-hungaria-2026
46,CNN Indonesia,2026-06-06,Erick Thohir Puji Keberanian John Herdman Mainkan Pemain Muda,0,https://www.cnnindonesia.com/olahraga/20260606064343-142-1365992/erick-thohir-puji-keberanian-john-herdman-mainkan-pemain-muda
47,CNN Indonesia,2026-06-05,Kisah Raymond/Joaquin dan Lapangan 1 Istora di Indonesia Open,1,https://www.cnnindonesia.com/olahraga/20260605214326-170-1365961/kisah-raymond-joaquin-dan-lapangan-1-istora-di-indonesia-open
48,CNN Indonesia,2026-06-06,Jadwal 4 Wakil Indonesia di Semifinal Indonesia Open 2026,0,https://www.cnnindonesia.com/olahraga/20260606065547-170-1365993/jadwal-4-wakil-indonesia-di-semifinal-indonesia-open-2026
49,CNN Indonesia,2026-06-06,"Top 3 Sports: Timnas Indonesia Sikat Oman, Veda Ega Naik Peringkat 3",1,https://www.cnnindonesia.com/olahraga/20260606063230-178-1365991/top-3-sports-timnas-indonesia-sikat-oman-veda-ega-naik-peringkat-3
50,CNN Indonesia,2026-06-06,Daftar 4 Wakil Indonesia di Semifinal Indonesia Open 2026,0,https://www.cnnindonesia.com/olahraga/20260606060905-170-1365990/daftar-4-wakil-indonesia-di-semifinal-indonesia-open-2026
51,Kompas,2026-06-07,Media Vietnam Ungkap Kunci Kemenangan Timnas Indonesia Lawan Oman,1,https://bola.kompas.com/read/2026/06/07/10232948/media-vietnam-ungkap-kunci-kemenangan-timnas-indonesia-lawan-oman
52,Kompas,2026-06-07,Pengamat Sebut Timnas Indonesia Vs Mozambik Bisa Jadi Persiapan Piala AFF 2026,0,https://bola.kompas.com/read/2026/06/07/09584328/pengamat-sebut-timnas-indonesia-vs-mozambik-bisa-jadi-persiapan-piala-aff-2026
53,Kompas,2026-06-07,"Ragnar dan Audero Tangguh, Timnas Indonesia Tunjukkan Kualitas",0,https://bola.kompas.com/read/2026/06/07/09314778/ragnar-dan-audero-tangguh-timnas-indonesia-tunjukkan-kualitas
54,Kompas,2026-06-07,"Hasil Argentina Vs Honduras 2-0, Lautaro 1 Gol dan 1 Assist",0,https://bola.kompas.com/read/2026/06/07/09163238/hasil-argentina-vs-honduras-2-0-lautaro-1-gol-dan-1-assist
55,Kompas,2026-06-07,John Herdman Punya Tugas Berat Tingkatkan Level Pemain Domestik di Timnas Indonesia,0,https://bola.kompas.com/read/2026/06/07/08360198/john-herdman-punya-tugas-berat-tingkatkan-level-pemain-domestik-di-timnas
56,Kompas,2026-06-07,Jadwal Final Polytron Indonesia Open 2026: Jojo dan Ray/Jo Siap Pecah Telur,0,https://www.kompas.com/badminton/read/2026/06/07/08075718/jadwal-final-polytron-indonesia-open-2026-jojo-dan-ray-jo-siap-pecah
57,Kompas,2026-06-07,"Jadwal Indonesia Vs Vietnam, Timnas U19 Dituntut Naik Level",0,https://bola.kompas.com/read/2026/06/07/08032268/jadwal-indonesia-vs-vietnam-timnas-u19-dituntut-naik-level
58,Kompas,2026-06-07,Jadwal Siaran Langsung Indonesia Vs Vietnam di ASEAN U19 Championship 2026,0,https://bola.kompas.com/read/2026/06/07/07205618/jadwal-siaran-langsung-indonesia-vs-vietnam-di-asean-u19-championship-2026
59,Kompas,2026-06-07,"Hasil Brasil Vs Mesir 2-1, Endrick Bawa Samba Menang!",0,https://bola.kompas.com/read/2026/06/07/07093538/hasil-brasil-vs-mesir-2-1-endrick-bawa-samba-menang
60,Kompas,2026-06-07,Bintang Irak Ditahan 7 Jam di Bandara AS Jelang Piala Dunia 2026,1,https://bola.kompas.com/read/2026/06/07/06480698/bintang-irak-ditahan-7-jam-di-bandara-as-jelang-piala-dunia-2026
61,Kompas,2026-06-07,Staf Manajerial Timnas Iran Dipersulit AS Dapat Visa Jelang Piala Dunia 2026,0,https://bola.kompas.com/read/2026/06/07/06313188/staf-manajerial-timnas-iran-dipersulit-as-dapat-visa-jelang-piala-dunia-2026
62,Kompas,2026-06-07,"Hasil Inggris Vs Selandia Baru 1-0: Harry Kane Pahlawan, Tiga Singa Menang Susah Payah",0,https://bola.kompas.com/read/2026/06/07/05495408/hasil-inggris-vs-selandia-baru-1-0-harry-kane-pahlawan-tiga-singa-menang-susah
63,Kompas,2026-06-07,"Hasil Portugal Vs Chile 2-1: Bruno Fernandes Bersinar, 2 Kartu Merah",0,https://bola.kompas.com/read/2026/06/07/05375968/hasil-portugal-vs-chile-2-1-bruno-fernandes-bersinar-2-kartu-merah
64,Kompas,2026-06-07,Jadwal AVC Women's Volleyball Cup 2026: Indonesia Vs Kazakhstan di Laga Kedua,0,https://www.kompas.com/sports/read/2026/06/07/05225888/jadwal-avc-womens-volleyball-cup-2026-indonesia-vs-kazakhstan-di-laga
65,Kompas,2026-06-07,Piala AFF U19 2026: Indonesia Digusur Kamboja dari Peringkat Kedua Terbaik,0,https://bola.kompas.com/read/2026/06/07/04350748/piala-aff-u19-2026-indonesia-digusur-kamboja-dari-peringkat-kedua-terbaik
66,Kompas,2026-06-07,"Justin Hubner Cedera Lawan Oman, John Herdman Tak Pasti Mainkan Lawan Mozambik",0,https://bola.kompas.com/read/2026/06/07/04080498/justin-hubner-cedera-lawan-oman-john-herdman-tak-pasti-mainkan-lawan-mozambik
67,Kompas,2026-06-07,Hasil Amerika Serikat Vs Jerman 1-2: Modal Positif Der Panzer Jelang Piala Dunia,0,https://bola.kompas.com/read/2026/06/07/03445688/hasil-amerika-serikat-vs-jerman-1-2-modal-positif-der-panzer-jelang-piala-dunia
68,Kompas,2026-06-07,Reaksi Emosional Gavi Usai Dipanggil ke Skuad Spanyol untuk Piala Dunia 2026,1,https://bola.kompas.com/read/2026/06/07/02452238/reaksi-emosional-gavi-usai-dipanggil-ke-skuad-spanyol-untuk-piala-dunia-2026
69,Kompas,2026-06-07,Fabio Capello Beberkan Alasan Ronaldo Tinggalkan Real Madrid,1,https://bola.kompas.com/read/2026/06/07/01312568/fabio-capello-beberkan-alasan-ronaldo-tinggalkan-real-madrid
70,Kompas,2026-06-07,Cerita Beppe Marotta Menentang Transfer Cristiano Ronaldo ke Juventus,1,https://bola.kompas.com/read/2026/06/07/00292078/cerita-beppe-marotta-menentang-transfer-cristiano-ronaldo-ke-juventus
71,Kompas,2026-06-06,Arsenal Disebut Dekati Bek Muda PSG Emmanuel Mbemba,0,https://bola.kompas.com/read/2026/06/06/23321958/arsenal-disebut-dekati-bek-muda-psg-emmanuel-mbemba
72,Kompas,2026-06-06,Rekap Hasil Semifinal Polytron Indonesia Open: Sejarah Jojo dan Ray/Jo,0,https://www.kompas.com/badminton/read/2026/06/06/23212378/rekap-hasil-semifinal-polytron-indonesia-open-sejarah-jojo-dan-ray-jo
73,Kompas,2026-06-06,"Tugas Berat AC Milan, Yakinkan Mike Maignan untuk Bertahan",0,https://bola.kompas.com/read/2026/06/06/22585718/tugas-berat-ac-milan-yakinkan-mike-maignan-untuk-bertahan
74,Kompas,2026-06-06,Piala Dunia 2026: Thomas Tuchel Khawatir Kondisi Stadion Raymond James,0,https://bola.kompas.com/read/2026/06/06/22555268/piala-dunia-2026-thomas-tuchel-khawatir-kondisi-stadion-raymond-james
75,Kompas,2026-06-06,Hasil Polytron Indonesia Open 2026: Raymond/Joaquin Lolos ke Final,0,https://www.kompas.com/badminton/read/2026/06/06/22450858/hasil-polytron-indonesia-open-2026-raymond-joaquin-lolos-ke-final
76,Kompas,2026-06-06,Piala Dunia 2026: Lewis Hamilton Pilih Dukung Brasil daripada Inggris,0,https://bola.kompas.com/read/2026/06/06/22302788/piala-dunia-2026-lewis-hamilton-pilih-dukung-brasil-daripada-inggris
77,Kompas,2026-06-06,Federico Chiesa Ungkap Kebenaran di Balik Kepergiannya dari Juventus,1,https://bola.kompas.com/read/2026/06/06/22091488/federico-chiesa-ungkap-kebenaran-di-balik-kepergiannya-dari-juventus
78,Kompas,2026-06-06,"Perluas Basis Timnas Putri, PSSI Pantau Talenta Muda di Hydroplus Soccer League",0,https://bola.kompas.com/read/2026/06/06/21510828/perluas-basis-timnas-putri-pssi-pantau-talenta-muda-di-hydroplus-soccer-league
79,Kompas,2026-06-06,"Man United Tertarik Gaet Sandro Tonali, Newcastle Patok Harga Rp 2,3 Triliun",0,https://bola.kompas.com/read/2026/06/06/21300408/man-united-tertarik-gaet-sandro-tonali-newcastle-patok-harga-rp-23-triliun
80,Kompas,2026-06-06,"Munas IESPA 2026 Perkuat Sinergi, Dorong Ekosistem Esports Profesional",0,https://www.kompas.com/sports/read/2026/06/06/21182778/munas-iespa-2026-perkuat-sinergi-dorong-ekosistem-esports-profesional
81,Kompas,2026-06-06,Kompetisi Format Liga Tempa Mental Juara Talenta Sepak Bola Putri,0,https://bola.kompas.com/read/2026/06/06/21103288/kompetisi-format-liga-tempa-mental-juara-talenta-sepak-bola-putri
82,Kompas,2026-06-06,"Polytron Indonesia Open 2026: Waspadai Victor Lai, Jonatan Christie Bidik Gelar Juara",0,https://www.kompas.com/badminton/read/2026/06/06/20380278/polytron-indonesia-open-2026-waspadai-victor-lai-jonatan-christie-bidik
83,Kompas,2026-06-06,"Timnas Indonesia Bisa Segera Tembus 100 Besar FIFA, Asal Penuhi Hal-Hal Ini",1,https://bola.kompas.com/read/2026/06/06/20364428/timnas-indonesia-bisa-segera-tembus-100-besar-fifa-asal-penuhi-hal-hal-ini
84,Kompas,2026-06-06,"Hasil Sprint Race MotoGP Hongaria 2026, Marc Marquez Menang, Tampil Dominan",0,https://www.kompas.com/motogp/read/2026/06/06/20283928/hasil-sprint-race-motogp-hongaria-2026-marc-marquez-menang-tampil-dominan
85,Kompas,2026-06-06,"Timnas Racikan John Herdman Tunjukkan Progres, tapi Dianggap Belum Teruji Sepenuhnya",0,https://bola.kompas.com/read/2026/06/06/20232038/timnas-racikan-john-herdman-tunjukkan-progres-tapi-dianggap-belum-teruji
86,Kompas,2026-06-06,"Foden dan Palmer Absen, John Terry Ragukan Inggris di Piala Dunia 2026",0,https://bola.kompas.com/read/2026/06/06/20203368/foden-dan-palmer-absen-john-terry-ragukan-inggris-di-piala-dunia-2026
87,Kompas,2026-06-06,Timnas Voli Putri Indonesia Sukses Bekuk Iran 3-1 di Laga Perdana AVC Cup 2026,0,https://www.kompas.com/sports/read/2026/06/06/20110098/timnas-voli-putri-indonesia-sukses-bekuk-iran-3-1-di-laga-perdana-avc-cup
88,Kompas,2026-06-06,Pengamat Nilai Kenaikan Ranking Timnas Indonesia Cermin Peningkatan Kualitas Tim,0,https://bola.kompas.com/read/2026/06/06/20050398/pengamat-nilai-kenaikan-ranking-timnas-indonesia-cermin-peningkatan-kualitas-tim
89,Kompas,2026-06-06,"Barcelona Bidik Josko Gvardiol, Man City Berharap Sang Pemain Teken Kontrak Baru",0,https://bola.kompas.com/read/2026/06/06/19484228/barcelona-bidik-josko-gvardiol-man-city-berharap-sang-pemain-teken-kontrak-baru
90,Kompas,2026-06-06,Semesta Mendukung Jonatan Christie Kejar Juara Polytron Indonesia Open,0,https://www.kompas.com/badminton/read/2026/06/06/19462978/semesta-mendukung-jonatan-christie-kejar-juara-polytron-indonesia-open
91,Kompas,2026-06-06,Bocoran dari Federico Chiesa Panaskan Rumor Curtis Jones ke Inter,1,https://bola.kompas.com/read/2026/06/06/19435518/bocoran-dari-federico-chiesa-panaskan-rumor-curtis-jones-ke-inter
92,Kompas,2026-06-06,"Cerita Mathew Baker Pilih Nomor 4, Pernah Dipakai Jay Idzes dan Jordi Amat",1,https://bola.kompas.com/read/2026/06/06/19330348/cerita-mathew-baker-pilih-nomor-4-pernah-dipakai-jay-idzes-dan-jordi-amat
93,Kompas,2026-06-06,"Rafael Leao Sentil Taktik Allegri di AC Milan, Ingin ke Liga Inggris",0,https://bola.kompas.com/read/2026/06/06/19115078/rafael-leao-sentil-taktik-allegri-di-ac-milan-ingin-ke-liga-inggris
94,Kompas,2026-06-06,Rizky Ridho Raih 50 Caps Bersama Timnas Indonesia Saat Taklukkan Oman,0,https://bola.kompas.com/read/2026/06/06/19024318/rizky-ridho-raih-50-caps-bersama-timnas-indonesia-saat-taklukkan-oman
95,Kompas,2026-06-06,"The Nationals Campus League 2026 Basketball, Perebutan Tiket Asia",0,https://www.kompas.com/sports/read/2026/06/06/18594118/the-nationals-campus-league-2026-basketball-perebutan-tiket-asia
96,Kompas,2026-06-06,Mantan Pemain Timnas Indonesia Irfan Bachdim Jagokan Jepang di Piala Dunia 2026,0,https://bola.kompas.com/read/2026/06/06/18294648/mantan-pemain-timnas-indonesia-irfan-bachdim-jagokan-jepang-di-piala-dunia-2026
97,Kompas,2026-06-06,Hasil Polytron Indonesia Open: Jonatan Christie Melenggang ke Final,0,https://www.kompas.com/badminton/read/2026/06/06/18015158/hasil-polytron-indonesia-open-jonatan-christie-melenggang-ke-final
98,Kompas,2026-06-06,Emil Audero Puji Elkan Baggott Gantikan Peran Jay Idzes di Lini Belakang,0,https://bola.kompas.com/read/2026/06/06/17380198/emil-audero-puji-elkan-baggott-gantikan-peran-jay-idzes-di-lini-belakang
99,Kompas,2026-06-06,Ketika Istora Senayan Disulap Jadi Festival Bulu Tangkis Ramah Anak,0,https://www.kompas.com/badminton/read/2026/06/06/17364408/ketika-istora-senayan-disulap-jadi-festival-bulu-tangkis-ramah-anak
100,Kompas,2026-06-06,"Tradisi Lama Hilang di Piala Dunia 2026, FIFA Pilih Konsep Baru Sebelum Kick Off",1,https://bola.kompas.com/read/2026/06/06/17332868/tradisi-lama-hilang-di-piala-dunia-2026-fifa-pilih-konsep-baru-sebelum-kick-off
101,Kompas,2026-06-06,Pengamat Lihat Komitmen Penuh Mathew Baker untuk Timnas Indonesia,0,https://bola.kompas.com/read/2026/06/06/16073598/pengamat-lihat-komitmen-penuh-mathew-baker-untuk-timnas-indonesia
102,Kompas,2026-06-06,Chelsea Didorong Bajak Julian Alvarez dari Incaran Arsenal,0,https://bola.kompas.com/read/2026/06/06/15454608/chelsea-didorong-bajak-julian-alvarez-dari-incaran-arsenal
103,Kompas,2026-06-06,"Timnas Indonesia Hajar Oman, Buah Fleksibilitas Taktik John Herdman",0,https://bola.kompas.com/read/2026/06/06/15450388/timnas-indonesia-hajar-oman-buah-fleksibilitas-taktik-john-herdman
104,Kompas,2026-06-06,Alasan Como Main Tandang di Tiga Pekan Awal Serie A 2026-2027,1,https://bola.kompas.com/read/2026/06/06/15333978/alasan-como-main-tandang-di-tiga-pekan-awal-serie-a-2026-2027
105,Kompas,2026-06-06,Mathew Baker Akui Banyak Dibantu Kevin Diks di Timnas Senior Indonesia,0,https://bola.kompas.com/read/2026/06/06/15171318/mathew-baker-akui-banyak-dibantu-kevin-diks-di-timnas-senior-indonesia
106,Kompas,2026-06-06,"Pasang Banderol Tinggi, Como Tak Mau Baturina Diambil Bayern Muenchen",1,https://bola.kompas.com/read/2026/06/06/15122948/pasang-banderol-tinggi-como-tak-mau-baturina-diambil-bayern-muenchen
107,Kompas,2026-06-06,John Herdman Ungkap Alasan Hubner dan Beckham Tak Main Penuh Vs Oman,1,https://bola.kompas.com/read/2026/06/06/15041878/john-herdman-ungkap-alasan-hubner-dan-beckham-tak-main-penuh-vs-oman
108,Kompas,2026-06-06,"Sassuolo dan Fabio Grosso Resmi Berpisah, Siapa Kandidat Pelatih Jay Idzes Cs?",1,https://bola.kompas.com/read/2026/06/06/14541898/sassuolo-dan-fabio-grosso-resmi-berpisah-siapa-kandidat-pelatih-jay-idzes-cs
109,Kompas,2026-06-06,"Alasan Justin Hubner Cuma Main 1 Babak, Meski Cetak Gol Timnas Indonesia",1,https://bola.kompas.com/read/2026/06/06/14011538/alasan-justin-hubner-cuma-main-1-babak-meski-cetak-gol-timnas-indonesia
110,Kompas,2026-06-06,"Jadwal Timnas U19 Indonesia Vs Vietnam, Asa Maksimal Nova Arianto",0,https://bola.kompas.com/read/2026/06/06/13510598/jadwal-timnas-u19-indonesia-vs-vietnam-asa-maksimal-nova-arianto
111,Kompas,2026-06-06,Pelatih Timor Leste Tetap Puji Pemainnya Usai Kalah 0-3 dari Indonesia: Mereka Sudah Bekerja Keras,0,https://bola.kompas.com/read/2026/06/06/13373828/pelatih-timor-leste-tetap-puji-pemainnya-usai-kalah-0-3-dari-indonesia-mereka
112,Kompas,2026-06-06,Mathew Baker: Momen Debut di Timnas Indonesia Akan Jadi Kenangan Abadi,0,https://bola.kompas.com/read/2026/06/06/13343218/mathew-baker-momen-debut-di-timnas-indonesia-akan-jadi-kenangan-abadi
113,Kompas,2026-06-06,"Jadi Bahan Kampanye Calon Presiden Real Madrid, Agen Klopp: Ini Menjengkelkan!",0,https://bola.kompas.com/read/2026/06/06/13313258/jadi-bahan-kampanye-calon-presiden-real-madrid-agen-klopp-ini-menjengkelkan
114,Kompas,2026-06-06,"Bersinar di Polytron Indonesia Open 2026, Raymond/Joaquin Top 10 Dunia",0,https://www.kompas.com/badminton/read/2026/06/06/13240598/bersinar-di-polytron-indonesia-open-2026-raymond-joaquin-top-10-dunia
115,Kompas,2026-06-06,"Debut Bersejarah Mathew Baker, Bukti Komitmen untuk Timnas Indonesia",0,https://bola.kompas.com/read/2026/06/06/12240308/debut-bersejarah-mathew-baker-bukti-komitmen-untuk-timnas-indonesia
116,Kompas,2026-06-06,"Kabar Buruk Jelang Piala Dunia 2026, Lennart Karl Absen Bela Jerman",0,https://bola.kompas.com/read/2026/06/06/12143068/kabar-buruk-jelang-piala-dunia-2026-lennart-karl-absen-bela-jerman
117,Kompas,2026-06-06,"Cedera Hantam Argentina Jelang Piala Dunia 2026, Kondisi Messi Ikut Disorot",0,https://bola.kompas.com/read/2026/06/06/11594508/cedera-hantam-argentina-jelang-piala-dunia-2026-kondisi-messi-ikut-disorot
118,Kompas,2026-06-06,Air Mata Pendamping Nathan Tjoe-A-On dan Perjalanan Impian dari Manado ke SUGBK,0,https://bola.kompas.com/read/2026/06/06/11543168/air-mata-pendamping-nathan-tjoe-a-on-dan-perjalanan-impian-dari-manado-ke-sugbk
119,Kompas,2026-06-06,"Ibrahimovic ke Amerika Serikat, Pochettino Merapat ke AC Milan",0,https://bola.kompas.com/read/2026/06/06/11455458/ibrahimovic-ke-amerika-serikat-pochettino-merapat-ke-ac-milan
120,Kompas,2026-06-06,"Piala Dunia 2026 Tinggal 5 Hari Lagi, Ancelotti: Neymar Segera Pulih",0,https://bola.kompas.com/read/2026/06/06/11370998/piala-dunia-2026-tinggal-5-hari-lagi-ancelotti-neymar-segera-pulih
121,Kompas,2026-06-06,Kiper Timnas Emil Audero Ungkap Momen Kunci Gagalkan Penalti Oman,1,https://bola.kompas.com/read/2026/06/06/11180918/kiper-timnas-emil-audero-ungkap-momen-kunci-gagalkan-penalti-oman
122,Kompas,2026-06-06,Timnas Oman Dirujak Pendukungnya Usai Kalah 0-3 Lawan Timnas Indonesia,0,https://bola.kompas.com/read/2026/06/06/10400038/timnas-oman-dirujak-pendukungnya-usai-kalah-0-3-lawan-timnas-indonesia
123,Kompas,2026-06-06,Bung Weshley Soroti 3 Hal dari Timnas Indonesia Lawan Oman,0,https://bola.kompas.com/read/2026/06/06/09441968/bung-weshley-soroti-3-hal-dari-timnas-indonesia-lawan-oman
124,Kompas,2026-06-06,"Hasil Drawing ASEAN Club Championship, Persib Bersua Lawan Familiar",0,https://bola.kompas.com/read/2026/06/06/09301368/hasil-drawing-asean-club-championship-persib-bersua-lawan-familiar
125,Kompas,2026-06-06,Emil Audero Berbagi Kredit dengan Elkan Baggott di Momen Penalti Oman,0,https://bola.kompas.com/read/2026/06/06/09201748/emil-audero-berbagi-kredit-dengan-elkan-baggott-di-momen-penalti-oman
126,Kompas,2026-06-06,Bayern Muenchen Tertarik Bajak Rio Ngumoha dari Liverpool,0,https://bola.kompas.com/read/2026/06/06/09191778/bayern-muenchen-tertarik-bajak-rio-ngumoha-dari-liverpool
127,Kompas,2026-06-06,"Link Live Streaming Semifinal Polytron Indonesia Open 2026, Perang Saudara di Ganda Putra",0,https://www.kompas.com/badminton/read/2026/06/06/09031878/link-live-streaming-semifinal-polytron-indonesia-open-2026-perang
128,Kompas,2026-06-06,"Dua Kemenangan Beruntun, Pengamat Sebut Garuda Muda Makin Menjanjikan",0,https://bola.kompas.com/read/2026/06/06/08471098/dua-kemenangan-beruntun-pengamat-sebut-garuda-muda-makin-menjanjikan
129,Kompas,2026-06-06,Piala Dunia 2026 dalam Ancaman Badai Petir dan Kilat,0,https://bola.kompas.com/read/2026/06/06/08440218/piala-dunia-2026-dalam-ancaman-badai-petir-dan-kilat
130,Kompas,2026-06-06,"Persib Jumpa JDT di ASEAN Club Championship, Ini Kata Bos PBB",1,https://bola.kompas.com/read/2026/06/06/08425068/persib-jumpa-jdt-di-asean-club-championship-ini-kata-bos-pbb
131,Kompas,2026-06-06,"Jelang Piala Dunia 2026, Timnas Jerman Gigit Jari Usai Penerus Oezil Cedera",0,https://bola.kompas.com/read/2026/06/06/08174968/jelang-piala-dunia-2026-timnas-jerman-gigit-jari-usai-penerus-oezil-cedera
132,Kompas,2026-06-06,"Resmi Latih Liverpool, Andoni Iraola Bidik Mantan Anak Didiknya di Bournemouth",0,https://bola.kompas.com/read/2026/06/06/07511298/resmi-latih-liverpool-andoni-iraola-bidik-mantan-anak-didiknya-di-bournemouth
133,Kompas,2026-06-06,"Perdebatan Messi Vs Ronaldo, Mbappe: Mereka Sama Sekali Tidak Mirip",0,https://bola.kompas.com/read/2026/06/06/07265398/perdebatan-messi-vs-ronaldo-mbappe-mereka-sama-sekali-tidak-mirip
134,Kompas,2026-06-06,Reaksi Melbourne City Usai Mathew Baker Debut di Timnas Indonesia,1,https://bola.kompas.com/read/2026/06/06/06553068/reaksi-melbourne-city-usai-mathew-baker-debut-di-timnas-indonesia
135,Kompas,2026-06-06,"Pelatih Oman Bedah Permainan Timnas Indonesia, Ungkap Biang Kekalahan",1,https://bola.kompas.com/read/2026/06/06/06172928/pelatih-oman-bedah-permainan-timnas-indonesia-ungkap-biang-kekalahan
136,Kompas,2026-06-06,Media Vietnam Terkejut Timnas Indonesia Hancurkan 'Tim Kuat' Asia Barat,0,https://bola.kompas.com/read/2026/06/06/05511038/media-vietnam-terkejut-timnas-indonesia-hancurkan-tim-kuat-asia-barat
137,Kompas,2026-06-06,"Di Tengah Ketegangan dengan AS, Pemain Iran Akhirnya Dapat Visa Piala Dunia 2026",0,https://bola.kompas.com/read/2026/06/06/05332128/di-tengah-ketegangan-dengan-as-pemain-iran-akhirnya-dapat-visa-piala-dunia-2026
138,Kompas,2026-06-06,Media Oman Soroti Debut Memalukan Tarik Sektioui Usai Dikalahkan Timnas Indonesia 0-3,0,https://bola.kompas.com/read/2026/06/06/05024618/media-oman-soroti-debut-memalukan-tarik-sektioui-usai-dikalahkan-timnas
139,Kompas,2026-06-06,John Herdman Isyaratkan Mathew Baker Main Lagi Lawan Mozambik,0,https://bola.kompas.com/read/2026/06/06/04231218/john-herdman-isyaratkan-mathew-baker-main-lagi-lawan-mozambik
140,Kompas,2026-06-06,Update Ranking FIFA: Timnas Indonesia Tembus 118 Dunia Usai Gilas Oman 3-0,0,https://bola.kompas.com/read/2026/06/06/04015848/update-ranking-fifa-timnas-indonesia-tembus-118-dunia-usai-gilas-oman-3-0
141,Kompas,2026-06-06,Komentar Erick Thohir Usai Timnas Indonesia Hajar Oman 3-0,1,https://bola.kompas.com/read/2026/06/06/03371638/komentar-erick-thohir-usai-timnas-indonesia-hajar-oman-3-0
142,Kompas,2026-06-06,Audero Ungkap Kunci Tahan Penalti di Laga Timnas Indonesia Vs Oman,1,https://bola.kompas.com/read/2026/06/06/00583198/audero-ungkap-kunci-tahan-penalti-di-laga-timnas-indonesia-vs-oman
143,Kompas,2026-06-06,Komentar John Herdman soal Debut Mathew Baker di Indonesia Vs Oman,1,https://bola.kompas.com/read/2026/06/06/00491168/komentar-john-herdman-soal-debut-mathew-baker-di-indonesia-vs-oman
144,Kompas,2026-06-06,Kata-kata Emosional Mathew Baker Usai Pecahkan Rekor Timnas Indonesia,1,https://bola.kompas.com/read/2026/06/06/00244118/kata-kata-emosional-mathew-baker-usai-pecahkan-rekor-timnas-indonesia
145,Kompas,2026-06-06,"Proyek Galacticos Berlanjut, Real Madrid Incar Pemain Setara Ronaldo",0,https://bola.kompas.com/read/2026/06/06/00064298/proyek-galacticos-berlanjut-real-madrid-incar-pemain-setara-ronaldo
146,Kompas,2026-06-06,"Jadwal Semifinal Polytron Indonesia Open 2026, Sabar/Reza Vs Ray/Jo",0,https://www.kompas.com/badminton/read/2026/06/06/00033788/jadwal-semifinal-polytron-indonesia-open-2026-sabar-reza-vs-ray-jo
147,Kompas,2026-06-06,Herdman Bawa Indonesia Putus Rekor Buruk Kontra Oman: Suporter Menakjubkan,0,https://bola.kompas.com/read/2026/06/06/00015278/herdman-bawa-indonesia-putus-rekor-buruk-kontra-oman-suporter-menakjubkan
148,Kompas,2026-06-05,"Timnas Indonesia Tak Kebobolan Lawan Oman, Tetap Solid Tanpa Jay Idzes",0,https://bola.kompas.com/read/2026/06/05/23495718/timnas-indonesia-tak-kebobolan-lawan-oman-tetap-solid-tanpa-jay-idzes
149,Kompas,2026-06-05,LALIGA Pecah Rekor Kehadiran Penonton Sepanjang Masa di Stadion,0,https://bola.kompas.com/read/2026/06/05/23165648/laliga-pecah-rekor-kehadiran-penonton-sepanjang-masa-di-stadion
150,Kompas,2026-06-05,Audero Pemain Terbaik Indonesia Vs Oman: Kami Punya 280 Juta Alasan...,1,https://bola.kompas.com/read/2026/06/05/22583878/audero-pemain-terbaik-indonesia-vs-oman-kami-punya-280-juta-alasan
151,Kompas,2026-06-05,Kata John Herdman Usai Indonesia Vs Oman 3-0: Angkat Topi untuk Audero,0,https://bola.kompas.com/read/2026/06/05/22284738/kata-john-herdman-usai-indonesia-vs-oman-3-0-angkat-topi-untuk-audero
152,Kompas,2026-06-05,"Lampaui Arkhan Kaka, Mathew Baker Jadi Debutan Termuda Timnas Indonesia",0,https://bola.kompas.com/read/2026/06/05/22084388/lampaui-arkhan-kaka-mathew-baker-jadi-debutan-termuda-timnas-indonesia
153,Kompas,2026-06-05,Hasil Timnas Indonesia Vs Oman 3-0: Garuda Berjaya di GBK!,0,https://bola.kompas.com/read/2026/06/05/22040268/hasil-timnas-indonesia-vs-oman-3-0-garuda-berjaya-di-gbk
154,Kompas,2026-06-05,"Persib Main di 4 Ajang, Achmad Jufriyanto Sebut 2 Kompetisi Prioritas",0,https://bola.kompas.com/read/2026/06/05/21540038/persib-main-di-4-ajang-achmad-jufriyanto-sebut-2-kompetisi-prioritas
155,Kompas,2026-06-05,"Live Hasil Timnas Indonesia Vs Oman 3-0, Debut Mathew Baker di Skuad Senior",0,https://bola.kompas.com/read/2026/06/05/21515208/live-hasil-timnas-indonesia-vs-oman-3-0-debut-mathew-baker-di-skuad-senior
156,Kompas,2026-06-05,Legenda Liverpool Sadari Bahaya Penunjukan Andoni Iraola,0,https://bola.kompas.com/read/2026/06/05/21460028/legenda-liverpool-sadari-bahaya-penunjukan-andoni-iraola
157,Kompas,2026-06-05,"Live Skor Timnas Indonesia Vs Oman 3-0, Ragnar Oratmangoen Bawa Garuda Menjauh",0,https://bola.kompas.com/read/2026/06/05/21264918/live-skor-timnas-indonesia-vs-oman-3-0-ragnar-oratmangoen-bawa-garuda-menjauh
158,Kompas,2026-06-05,"Rekap Hasil Polytron Indonesia Open: Jojo Ketat, Raymond/Joaquin Dramatis",0,https://www.kompas.com/badminton/read/2026/06/05/21230338/rekap-hasil-polytron-indonesia-open-jojo-ketat-raymond-joaquin-dramatis
159,Kompas,2026-06-05,"Akuatik Jakarta Dorong Pembinaan, Olimpiade 2028 Jadi Tujuan",0,https://www.kompas.com/sports/read/2026/06/05/21211918/akuatik-jakarta-dorong-pembinaan-olimpiade-2028-jadi-tujuan
160,Kompas,2026-06-05,Hasil Timnas Indonesia Vs Oman 2-0: Garuda Perkasa di Babak I,0,https://bola.kompas.com/read/2026/06/05/20563878/hasil-timnas-indonesia-vs-oman-2-0-garuda-perkasa-di-babak-i
161,Kompas,2026-06-05,Hasil Polytron Indonesia Open 2026: Jonatan Christie Masuk Semifinal,0,https://www.kompas.com/badminton/read/2026/06/05/20542728/hasil-polytron-indonesia-open-2026-jonatan-christie-masuk-semifinal
162,Kompas,2026-06-05,"Live Hasil Timnas Indonesia Vs Oman 2-0, Audero Gagalkan Penalti Lawan",0,https://bola.kompas.com/read/2026/06/05/20461818/live-hasil-timnas-indonesia-vs-oman-2-0-audero-gagalkan-penalti-lawan
163,Kompas,2026-06-05,Keseruan Adu Analisis dan Prediksi Piala Dunia 2026,0,https://bola.kompas.com/read/2026/06/05/20345328/keseruan-adu-analisis-dan-prediksi-piala-dunia-2026
164,Kompas,2026-06-05,"Live Skor Timnas Indonesia Vs Oman 2-0, Ole Romeny Gandakan Keunggulan Garuda",0,https://bola.kompas.com/read/2026/06/05/20343548/live-skor-timnas-indonesia-vs-oman-2-0-ole-romeny-gandakan-keunggulan-garuda
165,Kompas,2026-06-05,"Live Hasil Timnas Indonesia Vs Oman 1-0, Justin Hubner Bawa Garuda Unggul",0,https://bola.kompas.com/read/2026/06/05/20192798/live-hasil-timnas-indonesia-vs-oman-1-0-justin-hubner-bawa-garuda-unggul
166,Kompas,2026-06-05,"Buku ""Sepak Bola Kita Semua"": Menyelami Sepak Bola yang Sebenarnya",0,https://www.kompas.com/sports/read/2026/06/05/19344968/buku-sepak-bola-kita-semua-menyelami-sepak-bola-yang-sebenarnya
167,Kompas,2026-06-05,Line Up Timnas Indonesia Vs Oman: Trio Ridho-Baggott-Hubner Starter,0,https://bola.kompas.com/read/2026/06/05/19281078/line-up-timnas-indonesia-vs-oman-trio-ridho-baggott-hubner-starter
168,Kompas,2026-06-05,"Menang Dramatis, Janice Tjen Amankan Tiket Final WTA 125",0,https://www.kompas.com/sports/read/2026/06/05/19120488/menang-dramatis-janice-tjen-amankan-tiket-final-wta-125
169,Kompas,2026-06-05,"Piala Dunia 2026: Messi, Ronaldo, dan Ochoa Bakal Kenakan Lencana Penghormatan Khusus",0,https://bola.kompas.com/read/2026/06/05/18591208/piala-dunia-2026-messi-ronaldo-dan-ochoa-bakal-kenakan-lencana-penghormatan
170,Kompas,2026-06-05,"Polytron Indonesia Open, Petuah Kevin Sanjaya untuk Raymond/Joaquin",0,https://www.kompas.com/badminton/read/2026/06/05/18502438/polytron-indonesia-open-petuah-kevin-sanjaya-untuk-raymond-joaquin
171,Kompas,2026-06-05,Link Live Streaming Timnas Indonesia Vs Oman di FIFA Matchday,0,https://bola.kompas.com/read/2026/06/05/18300028/link-live-streaming-timnas-indonesia-vs-oman-di-fifa-matchday
172,Kompas,2026-06-05,"Joao Cancelo Prioritas Utama, Barcelona Bantah Incar Pemain Juventus",0,https://bola.kompas.com/read/2026/06/05/18031688/joao-cancelo-prioritas-utama-barcelona-bantah-incar-pemain-juventus
173,Kompas,2026-06-05,"Ajax Dikabarkan Ingin Ganti Maarten Paes dengan Kiper Barcelona, tapi...",1,https://bola.kompas.com/read/2026/06/05/16503188/ajax-dikabarkan-ingin-ganti-maarten-paes-dengan-kiper-barcelona-tapi
174,Kompas,2026-06-05,Florentino Perez Konfirmasi Kedatangan Dumfries dan Konate Jika Terpilih Kembali,0,https://bola.kompas.com/read/2026/06/05/16450098/florentino-perez-konfirmasi-kedatangan-dumfries-dan-konate-jika-terpilih-kembali
175,Kompas,2026-06-05,Heskey Jagokan Man City Juara Liga Inggris meski Guardiola Hengkang,0,https://bola.kompas.com/read/2026/06/05/16413768/heskey-jagokan-man-city-juara-liga-inggris-meski-guardiola-hengkang
176,Kompas,2026-06-05,Hasil Polytron Indonesia Open: Sabar/Reza Balas Kekalahan Fajar/Fikri,0,https://www.kompas.com/badminton/read/2026/06/05/16380458/hasil-polytron-indonesia-open-sabar-reza-balas-kekalahan-fajar-fikri
177,Kompas,2026-06-05,Bos Persib Ungkap Target di ASEAN Club Championship 2026-2027,1,https://bola.kompas.com/read/2026/06/05/16343428/bos-persib-ungkap-target-di-asean-club-championship-2026-2027
178,Kompas,2026-06-05,"Timnas Indonesia Vs Oman, Misi Garuda Ambil Langkah Besar di Asia",0,https://bola.kompas.com/read/2026/06/05/16173678/timnas-indonesia-vs-oman-misi-garuda-ambil-langkah-besar-di-asia
179,Kompas,2026-06-05,Kata Deputy CEO soal Persib Tergabung di Grup Neraka ACC 2026-2027,1,https://bola.kompas.com/read/2026/06/05/15542548/kata-deputy-ceo-soal-persib-tergabung-di-grup-neraka-acc-2026-2027
180,Kompas,2026-06-05,Respons Rivaldo Pakpahan Usai Borneo FC Segrup dengan Juara Bertahan ACC,1,https://bola.kompas.com/read/2026/06/05/15385078/respons-rivaldo-pakpahan-usai-borneo-fc-segrup-dengan-juara-bertahan-acc
181,Kompas,2026-06-05,"Jelang Lawan Oman, Justin Hubner Sebut Kualitas Timnas Indonesia Makin Meningkat",0,https://bola.kompas.com/read/2026/06/05/15183528/jelang-lawan-oman-justin-hubner-sebut-kualitas-timnas-indonesia-makin-meningkat
182,Kompas,2026-06-05,"Jepang Siap Guncang Piala Dunia 2026, Luka di Qatar Jadi Bahan Bakar Samurai Biru",0,https://bola.kompas.com/read/2026/06/05/15130808/jepang-siap-guncang-piala-dunia-2026-luka-di-qatar-jadi-bahan-bakar-samurai-biru
183,Kompas,2026-06-05,Hasil Polytron Indonesia Open: Raymond/Joaquin Raih Tiket Semifinal,0,https://www.kompas.com/badminton/read/2026/06/05/15060098/hasil-polytron-indonesia-open-raymond-joaquin-raih-tiket-semifinal
184,Kompas,2026-06-05,Persib Jumpa Raksasa Malaysia Usai Drawing Grup ASEAN Club Championship 2026-2027,0,https://bola.kompas.com/read/2026/06/05/14532598/persib-jumpa-raksasa-malaysia-usai-drawing-grup-asean-club-championship-2026
185,Kompas,2026-06-05,Barcelona dan PSG Berharap Piala Dunia Jadi Titik Balik Masa Depan Alvarez,0,https://bola.kompas.com/read/2026/06/05/14432868/barcelona-dan-psg-berharap-piala-dunia-jadi-titik-balik-masa-depan-alvarez
186,Kompas,2026-06-05,"Timnas Argentina Rebut Ranking 1 FIFA, tapi Kini Diminta Waspada Jelang Piala Dunia 2026",1,https://bola.kompas.com/read/2026/06/05/14264918/timnas-argentina-rebut-ranking-1-fifa-tapi-kini-diminta-waspada-jelang-piala
187,Kompas,2026-06-05,Jelang Timnas Indonesia Vs Oman: John Herdman Pasang Target Tulis Ulang Sejarah,0,https://bola.kompas.com/read/2026/06/05/14015918/jelang-timnas-indonesia-vs-oman-john-herdman-pasang-target-tulis-ulang-sejarah
188,Kompas,2026-06-05,"Piala Dunia Belum Dimulai, Jepang Sudah 2 Kali Ganti Lapangan untuk Latihan",0,https://bola.kompas.com/read/2026/06/05/13530978/piala-dunia-belum-dimulai-jepang-sudah-2-kali-ganti-lapangan-untuk-latihan
189,Kompas,2026-06-05,Jadwal Timnas Indonesia Vs Oman Malam Ini: Misi Garuda Akhiri Puasa Kemenangan 38 Tahun,0,https://bola.kompas.com/read/2026/06/05/13205088/jadwal-timnas-indonesia-vs-oman-malam-ini-misi-garuda-akhiri-puasa-kemenangan-38
190,Kompas,2026-06-05,Pengamat Sebut FIFA Matchday Jadi Ujian Kualitas Timnas Indonesia,0,https://bola.kompas.com/read/2026/06/05/12321518/pengamat-sebut-fifa-matchday-jadi-ujian-kualitas-timnas-indonesia
191,Kompas,2026-06-05,"Indonesia Vs Oman, Wejangan Kevin Diks kepada Mathew Baker",1,https://bola.kompas.com/read/2026/06/05/12240668/indonesia-vs-oman-wejangan-kevin-diks-kepada-mathew-baker
192,Kompas,2026-06-05,West Ham Uji Man United untuk Tebus Banderol Mateus Fernandes,0,https://bola.kompas.com/read/2026/06/05/12165778/west-ham-uji-man-united-untuk-tebus-banderol-mateus-fernandes
193,Kompas,2026-06-05,"Rotasi Berbuah Kemenangan, Nova Kantongi Pelajaran dari Timor Leste",1,https://bola.kompas.com/read/2026/06/05/11592858/rotasi-berbuah-kemenangan-nova-kantongi-pelajaran-dari-timor-leste
194,Kompas,2026-06-05,"Hasil Undian ASEAN Club Championship, Persib Hadapi JDT",0,https://bola.kompas.com/read/2026/06/05/11441028/hasil-undian-asean-club-championship-persib-hadapi-jdt
195,Kompas,2026-06-05,"Hasil Timnas U19 vs Timor Leste 3-0, Nova Arianto Minta Pemain Fokus",0,https://bola.kompas.com/read/2026/06/05/11353498/hasil-timnas-u19-vs-timor-leste-3-0-nova-arianto-minta-pemain-fokus
196,Kompas,2026-06-05,"Polytron Indonesia Open 2026, Istora Senayan Kuburan Para Unggulan",0,https://www.kompas.com/badminton/read/2026/06/05/11252838/polytron-indonesia-open-2026-istora-senayan-kuburan-para-unggulan
197,Kompas,2026-06-05,"Hasil Polytron Indonesia Open: Putri KW Kalah, Kena Tikung Chen Yu Fei",0,https://www.kompas.com/badminton/read/2026/06/05/11230818/hasil-polytron-indonesia-open-putri-kw-kalah-kena-tikung-chen-yu-fei
198,Kompas,2026-06-05,"Man United Perpanjang Kontrak Kiper Veteran Lapis 3, Onana Bagaimana?",1,https://bola.kompas.com/read/2026/06/05/11160498/man-united-perpanjang-kontrak-kiper-veteran-lapis-3-onana-bagaimana
199,Kompas,2026-06-05,"Mourinho Dicatut Perez Jelang Pemilihan Presiden Real Madrid, Benfica Angkat Bicara",1,https://bola.kompas.com/read/2026/06/05/10310888/mourinho-dicatut-perez-jelang-pemilihan-presiden-real-madrid-benfica-angkat
200,Kompas,2026-06-05,Jadwal Siaran Langsung Timnas Indonesia Vs Oman di FIFA Matchday,0,https://bola.kompas.com/read/2026/06/05/10032668/jadwal-siaran-langsung-timnas-indonesia-vs-oman-di-fifa-matchday
201,Kompas,2026-06-05,"Florentino Perez Siapkan Transfer Rp 3,1 T, Real Madrid Bidik Galactico Baru",0,https://bola.kompas.com/read/2026/06/05/09443808/florentino-perez-siapkan-transfer-rp-31-t-real-madrid-bidik-galactico-baru
202,Kompas,2026-06-05,"10 Jersey Terbaik Piala Dunia 2026, Perancis Jadi yang Paling Bergaya",0,https://bola.kompas.com/read/2026/06/05/08491818/10-jersey-terbaik-piala-dunia-2026-perancis-jadi-yang-paling-bergaya
203,Kompas,2026-06-05,Jadwal Siaran Langsung Polytron Indonesia Open 2026 Hari Ini,0,https://www.kompas.com/badminton/read/2026/06/05/08211758/jadwal-siaran-langsung-polytron-indonesia-open-2026-hari-ini
204,Kompas,2026-06-05,"AFC Tutup Kasus Naturalisasi Malaysia, Kini Resmi Jadi Urusan FIFA",0,https://bola.kompas.com/read/2026/06/05/07585488/afc-tutup-kasus-naturalisasi-malaysia-kini-resmi-jadi-urusan-fifa
205,Kompas,2026-06-05,"Lampu Padam di Tengah Laga, Nova Arianto Berharap Insiden Tak Terulang",0,https://bola.kompas.com/read/2026/06/05/07405178/lampu-padam-di-tengah-laga-nova-arianto-berharap-insiden-tak-terulang
206,Kompas,2026-06-05,"Jelang Indonesia Vs Oman, Herdman Jawab Kelayakan Ferarri di Timnas",1,https://bola.kompas.com/read/2026/06/05/07341798/jelang-indonesia-vs-oman-herdman-jawab-kelayakan-ferarri-di-timnas
207,Kompas,2026-06-05,Agen Erling Haaland Bantah Kliennya Bakal Pindah ke Real Madrid,0,https://bola.kompas.com/read/2026/06/05/07325568/agen-erling-haaland-bantah-kliennya-bakal-pindah-ke-real-madrid
208,Kompas,2026-06-05,Alasan John Herdman Pulangkan Marc Klok dari TC Timnas Indonesia,1,https://bola.kompas.com/read/2026/06/05/07302468/alasan-john-herdman-pulangkan-marc-klok-dari-tc-timnas-indonesia
209,Kompas,2026-06-05,"Sapu Bersih Gelar, Sandy Walsh Sebut Buriram United Buka Matanya di ASEAN",0,https://bola.kompas.com/read/2026/06/05/07154298/sapu-bersih-gelar-sandy-walsh-sebut-buriram-united-buka-matanya-di-asean
210,Kompas,2026-06-05,"Mengenal Taktik Andoni Iraola, Pelatih Baru Liverpool",0,https://bola.kompas.com/read/2026/06/05/06301478/mengenal-taktik-andoni-iraola-pelatih-baru-liverpool
211,Kompas,2026-06-05,Head to Head Timnas Indonesia Vs Oman Jelang FIFA Matchday Juni 2026,0,https://bola.kompas.com/read/2026/06/05/06211828/head-to-head-timnas-indonesia-vs-oman-jelang-fifa-matchday-juni-2026
212,Kompas,2026-06-05,Timnas Indonesia Vs Oman: Rizky Ridho Disebut Layak Jadi Kapten,0,https://bola.kompas.com/read/2026/06/05/06000258/timnas-indonesia-vs-oman-rizky-ridho-disebut-layak-jadi-kapten
213,Kompas,2026-06-05,"Hasil Perancis Vs Pantai Gading 1-2, Kakak Desire Doue Jadi Momok",0,https://bola.kompas.com/read/2026/06/05/05481408/hasil-perancis-vs-pantai-gading-1-2-kakak-desire-doue-jadi-momok
214,Kompas,2026-06-05,Hasil Spanyol Vs Irak 1-1: Frans Putros Main Saat Tahan Imbang La Roja,0,https://bola.kompas.com/read/2026/06/05/05444678/hasil-spanyol-vs-irak-1-1-frans-putros-main-saat-tahan-imbang-la-roja
215,Kompas,2026-06-05,"Andoni Iraola Resmi Jadi Pelatih Liverpool, Datang dengan Modal 18 Laga Tak Terkalahkan",0,https://bola.kompas.com/read/2026/06/05/05334848/andoni-iraola-resmi-jadi-pelatih-liverpool-datang-dengan-modal-18-laga-tak
216,Kompas,2026-06-05,"Indonesia Vs Oman, Kata Kevin Diks Soal Absennya Jay Idzes",1,https://bola.kompas.com/read/2026/06/05/05250538/indonesia-vs-oman-kata-kevin-diks-soal-absennya-jay-idzes
217,Kompas,2026-06-05,"Jadwal Polytron Indonesia Open: 7 Wakil Tuan Rumah, Ganda Putri Menonjol",0,https://www.kompas.com/badminton/read/2026/06/05/05203568/jadwal-polytron-indonesia-open-7-wakil-tuan-rumah-ganda-putri-menonjol
218,Kompas,2026-06-04,Klasemen Grup A Piala AFF U19 2026 Usai Indonesia Vs Timor Leste 3-0,0,https://bola.kompas.com/read/2026/06/04/22104508/klasemen-grup-a-piala-aff-u19-2026-usai-indonesia-vs-timor-leste-3-0
219,Kompas,2026-06-04,"Hasil Timor Leste vs Timnas U19 Indonesia 0-3, Garuda Muda Berpesta",0,https://bola.kompas.com/read/2026/06/04/22015498/hasil-timor-leste-vs-timnas-u19-indonesia-0-3-garuda-muda-berpesta
220,Kompas,2026-06-04,"Indonesia Vs Oman: Calvin Verdonk Siap Tampil, Marselino Diragukan",0,https://bola.kompas.com/read/2026/06/04/21563958/indonesia-vs-oman-calvin-verdonk-siap-tampil-marselino-diragukan
221,Kompas,2026-06-04,Rekap Hasil Polytron Indonesia Open 2026: 7 Wakil Tuan Rumah Berjaya,0,https://www.kompas.com/badminton/read/2026/06/04/21412668/rekap-hasil-polytron-indonesia-open-2026-7-wakil-tuan-rumah-berjaya
222,Kompas,2026-06-04,"Antonio Conte Resmi Tinggalkan Napoli, Pergi dengan Penyesalan",0,https://bola.kompas.com/read/2026/06/04/21080468/antonio-conte-resmi-tinggalkan-napoli-pergi-dengan-penyesalan
223,Kompas,2026-06-04,"Hasil HT Timor Leste Vs Timnas U19 Indonesia 0-1, Diwarnai Lampu Padam",0,https://bola.kompas.com/read/2026/06/04/20560678/hasil-ht-timor-leste-vs-timnas-u19-indonesia-0-1-diwarnai-lampu-padam
224,Kompas,2026-06-04,Hasil Polytron Indonesia Open: Jojo Menangi Duel Merah-Putih Lawan Alwi,0,https://www.kompas.com/badminton/read/2026/06/04/20414088/hasil-polytron-indonesia-open-jojo-menangi-duel-merah-putih-lawan-alwi
225,Kompas,2026-06-04,"Perkara Rumput GBLA, Persib Terancam Pindah Kandang",0,https://bola.kompas.com/read/2026/06/04/20361838/perkara-rumput-gbla-persib-terancam-pindah-kandang
226,Kompas,2026-06-04,"Indonesia Vs Oman, Tekad Garuda Petik Kemenangan Setelah 38 Tahun",0,https://bola.kompas.com/read/2026/06/04/20081628/indonesia-vs-oman-tekad-garuda-petik-kemenangan-setelah-38-tahun
227,Kompas,2026-06-04,Nagatomo Ungkap Pelajaran Penting Jepang Jelang Piala Dunia 2026,1,https://bola.kompas.com/read/2026/06/04/18391568/nagatomo-ungkap-pelajaran-penting-jepang-jelang-piala-dunia-2026
228,Kompas,2026-06-04,Hasil Polytron Indonesia Open: Raymond/Joaquin Sat-Set Pulangkan Chia/Soh,0,https://www.kompas.com/badminton/read/2026/06/04/18303718/hasil-polytron-indonesia-open-raymond-joaquin-sat-set-pulangkan-chia
229,Kompas,2026-06-04,"Persija Lepas 7 Pemain, Emaxwell hingga Carlos Eduardo Resmi Berpisah",0,https://bola.kompas.com/read/2026/06/04/18094448/persija-lepas-7-pemain-emaxwell-hingga-carlos-eduardo-resmi-berpisah
230,Kompas,2026-06-04,Live Streaming Timnas U19 Indonesia Vs Timor Leste di Piala AFF U19 2026,0,https://bola.kompas.com/read/2026/06/04/18000078/live-streaming-timnas-u19-indonesia-vs-timor-leste-di-piala-aff-u19-2026
231,Kompas,2026-06-04,"Hasil Polytron Indonesia Open 2026: Ketat, Sabar/Reza Menang Dramatis",0,https://www.kompas.com/badminton/read/2026/06/04/17534688/hasil-polytron-indonesia-open-2026-ketat-sabar-reza-menang-dramatis
232,Kompas,2026-06-04,Satu Kekesalan Ronald Koeman Usai Belanda Tumbang dari Aljazair,1,https://bola.kompas.com/read/2026/06/04/16465648/satu-kekesalan-ronald-koeman-usai-belanda-tumbang-dari-aljazair
233,Kompas,2026-06-04,Nottingham Forest Tampik Tawaran Man City untuk Elliot Anderson,0,https://bola.kompas.com/read/2026/06/04/16164568/nottingham-forest-tampik-tawaran-man-city-untuk-elliot-anderson
234,Kompas,2026-06-04,"Polytron Indonesia Open, Ganda Putri Pastikan Satu Tempat di Semifinal",0,https://www.kompas.com/badminton/read/2026/06/04/16023088/polytron-indonesia-open-ganda-putri-pastikan-satu-tempat-di-semifinal
235,Kompas,2026-06-04,"Aturan Baru Piala Dunia 2026, FIFA Larang Penonton Bawa Botol Air ke Stadion",0,https://bola.kompas.com/read/2026/06/04/15562118/aturan-baru-piala-dunia-2026-fifa-larang-penonton-bawa-botol-air-ke-stadion
236,Kompas,2026-06-04,Bos Persib Paparkan Road Map Estafet Bojan Hodak ke Igor Tolic,0,https://bola.kompas.com/read/2026/06/04/15480188/bos-persib-paparkan-road-map-estafet-bojan-hodak-ke-igor-tolic
237,Kompas,2026-06-04,Hasil Polytron Indonesia Open 2026: Putri KW Melaju ke Perempat Final,0,https://www.kompas.com/badminton/read/2026/06/04/15421598/hasil-polytron-indonesia-open-2026-putri-kw-melaju-ke-perempat-final
238,Kompas,2026-06-04,Cedera Bikin Nico Paz Sulit Bela Argentina di Piala Dunia 2026,0,https://bola.kompas.com/read/2026/06/04/15285928/cedera-bikin-nico-paz-sulit-bela-argentina-di-piala-dunia-2026
239,Kompas,2026-06-04,Jadwal dan Siaran Langsung Timnas U19 Indonesia Vs Timor Leste,0,https://bola.kompas.com/read/2026/06/04/15250698/jadwal-dan-siaran-langsung-timnas-u19-indonesia-vs-timor-leste
240,Kompas,2026-06-04,Pengamat Nilai Lini Tengah Timnas Indonesia Jadi Titik Perhatian,0,https://bola.kompas.com/read/2026/06/04/15161178/pengamat-nilai-lini-tengah-timnas-indonesia-jadi-titik-perhatian
241,Kompas,2026-06-04,Saat Ibrahima Konate Melawan Depresi Usai Kehilangan Diogo Jota dan Sang Ayah,0,https://bola.kompas.com/read/2026/06/04/14060598/saat-ibrahima-konate-melawan-depresi-usai-kehilangan-diogo-jota-dan-sang-ayah
242,Kompas,2026-06-04,Respons Direktur Akademi Man United Usai Tyler Fletcher Masuk Skuad Skotlandia,1,https://bola.kompas.com/read/2026/06/04/13421378/respons-direktur-akademi-man-united-usai-tyler-fletcher-masuk-skuad-skotlandia
243,Kompas,2026-06-04,Sumardji Konfirmasi Calvin Verdonk Tetap Bela Timnas Indonesia,0,https://bola.kompas.com/read/2026/06/04/13103148/sumardji-konfirmasi-calvin-verdonk-tetap-bela-timnas-indonesia
244,Kompas,2026-06-04,"Preview Indonesia vs Timor Leste, Bukan Lawan yang Bisa Diremehkan",0,https://bola.kompas.com/read/2026/06/04/13064048/preview-indonesia-vs-timor-leste-bukan-lawan-yang-bisa-diremehkan
245,Kompas,2026-06-04,Juventus Bidik Alexander Sorloth dan Siap Lepas Lois Openda,0,https://bola.kompas.com/read/2026/06/04/12481738/juventus-bidik-alexander-sorloth-dan-siap-lepas-lois-openda
246,Kompas,2026-06-04,"Negosiasi Kontrak Mandek, Bek Tangguh Roma Masuk Pantauan Inter Milan",0,https://bola.kompas.com/read/2026/06/04/12471658/negosiasi-kontrak-mandek-bek-tangguh-roma-masuk-pantauan-inter-milan
247,Kompas,2026-06-04,"Tinggalkan Persebaya, Bruno Moreira Jadi Rekan Asnawi Mangkualam di Port FC",0,https://bola.kompas.com/read/2026/06/04/12012928/tinggalkan-persebaya-bruno-moreira-jadi-rekan-asnawi-mangkualam-di-port-fc
248,Kompas,2026-06-04,Reaksi Media Australia Usai Mathew Baker Dipanggil ke Timnas Indonesia,1,https://bola.kompas.com/read/2026/06/04/11221798/reaksi-media-australia-usai-mathew-baker-dipanggil-ke-timnas-indonesia
249,Kompas,2026-06-04,Man United Bidik Mateus Fernandes Usai Transfer Ederson Hampir Rampung,0,https://bola.kompas.com/read/2026/06/04/11003678/man-united-bidik-mateus-fernandes-usai-transfer-ederson-hampir-rampung
250,Kompas,2026-06-04,"Piala Dunia 2026: Boyong Koki Khusus, Norwegia Terbangkan Setengah Ton Ikan",0,https://bola.kompas.com/read/2026/06/04/10133338/piala-dunia-2026-boyong-koki-khusus-norwegia-terbangkan-setengah-ton-ikan
251,Kompas,2026-06-04,"Meksiko Memanas Jelang Piala Dunia 2026, Demonstran Serbu Gedung Pemerintah",0,https://bola.kompas.com/read/2026/06/04/10123928/meksiko-memanas-jelang-piala-dunia-2026-demonstran-serbu-gedung-pemerintah
252,Kompas,2026-06-04,Jadwal Timnas Voli Putri Indonesia di AVC Cup 2026,0,https://www.kompas.com/sports/read/2026/06/04/09495598/jadwal-timnas-voli-putri-indonesia-di-avc-cup-2026
253,Kompas,2026-06-04,Ketika An Se-young Kagum kepada Megawati Hangestri,0,https://www.kompas.com/badminton/read/2026/06/04/09085438/ketika-an-se-young-kagum-kepada-megawati-hangestri
254,Kompas,2026-06-04,Barcelona Disebut Sempat Gelar Pertemuan dengan Erling Haaland,0,https://bola.kompas.com/read/2026/06/04/09045548/barcelona-disebut-sempat-gelar-pertemuan-dengan-erling-haaland
255,Kompas,2026-06-04,Henderson Rasakan Aura Positif di Timnas Inggris Jelang Piala Dunia 2026,0,https://bola.kompas.com/read/2026/06/04/09023978/henderson-rasakan-aura-positif-di-timnas-inggris-jelang-piala-dunia-2026
256,Kompas,2026-06-04,Layvin Kurzawa dan Kontribusi Positif di Ruang Ganti Persib,0,https://bola.kompas.com/read/2026/06/04/08570958/layvin-kurzawa-dan-kontribusi-positif-di-ruang-ganti-persib
257,Kompas,2026-06-04,"Diskusi Serius, AC Milan Selangkah Lebih Dekat Gaet Oliver Glasner",0,https://bola.kompas.com/read/2026/06/04/08540888/diskusi-serius-ac-milan-selangkah-lebih-dekat-gaet-oliver-glasner
258,Kompas,2026-06-04,"Diincar Barcelona hingga Benfica, Bernardo Silva Tentukan Nasib Usai Piala Dunia",0,https://bola.kompas.com/read/2026/06/04/08221148/diincar-barcelona-hingga-benfica-bernardo-silva-tentukan-nasib-usai-piala-dunia
259,Kompas,2026-06-04,Virgil van Dijk Akui Terkejut Liverpool Mendadak Pecat Arne Slot,0,https://bola.kompas.com/read/2026/06/04/07530518/virgil-van-dijk-akui-terkejut-liverpool-mendadak-pecat-arne-slot
260,Kompas,2026-06-04,Pemilihan Presiden Real Madrid: Riquelme Janjikan Erling Haaland dan Rodri,0,https://bola.kompas.com/read/2026/06/04/07265408/pemilihan-presiden-real-madrid-riquelme-janjikan-erling-haaland-dan-rodri
261,Kompas,2026-06-04,"Timnas Putri Indonesia Vs Singapura 0-2, Alasan Pemain Diaspora Dicadangkan",1,https://bola.kompas.com/read/2026/06/04/06064118/timnas-putri-indonesia-vs-singapura-0-2-alasan-pemain-diaspora-dicadangkan
262,Kompas,2026-06-04,"Hasil Luksemburg Vs Italia 0-1, Tim Eksperimental Azzurri Menang Tipis",0,https://bola.kompas.com/read/2026/06/04/05512778/hasil-luksemburg-vs-italia-0-1-tim-eksperimental-azzurri-menang-tipis
263,Kompas,2026-06-04,"Hasil Aljazair Vs Belanda 1-0: Oranje Kandas, Anak Zidane Jadi Bintang",0,https://bola.kompas.com/read/2026/06/04/05342478/hasil-aljazair-vs-belanda-1-0-oranje-kandas-anak-zidane-jadi-bintang
264,Kompas,2026-06-04,"Jadwal Polytron Indonesia Open: Tuan Rumah Sisa 11 Wakil, Jojo vs Alwi",0,https://www.kompas.com/badminton/read/2026/06/04/05180628/jadwal-polytron-indonesia-open-tuan-rumah-sisa-11-wakil-jojo-vs-alwi
265,Kompas,2026-06-04,"Klasemen Grup B Piala AFF U19 2026, Thailand dan Malaysia Incar Puncak",0,https://bola.kompas.com/read/2026/06/04/05171238/klasemen-grup-b-piala-aff-u19-2026-thailand-dan-malaysia-incar-puncak
266,Kompas,2026-06-03,Erick Thohir Soroti Peran Pemain Muda untuk Masa Depan Timnas Indonesia,0,https://bola.kompas.com/read/2026/06/03/22442368/erick-thohir-soroti-peran-pemain-muda-untuk-masa-depan-timnas-indonesia
267,Kompas,2026-06-03,"Visa AS Belum Jelas, Delegasi Timnas Iran Tetap Berangkat ke Meksiko",0,https://bola.kompas.com/read/2026/06/03/22285978/visa-as-belum-jelas-delegasi-timnas-iran-tetap-berangkat-ke-meksiko
268,Kompas,2026-06-03,"Hasil Timnas Putri Indonesia Vs Singapura, Garuda Pertiwi Kalah 0-2",0,https://bola.kompas.com/read/2026/06/03/21111888/hasil-timnas-putri-indonesia-vs-singapura-garuda-pertiwi-kalah-0-2
269,Kompas,2026-06-03,Robbie Fowler Jagokan Harry Kane Ikuti Jejak Messi-Ronaldo,0,https://bola.kompas.com/read/2026/06/03/21032848/robbie-fowler-jagokan-harry-kane-ikuti-jejak-messi-ronaldo
270,Kompas,2026-06-03,"Mourinho Lampu Hijau, Konate dan Dumfries Selangkah Lagi ke Real Madrid",0,https://bola.kompas.com/read/2026/06/03/20534658/mourinho-lampu-hijau-konate-dan-dumfries-selangkah-lagi-ke-real-madrid
271,Kompas,2026-06-03,"Rekap Hasil Polytron Indonesia Open, Ganda Putra Tersisa Dua dari Enam",0,https://www.kompas.com/badminton/read/2026/06/03/20483068/rekap-hasil-polytron-indonesia-open-ganda-putra-tersisa-dua-dari-enam
272,Kompas,2026-06-03,"Jafar/Felisha Puas Bisa Revans ke Wakil Korsel, Jadi Tambahan Motivasi",0,https://www.kompas.com/badminton/read/2026/06/03/20283788/jafar-felisha-puas-bisa-revans-ke-wakil-korsel-jadi-tambahan-motivasi
273,Kompas,2026-06-03,"Barcelona Berambisi Kembali ke Aturan 1:1 La Liga, Tiga Pemain Ini Berpeluang Hengkang",1,https://bola.kompas.com/read/2026/06/03/20203948/barcelona-berambisi-kembali-ke-aturan-11-la-liga-tiga-pemain-ini-berpeluang
274,Kompas,2026-06-03,Sumardji Ungkap Calvin Verdonk Absen di FIFA Matchday Juni,0,https://bola.kompas.com/read/2026/06/03/20061118/sumardji-ungkap-calvin-verdonk-absen-di-fifa-matchday-juni
275,Kompas,2026-06-03,Glenn Sugita Akui Sempat Ragu Persib Bisa Juara Super League 2025-2026,0,https://bola.kompas.com/read/2026/06/03/19463178/glenn-sugita-akui-sempat-ragu-persib-bisa-juara-super-league-2025-2026
276,Kompas,2026-06-03,Manchester United Konfirmasi Kepindahan Rasmus Hojlund ke Napoli,0,https://bola.kompas.com/read/2026/06/03/19221298/manchester-united-konfirmasi-kepindahan-rasmus-hojlund-ke-napoli
277,Kompas,2026-06-03,"Taklukkan Nao Hibino, Janice Tjen Melaju ke 16 Besar Birmingham Open 2026",0,https://www.kompas.com/sports/read/2026/06/03/18525168/taklukkan-nao-hibino-janice-tjen-melaju-ke-16-besar-birmingham-open-2026
278,Kompas,2026-06-03,Hasil Polytron Indonesia Open: Raymond/Joaquin Bungkam Ganda Jepang,0,https://www.kompas.com/badminton/read/2026/06/03/18342008/hasil-polytron-indonesia-open-raymond-joaquin-bungkam-ganda-jepang
279,Kompas,2026-06-03,"Link Live Streaming Timnas Putri Indonesia Vs Singapura, Tayang di Mana?",1,https://bola.kompas.com/read/2026/06/03/18122938/link-live-streaming-timnas-putri-indonesia-vs-singapura-tayang-di-mana
280,Kompas,2026-06-03,Bernardo Silva Blak-Blakan Pilih Barcelona Ketimbang Atletico Madrid,0,https://bola.kompas.com/read/2026/06/03/17491668/bernardo-silva-blak-blakan-pilih-barcelona-ketimbang-atletico-madrid
281,Kompas,2026-06-03,"Ironi Fajar/Fikri, Kalah di Istora Saat Baru Saja Naik Ranking 2 Dunia",0,https://www.kompas.com/badminton/read/2026/06/03/17190708/ironi-fajar-fikri-kalah-di-istora-saat-baru-saja-naik-ranking-2-dunia
282,Kompas,2026-06-03,"Revolusi Aturan Sepak Bola: Peran VAR Diperluas, Aturan Waktu Lapangan Diperketat",0,https://bola.kompas.com/read/2026/06/03/17022408/revolusi-aturan-sepak-bola-peran-var-diperluas-aturan-waktu-lapangan-diperketat
283,Kompas,2026-06-03,Alasan Timnas U19 Timor Leste Lebih Cepat Tiba di Medan,1,https://bola.kompas.com/read/2026/06/03/16201718/alasan-timnas-u19-timor-leste-lebih-cepat-tiba-di-medan
284,Kompas,2026-06-03,"CAS Tolak Banding Meksiko, Sanksi Denda FIFA Terkait Nyanyian Anti-Gay Tetap Berlaku",0,https://bola.kompas.com/read/2026/06/03/16043008/cas-tolak-banding-meksiko-sanksi-denda-fifa-terkait-nyanyian-anti-gay-tetap
285,Kompas,2026-06-03,"Piala AFF U19 di Medan, Persiapan Menuju Kualifikasi Piala Asia dan Piala Dunia U20",0,https://bola.kompas.com/read/2026/06/03/16024518/piala-aff-u19-di-medan-persiapan-menuju-kualifikasi-piala-asia-dan-piala-dunia
286,Kompas,2026-06-03,Hasil Polytron Indonesia Open: Fajar/Fikri Ditekuk Ganda Pelapis China,0,https://www.kompas.com/badminton/read/2026/06/03/15492878/hasil-polytron-indonesia-open-fajar-fikri-ditekuk-ganda-pelapis-china
287,Kompas,2026-06-03,"Sambut Positif Era Herdman, Egy MV Berharap Timnas Juara Piala AFF 2026",0,https://bola.kompas.com/read/2026/06/03/15201168/sambut-positif-era-herdman-egy-mv-berharap-timnas-juara-piala-aff-2026
288,Kompas,2026-06-03,"Menpora Erick Pastikan Keberangkatan Kontingen Aman, Indonesia Bidik 4 Emas Asian Games",0,https://bola.kompas.com/read/2026/06/03/15064208/menpora-erick-pastikan-keberangkatan-kontingen-aman-indonesia-bidik-4-emas-asian
289,Kompas,2026-06-03,John Herdman Terkesan Performa Rayhan Hannan: Dia Pekerja Keras,0,https://bola.kompas.com/read/2026/06/03/14430658/john-herdman-terkesan-performa-rayhan-hannan-dia-pekerja-keras
290,Kompas,2026-06-03,"Polytron Indonesia Open, Gemuruh Istora Kunci Tiwi/Fadia Tikung Ganda Korsel",0,https://www.kompas.com/badminton/read/2026/06/03/14315158/polytron-indonesia-open-gemuruh-istora-kunci-tiwi-fadia-tikung-ganda
291,Kompas,2026-06-03,"Al-Hilal Melunak, Jalan Barcelona Permanenkan Joao Cancelo Semakin Terbuka?",1,https://bola.kompas.com/read/2026/06/03/14292268/al-hilal-melunak-jalan-barcelona-permanenkan-joao-cancelo-semakin-terbuka
292,Kompas,2026-06-03,Kobbie Mainoo: Timnas Inggris 100 Persen Bisa Juara Piala Dunia 2026,0,https://bola.kompas.com/read/2026/06/03/12591828/kobbie-mainoo-timnas-inggris-100-persen-bisa-juara-piala-dunia-2026
293,Kompas,2026-06-03,PBVSI Terapkan Aturan Salary Cap dan Regulasi Pemain di Proliga,0,https://bola.kompas.com/read/2026/06/03/12582378/pbvsi-terapkan-aturan-salary-cap-dan-regulasi-pemain-di-proliga
294,Kompas,2026-06-03,Persib Bandung Terima Bonus Rp 1 Miliar dari Gubernur Dedi Mulyadi,0,https://bola.kompas.com/read/2026/06/03/12491648/persib-bandung-terima-bonus-rp-1-miliar-dari-gubernur-dedi-mulyadi
295,Kompas,2026-06-03,"Kesaksian Oscar saat di Ambang Kematian, Sadar Usai Dengar Suara Sang Anak",1,https://bola.kompas.com/read/2026/06/03/12365638/kesaksian-oscar-saat-di-ambang-kematian-sadar-usai-dengar-suara-sang-anak
296,Kompas,2026-06-03,"Polytron Indonesia Open 2026, Alwi Farhan Tak Mau Kalah Lawan Jojo",0,https://www.kompas.com/badminton/read/2026/06/03/12083168/polytron-indonesia-open-2026-alwi-farhan-tak-mau-kalah-lawan-jojo
297,Kompas,2026-06-03,"Curahan Hati Layvin Kurzawa, Harus Berpisah Meski Masih Betah di Persib",0,https://bola.kompas.com/read/2026/06/03/11535028/curahan-hati-layvin-kurzawa-harus-berpisah-meski-masih-betah-di-persib
298,Kompas,2026-06-03,"Sabda Fabrizio Romano, Denzel Dumfries Sepakat Gabung Real Madrid",0,https://bola.kompas.com/read/2026/06/03/11191108/sabda-fabrizio-romano-denzel-dumfries-sepakat-gabung-real-madrid
299,Kompas,2026-06-03,Timnas U19 Indonesia Diminta Tak Lamban Hadapi Timor Leste dan Vietnam,0,https://bola.kompas.com/read/2026/06/03/11164618/timnas-u19-indonesia-diminta-tak-lamban-hadapi-timor-leste-dan-vietnam
300,Kompas,2026-06-03,BERITA FOTO Momen Kedatangan Tim Peserta Piala Dunia 2026,0,https://bola.kompas.com/read/2026/06/03/11094438/berita-foto-momen-kedatangan-tim-peserta-piala-dunia-2026
301,Kompas,2026-06-03,"Timnas U19 Indonesia Vs Timor Leste, Kesempatan Nova Coba Pemain",0,https://bola.kompas.com/read/2026/06/03/09410008/timnas-u19-indonesia-vs-timor-leste-kesempatan-nova-coba-pemain-
302,Kompas,2026-06-03,"Como Lolos ke Liga Champions Bukan Keajaiban, Belum Pikirkan Scudetto",0,https://bola.kompas.com/read/2026/06/03/09000058/como-lolos-ke-liga-champions-bukan-keajaiban-belum-pikirkan-scudetto
303,Kompas,2026-06-03,"Cerita Masa Kecil Lionel Messi, Dulu Anak Bertubuh Mungil, Kini Jadi Legenda Sepak Bola",0,https://bola.kompas.com/read/2026/06/03/08590848/cerita-masa-kecil-lionel-messi-dulu-anak-bertubuh-mungil-kini-jadi-legenda-sepak
304,Kompas,2026-06-03,"Carlo Ancelotti Tak Buru-buru soal Neymar, Brasil Tak Takut Siapa Pun",0,https://bola.kompas.com/read/2026/06/03/07595488/carlo-ancelotti-tak-buru-buru-soal-neymar-brasil-tak-takut-siapa-pun
305,Kompas,2026-06-03,Man United Selangkah Lagi Dapatkan Bintang Atalanta dengan Mahar Rp912 Miliar,0,https://bola.kompas.com/read/2026/06/03/07423268/man-united-selangkah-lagi-dapatkan-bintang-atalanta-dengan-mahar-rp912-miliar
306,Kompas,2026-06-03,Nova Arianto Isyaratkan Timnas U19 Indonesia Dirotasi Hadapi Timor Leste,0,https://bola.kompas.com/read/2026/06/03/07192358/nova-arianto-isyaratkan-timnas-u19-indonesia-dirotasi-hadapi-timor-leste
307,Kompas,2026-06-03,"Como Resmi Tantang Liverpool, Kunjungan Bersejarah ke Anfield",0,https://bola.kompas.com/read/2026/06/03/07123968/como-resmi-tantang-liverpool-kunjungan-bersejarah-ke-anfield
308,Kompas,2026-06-03,"Kurzawa Tinggalkan Persib: Jejak 158 Menit, Assist, dan Trofi Juara",0,https://bola.kompas.com/read/2026/06/03/06472618/kurzawa-tinggalkan-persib-jejak-158-menit-assist-dan-trofi-juara
309,Kompas,2026-06-03,Jadwal Polytron Indonesia Open 2026: Fajar/Fikri dan Raymond/Joaquin Beraksi,0,https://www.kompas.com/badminton/read/2026/06/03/06472608/jadwal-polytron-indonesia-open-2026-fajar-fikri-dan-raymond-joaquin
310,Kompas,2026-06-03,Dampak Dimas Adi dan Kejelian Arkhan Kaka untuk Timnas U19 Indonesia,1,https://bola.kompas.com/read/2026/06/03/06220288/dampak-dimas-adi-dan-kejelian-arkhan-kaka-untuk-timnas-u19-indonesia
311,Kompas,2026-06-03,Liverpool Capai Kesepakatan Lisan dengan Andoni Iraola,0,https://bola.kompas.com/read/2026/06/03/06182938/liverpool-capai-kesepakatan-lisan-dengan-andoni-iraola
312,Kompas,2026-06-03,Saddil Ramdani Siap Hadapi Persaingan di Timnas Indonesia Era Herdman,0,https://bola.kompas.com/read/2026/06/03/06064548/saddil-ramdani-siap-hadapi-persaingan-di-timnas-indonesia-era-herdman
313,Kompas,2026-06-03,"Skuad Piala Dunia 2026: 1.248 Pemain, Man City Terbanyak, Rekor Ronaldo-Messi",0,https://bola.kompas.com/read/2026/06/03/05565808/skuad-piala-dunia-2026-1248-pemain-man-city-terbanyak-rekor-ronaldo-messi
314,Kompas,2026-06-03,Respons Tegas Rodri Soal Isu Ketertarikan Real Madrid,1,https://bola.kompas.com/read/2026/06/03/05390948/respons-tegas-rodri-soal-isu-ketertarikan-real-madrid
315,Kompas,2026-06-03,"Bruno Moreira Tinggalkan Persebaya, Bajul Ijo Kehilangan Sang Kapten",0,https://bola.kompas.com/read/2026/06/03/05380548/bruno-moreira-tinggalkan-persebaya-bajul-ijo-kehilangan-sang-kapten
316,Kompas,2026-06-03,Proses Naturalisasi Luke Vickery dan Mitchell Baker Tunggu Persetujuan Herdman,0,https://bola.kompas.com/read/2026/06/03/05264878/proses-naturalisasi-luke-vickery-dan-mitchell-baker-tunggu-persetujuan-herdman
317,Kompas,2026-06-03,Hasil Kroasia Vs Belgia 0-2: Luka Modric cs Tak Berkutik di Kandang Sendiri,0,https://bola.kompas.com/read/2026/06/03/05192428/hasil-kroasia-vs-belgia-0-2-luka-modric-cs-tak-berkutik-di-kandang-sendiri
318,Kompas,2026-06-03,Layvin Kurzawa Ungkap Salam Perpisahan dengan Persib,0,https://bola.kompas.com/read/2026/06/03/05121618/layvin-kurzawa-ungkap-salam-perpisahan-dengan-persib
319,Kompas,2026-06-03,Jadwal Siaran Langsung Indonesia Vs Singapura di FIFA Women's Matchday,0,https://bola.kompas.com/read/2026/06/03/04433708/jadwal-siaran-langsung-indonesia-vs-singapura-di-fifa-womens-matchday
320,Kompas,2026-06-03,Ipswich Town Berpotensi Lepas Elkan Baggott Musim Depan,0,https://bola.kompas.com/read/2026/06/03/04243998/ipswich-town-berpotensi-lepas-elkan-baggott-musim-depan
321,Kompas,2026-06-02,"Frans Putros Tampil di Piala Dunia 2026, Persib Berpeluang Kantongi Keuntungan dari FIFA",0,https://bola.kompas.com/read/2026/06/02/21460728/frans-putros-tampil-di-piala-dunia-2026-persib-berpeluang-kantongi-keuntungan
322,Kompas,2026-06-02,"Kenny Dalglish Ungkap Sedang Lawan Kanker, Liverpool Langsung Beri Dukungan",0,https://bola.kompas.com/read/2026/06/02/21160078/kenny-dalglish-ungkap-sedang-lawan-kanker-liverpool-langsung-beri-dukungan
323,Kompas,2026-06-02,Tanggal Gabung Mathew Baker ke Timnas U19 Indonesia di Piala AFF U19 2026,1,https://bola.kompas.com/read/2026/06/02/20440048/tanggal-gabung-mathew-baker-ke-timnas-u19-indonesia-di-piala-aff-u19-2026
324,Kompas,2026-06-02,BERITA FOTO Timnas U19 Indonesia Gilas Myanmar 3-0 di Piala AFF,0,https://bola.kompas.com/read/2026/06/02/20271108/berita-foto-timnas-u19-indonesia-gilas-myanmar-3-0-di-piala-aff
325,Kompas,2026-06-02,"Rekap Hasil Polytron Indonesia Open 2026, 7 Wakil Indonesia Lolos",0,https://www.kompas.com/badminton/read/2026/06/02/20032398/rekap-hasil-polytron-indonesia-open-2026-7-wakil-indonesia-lolos
326,Kompas,2026-06-02,"Como Siapkan “Nico Paz Baru”, Real Madrid Kembali Jadi Sasaran",0,https://bola.kompas.com/read/2026/06/02/19521218/como-siapkan-nico-paz-baru-real-madrid-kembali-jadi-sasaran
327,Kompas,2026-06-02,Mees Hilgers Buka Suara soal Masa Terberatnya usai Kembali ke Timnas Indonesia,1,https://bola.kompas.com/read/2026/06/02/19372368/mees-hilgers-buka-suara-soal-masa-terberatnya-usai-kembali-ke-timnas-indonesia
328,Kompas,2026-06-02,"Hasil Polytron Indonesia Open 2026: Alwi Farhan Lolos, Jumpa Jojo",0,https://www.kompas.com/badminton/read/2026/06/02/18562088/hasil-polytron-indonesia-open-2026-alwi-farhan-lolos-jumpa-jojo
329,Kompas,2026-06-02,"Polytron Indonesia Open 2026, Leo/Daniel Kalah Gara-gara Kurang Sabar",0,https://www.kompas.com/badminton/read/2026/06/02/18004308/polytron-indonesia-open-2026-leo-daniel-kalah-gara-gara-kurang-sabar
330,Kompas,2026-06-02,John Herdman Bicara Taktik Bertahan Timnas Indonesia Jelang Lawan Oman dan Mozambik,1,https://bola.kompas.com/read/2026/06/02/17300008/john-herdman-bicara-taktik-bertahan-timnas-indonesia-jelang-lawan-oman-dan
331,Kompas,2026-06-02,Sumardji Targetkan Timnas Indonesia Sapu Bersih Lawan Oman dan Mozambik,0,https://bola.kompas.com/read/2026/06/02/16443748/sumardji-targetkan-timnas-indonesia-sapu-bersih-lawan-oman-dan-mozambik
332,Kompas,2026-06-02,Keyakinan Pelatih Timnas Spanyol soal Kesiapan Lamine Yamal di Piala Dunia 2026,1,https://bola.kompas.com/read/2026/06/02/16443128/keyakinan-pelatih-timnas-spanyol-soal-kesiapan-lamine-yamal-di-piala-dunia-2026
333,Kompas,2026-06-02,"Vietnam Mau Patahkan Rekor Buruk di Piala AFF 2026, tapi Indonesia Jadi Ancaman",0,https://bola.kompas.com/read/2026/06/02/16300038/vietnam-mau-patahkan-rekor-buruk-di-piala-aff-2026-tapi-indonesia-jadi-ancaman
334,Kompas,2026-06-02,Pengamat Bahas Kemenangan Timnas U19 Indonesia: Arkhan Kaka Cerdas,0,https://bola.kompas.com/read/2026/06/02/16194778/pengamat-bahas-kemenangan-timnas-u19-indonesia-arkhan-kaka-cerdas
335,Kompas,2026-06-02,John Herdman Ungkap Peluang Marselino Ferdinan Jadi Starter Lawan Oman,1,https://bola.kompas.com/read/2026/06/02/16061838/john-herdman-ungkap-peluang-marselino-ferdinan-jadi-starter-lawan-oman
336,Kompas,2026-06-02,Hasil Polytron Indonesia Open 2026: Leo/Daniel Kena Tikung Ganda Taiwan,0,https://www.kompas.com/badminton/read/2026/06/02/15531678/hasil-polytron-indonesia-open-2026-leo-daniel-kena-tikung-ganda-taiwan
337,Kompas,2026-06-02,"Timnas Putri Indonesia Vs Singapura: Hadapi Teman, Mochi Hati-hati",0,https://bola.kompas.com/read/2026/06/02/15511328/timnas-putri-indonesia-vs-singapura-hadapi-teman-mochi-hati-hati
338,Kompas,2026-06-02,Media Vietnam Soroti Kemenangan Telak Timnas U19 Indonesia atas Myanmar,0,https://bola.kompas.com/read/2026/06/02/15470758/media-vietnam-soroti-kemenangan-telak-timnas-u19-indonesia-atas-myanmar
339,Kompas,2026-06-02,Target Saddil Ramdani Setelah Kembali Masuk Timnas Indonesia,0,https://bola.kompas.com/read/2026/06/02/15354838/target-saddil-ramdani-setelah-kembali-masuk-timnas-indonesia
340,Kompas,2026-06-02,Polytron Indonesia Open 2026 Jadi Target Terbesar Jonatan Christie,0,https://www.kompas.com/badminton/read/2026/06/02/15235908/polytron-indonesia-open-2026-jadi-target-terbesar-jonatan-christie
341,Kompas,2026-06-02,Pesan Nova Arianto Usai Timnas U19 Indonesia Libas Myanmar 3-0,1,https://bola.kompas.com/read/2026/06/02/15120758/pesan-nova-arianto-usai-timnas-u19-indonesia-libas-myanmar-3-0
342,Kompas,2026-06-02,Rencana Igor Tolic untuk Persib Bandung Musim Depan,1,https://bola.kompas.com/read/2026/06/02/15062788/rencana-igor-tolic-untuk-persib-bandung-musim-depan
343,Kompas,2026-06-02,Target Winger Persib Usai Comeback ke Timnas Indonesia untuk FIFA Matchday,1,https://bola.kompas.com/read/2026/06/02/14444728/target-winger-persib-usai-comeback-ke-timnas-indonesia-untuk-fifa-matchday
344,Kompas,2026-06-02,"Putra Carlo Ancelotti Resmi Jadi Pelatih Lille, Bakal Tangani Calvin Verdonk",0,https://bola.kompas.com/read/2026/06/02/14244888/putra-carlo-ancelotti-resmi-jadi-pelatih-lille-bakal-tangani-calvin-verdonk
345,Kompas,2026-06-02,John Herdman Bongkar Perubahan Besar di Timnas Indonesia sejak Dirinya Datang,1,https://bola.kompas.com/read/2026/06/02/14044218/john-herdman-bongkar-perubahan-besar-di-timnas-indonesia-sejak-dirinya-datang
346,Kompas,2026-06-02,Didier Deschamps Bantah Tuduhan William Saliba Absen dari Piala Dunia 2026,0,https://bola.kompas.com/read/2026/06/02/14030948/didier-deschamps-bantah-tuduhan-william-saliba-absen-dari-piala-dunia-2026
347,Kompas,2026-06-02,Hasil Polytron Indonesia Open 2026: Jojo Melenggang ke Babak 16 Besar,0,https://www.kompas.com/badminton/read/2026/06/02/14005088/hasil-polytron-indonesia-open-2026-jojo-melenggang-ke-babak-16-besar
348,Kompas,2026-06-02,"Bukan Dimas Wicaksono, Pencetak Brace Timnas U19 Indonesia Vs Myanmar adalah Dimas Adi",0,https://bola.kompas.com/read/2026/06/02/13383858/bukan-dimas-wicaksono-pencetak-brace-timnas-u19-indonesia-vs-myanmar-adalah
349,Kompas,2026-06-02,"Kembali ke Timnas Indonesia, Rayhan Hannan Siap Bersaing dengan Pemain Diaspora",0,https://bola.kompas.com/read/2026/06/02/13354618/kembali-ke-timnas-indonesia-rayhan-hannan-siap-bersaing-dengan-pemain-diaspora
350,Kompas,2026-06-02,Polytron Indonesia Open 2026: Adnan/Indah Tantang “Monster” China,1,https://www.kompas.com/badminton/read/2026/06/02/13225388/polytron-indonesia-open-2026-adnan-indah-tantang-monster-china
351,Kompas,2026-06-02,"Kisah Lamine Yamal, dari Lapangan Sederhana Menuju Panggung Piala Dunia 2026",0,https://bola.kompas.com/read/2026/06/02/12570148/kisah-lamine-yamal-dari-lapangan-sederhana-menuju-panggung-piala-dunia-2026
352,Kompas,2026-06-02,"Daftar Skuad Ghana di Piala Dunia 2026, Kudus Dicoret, Semenyo Jadi Tumpuan",0,https://bola.kompas.com/read/2026/06/02/12062808/daftar-skuad-ghana-di-piala-dunia-2026-kudus-dicoret-semenyo-jadi-tumpuan
353,Kompas,2026-06-02,"Pujian Carlo Ancelotti untuk Raphinha, Diklaim Penyerang Terbaik Dunia",0,https://bola.kompas.com/read/2026/06/02/11363798/pujian-carlo-ancelotti-untuk-raphinha-diklaim-penyerang-terbaik-dunia
354,Kompas,2026-06-02,John Herdman Isyaratkan Eliano Reijnders Bela Timnas Indonesia di Piala AFF 2026,0,https://bola.kompas.com/read/2026/06/02/11083978/john-herdman-isyaratkan-eliano-reijnders-bela-timnas-indonesia-di-piala-aff-2026
355,Kompas,2026-06-02,Pengamat Nilai Timnas U19 Indonesia Tunjukkan Kedewasaan Bermain,0,https://bola.kompas.com/read/2026/06/02/10395848/pengamat-nilai-timnas-u19-indonesia-tunjukkan-kedewasaan-bermain
356,Kompas,2026-06-02,"Real Madrid Bidik Denzel Dumfries, Inter Milan Siaga Satu",1,https://bola.kompas.com/read/2026/06/02/10301698/real-madrid-bidik-denzel-dumfries-inter-milan-siaga-satu
357,Kompas,2026-06-02,"Pengamat Puji Agresivitas Timnas U19 Indonesia, Dua Hal Jadi Catatan",1,https://bola.kompas.com/read/2026/06/02/10275578/pengamat-puji-agresivitas-timnas-u19-indonesia-dua-hal-jadi-catatan
358,Kompas,2026-06-02,Sejarah! Frans Putros Jadi Pemain Aktif Liga Indonesia Pertama di Piala Dunia,0,https://bola.kompas.com/read/2026/06/02/09510348/sejarah-frans-putros-jadi-pemain-aktif-liga-indonesia-pertama-di-piala-dunia
359,Kompas,2026-06-02,"Link Live Streaming Polytron Indonesia Open 2026, 11 Wakil Tuan Rumah Beraksi",0,https://www.kompas.com/badminton/read/2026/06/02/08054438/link-live-streaming-polytron-indonesia-open-2026-11-wakil-tuan-rumah
360,Kompas,2026-06-02,Alasan Mees Hilgers Ikut Latihan Timnas Indonesia meski Tak Masuk Tim,1,https://bola.kompas.com/read/2026/06/02/07481738/alasan-mees-hilgers-ikut-latihan-timnas-indonesia-meski-tak-masuk-tim
361,Kompas,2026-06-02,"Daftar Skuad Kroasia di Piala Dunia 2026, Tarian Terakhir Luka Modric",0,https://bola.kompas.com/read/2026/06/02/07203488/daftar-skuad-kroasia-di-piala-dunia-2026-tarian-terakhir-luka-modric
362,Kompas,2026-06-02,"Haaland Cuma Nonton, Norwegia Libas Swedia 3-1 Jelang Piala Dunia 2026",0,https://bola.kompas.com/read/2026/06/02/07015878/haaland-cuma-nonton-norwegia-libas-swedia-3-1-jelang-piala-dunia-2026
363,Kompas,2026-06-02,"Mees Hilgers Gabung TC Timnas Indonesia, John Herdman Punya Rencana Khusus",1,https://bola.kompas.com/read/2026/06/02/06511478/mees-hilgers-gabung-tc-timnas-indonesia-john-herdman-punya-rencana-khusus
364,Kompas,2026-06-02,"Timnas Indonesia Tak Main-Main, Ditargetkan Juara Piala AFF 2026",0,https://bola.kompas.com/read/2026/06/02/06390258/timnas-indonesia-tak-main-main-ditargetkan-juara-piala-aff-2026
365,Kompas,2026-06-02,"Jadwal Timnas Putri Indonesia di Bandung, Dua Laga Tanpa Penonton",0,https://bola.kompas.com/read/2026/06/02/06284868/jadwal-timnas-putri-indonesia-di-bandung-dua-laga-tanpa-penonton
366,Kompas,2026-06-02,"John Herdman Titip Mathew Baker ke Kevin Diks, Dididik Ala Bundesliga",0,https://bola.kompas.com/read/2026/06/02/06270758/john-herdman-titip-mathew-baker-ke-kevin-diks-dididik-ala-bundesliga
367,Kompas,2026-06-02,John Herdman Terkesan dengan Marselino Ferdinan: Bagus Banget!,0,https://bola.kompas.com/read/2026/06/02/06193898/john-herdman-terkesan-dengan-marselino-ferdinan-bagus-banget
368,Kompas,2026-06-02,Daftar Pemain Timnas Putri Indonesia di FIFA Women's Matchday,0,https://bola.kompas.com/read/2026/06/02/06081088/daftar-pemain-timnas-putri-indonesia-di-fifa-womens-matchday
369,Kompas,2026-06-02,"Indonesia Runner Up IFA7 World Championship 2026, Potensi Sepak Bola 7v7",0,https://bola.kompas.com/read/2026/06/02/06001548/indonesia-runner-up-ifa7-world-championship-2026-potensi-sepak-bola-7v7
370,Kompas,2026-06-02,John Herdman: Jay Idzes Tidak Tergantikan di Timnas Indonesia,0,https://bola.kompas.com/read/2026/06/02/05423288/john-herdman-jay-idzes-tidak-tergantikan-di-timnas-indonesia
371,Kompas,2026-06-02,"Presiden FIFA Surati Persib via Erick Thohir, Beri Ucapan Selamat",0,https://bola.kompas.com/read/2026/06/02/05394378/presiden-fifa-surati-persib-via-erick-thohir-beri-ucapan-selamat
372,Kompas,2026-06-02,Kata-kata Arkhan Kaka Usai Timnas U19 Indonesia Babat Myanmar 3-0,1,https://bola.kompas.com/read/2026/06/02/05275228/kata-kata-arkhan-kaka-usai-timnas-u19-indonesia-babat-myanmar-3-0
373,Kompas,2026-06-02,John Herdman Ungkap Alasan Panggil Mathew Baker ke Timnas Indonesia,1,https://bola.kompas.com/read/2026/06/02/05192288/john-herdman-ungkap-alasan-panggil-mathew-baker-ke-timnas-indonesia
374,Kompas,2026-06-02,Alasan Herdman Coret Jordi Amat dan Eliano dari Skuad Timnas Indonesia,1,https://bola.kompas.com/read/2026/06/02/05171578/alasan-herdman-coret-jordi-amat-dan-eliano-dari-skuad-timnas-indonesia
375,Kompas,2026-06-02,Klasemen Sementara Grup A Usai Timnas U19 Indonesia Gilas Myanmar 3-0,0,https://bola.kompas.com/read/2026/06/02/04473958/klasemen-sementara-grup-a-usai-timnas-u19-indonesia-gilas-myanmar-3-0
376,Kompas,2026-06-02,"Daftar Skuad Irak di Piala Dunia 2026, Persib Bandung Sumbang Satu Nama",0,https://bola.kompas.com/read/2026/06/02/04291638/daftar-skuad-irak-di-piala-dunia-2026-persib-bandung-sumbang-satu-nama
377,Kompas,2026-06-01,"Timnas U19 Menang, Nova Arianto Soroti Mental Pemain di Laga Perdana",0,https://bola.kompas.com/read/2026/06/01/23401398/timnas-u19-menang-nova-arianto-soroti-mental-pemain-di-laga-perdana
378,Kompas,2026-06-01,"Tiket Polytron Indonesia Open 2026 Laris Terjual, Istora Bakal Bergemuruh",0,https://www.kompas.com/badminton/read/2026/06/01/23020838/tiket-polytron-indonesia-open-2026-laris-terjual-istora-bakal
379,Kompas,2026-06-01,John Herdman Sambut Mees Hilgers: Indonesia adalah Rumahnya,0,https://bola.kompas.com/read/2026/06/01/22475678/john-herdman-sambut-mees-hilgers-indonesia-adalah-rumahnya
380,Kompas,2026-06-01,"Jadwal Polytron Indonesia Open Hari Pertama, 11 Wakil Indonesia Mentas",0,https://www.kompas.com/badminton/read/2026/06/01/22361938/jadwal-polytron-indonesia-open-hari-pertama-11-wakil-indonesia-mentas
381,Kompas,2026-06-01,Rizky Ridho jadi Kapten Timnas Indonesia di FIFA Matchday Juni,0,https://bola.kompas.com/read/2026/06/01/22312628/rizky-ridho-jadi-kapten-timnas-indonesia-di-fifa-matchday-juni
382,Kompas,2026-06-01,"Hasil Timnas U19 Indonesia Vs Myanmar 3-0: Dimas Ukir Brace, Garuda Pepet Vietnam",0,https://bola.kompas.com/read/2026/06/01/21564258/hasil-timnas-u19-indonesia-vs-myanmar-3-0-dimas-ukir-brace-garuda-pepet-vietnam
383,Kompas,2026-06-01,Ousmane Dembele Bidik Rekor Langka Real Madrid di Liga Champions,1,https://bola.kompas.com/read/2026/06/01/21254248/ousmane-dembele-bidik-rekor-langka-real-madrid-di-liga-champions
384,Kompas,2026-06-01,Hasil HT Timnas U19 Indonesia Vs Myanmar 1-0: Arkhan Kaka Buka Keunggulan,0,https://bola.kompas.com/read/2026/06/01/20501558/hasil-ht-timnas-u19-indonesia-vs-myanmar-1-0-arkhan-kaka-buka-keunggulan
385,Kompas,2026-06-01,Eks Gelandang Liverpool Pensiun Setelah 24 Tahun Berkarier di Dunia Sepak Bola,1,https://bola.kompas.com/read/2026/06/01/20063078/eks-gelandang-liverpool-pensiun-setelah-24-tahun-berkarier-di-dunia-sepak-bola
386,Kompas,2026-06-01,Comeback dan Debutan Warnai Skuad Timnas Indonesia untuk FIFA Matchday,1,https://bola.kompas.com/read/2026/06/01/19203668/comeback-dan-debutan-warnai-skuad-timnas-indonesia-untuk-fifa-matchday
387,Kompas,2026-06-01,"Polytron Indonesia Open, Semangat Gotong Royong Ekosistem Bulu Tangkis",0,https://www.kompas.com/badminton/read/2026/06/01/19170938/polytron-indonesia-open-semangat-gotong-royong-ekosistem-bulu-tangkis
388,Kompas,2026-06-01,Daftar Pemain Timnas yang Tak Dipanggil John Herdman di FIFA Matchday Juni,0,https://bola.kompas.com/read/2026/06/01/19021978/daftar-pemain-timnas-yang-tak-dipanggil-john-herdman-di-fifa-matchday-juni
389,Kompas,2026-06-01,"Hasil Piala AFF U19 2026: Vietnam Gasak Timor Leste, Sinyal untuk Indonesia",0,https://bola.kompas.com/read/2026/06/01/18372518/hasil-piala-aff-u19-2026-vietnam-gasak-timor-leste-sinyal-untuk-indonesia
390,Kompas,2026-06-01,Mees Hilgers Comeback ke Timnas Indonesia,0,https://bola.kompas.com/read/2026/06/01/18191908/mees-hilgers-comeback-ke-timnas-indonesia
391,Kompas,2026-06-01,Update Kondisi 7 Pemain Timnas Argentina Jelang Piala Dunia 2026,1,https://bola.kompas.com/read/2026/06/01/16502108/update-kondisi-7-pemain-timnas-argentina-jelang-piala-dunia-2026
392,Detik,2024-11-21,Akhir Tahun Manis Pebalap Indonesia di Singapura,0,https://sport.detik.com/sport-lain/d-7650740/akhir-tahun-manis-pebalap-indonesia-di-singapura
393,Kompas,2026-06-01,Link Live Streaming Timnas U19 Indonesia Vs Myanmar di Piala AFF U19 2026,0,https://bola.kompas.com/read/2026/06/01/16285068/link-live-streaming-timnas-u19-indonesia-vs-myanmar-di-piala-aff-u19-2026
394,Kompas,2026-06-01,"Skuad Lapis Kedua Brasil Mengamuk, Ancelotti Hadapi Dilema Tentukan Skuad",1,https://bola.kompas.com/read/2026/06/01/16183038/skuad-lapis-kedua-brasil-mengamuk-ancelotti-hadapi-dilema-tentukan-skuad
395,Kompas,2026-06-01,Veda Ega Bongkar Persaingan Panas Balapan Moto3 Italia 2026,1,https://www.kompas.com/motogp/read/2026/06/01/16012788/veda-ega-bongkar-persaingan-panas-balapan-moto3-italia-2026
396,Kompas,2026-06-01,Andoni Iraola Berpeluang Kembalikan Heavy Metal Football ke Liverpool,0,https://bola.kompas.com/read/2026/06/01/15385498/andoni-iraola-berpeluang-kembalikan-heavy-metal-football-ke-liverpool
397,Kompas,2026-06-01,"Jay Idzes Masuk 10 Besar Bek Termahal Asia, Ungguli Rekan Ronaldo",1,https://bola.kompas.com/read/2026/06/01/15132148/jay-idzes-masuk-10-besar-bek-termahal-asia-ungguli-rekan-ronaldo
398,Kompas,2026-06-01,"Timnas Argentina Tiba di AS, Messi Menyusul Pakai Pesawat Pribadi",0,https://bola.kompas.com/read/2026/06/01/15112858/timnas-argentina-tiba-di-as-messi-menyusul-pakai-pesawat-pribadi
399,Kompas,2026-06-01,"Barcelona Kesulitan Datangkan Julian Alvarez, Darwin Nunez Jadi Alternatif",0,https://bola.kompas.com/read/2026/06/01/14560168/barcelona-kesulitan-datangkan-julian-alvarez-darwin-nunez-jadi-alternatif
400,Kompas,2026-06-01,"Persebaya dan Francisco Rivera Terus Bersama, Fondasi Menuju Musim Baru",0,https://bola.kompas.com/read/2026/06/01/14323148/persebaya-dan-francisco-rivera-terus-bersama-fondasi-menuju-musim-baru
401,Kompas,2026-06-01,"Update Cedera Lionel Messi, Kemungkinan Pulih Sebelum Piala Dunia 2026",0,https://bola.kompas.com/read/2026/06/01/14261148/update-cedera-lionel-messi-kemungkinan-pulih-sebelum-piala-dunia-2026
402,Kompas,2026-06-01,Komitmen Persib Hadapi Tantangan 4 Kompetisi di Musim Baru,0,https://bola.kompas.com/read/2026/06/01/14190298/komitmen-persib-hadapi-tantangan-4-kompetisi-di-musim-baru
403,Kompas,2026-06-01,"Rashford Muncul di Markas Inter Miami, Masa Depannya di Barcelona Jadi Sorotan",0,https://bola.kompas.com/read/2026/06/01/14023278/rashford-muncul-di-markas-inter-miami-masa-depannya-di-barcelona-jadi-sorotan
404,Kompas,2026-06-01,Respons Melbourne City Usai Mathew Baker Resmi Dipanggil ke Timnas Indonesia,1,https://bola.kompas.com/read/2026/06/01/13580728/respons-melbourne-city-usai-mathew-baker-resmi-dipanggil-ke-timnas-indonesia
405,Kompas,2026-06-01,Sederet Wajah Baru di Timnas Indonesia Era John Herdman Jelang FIFA Matchday,1,https://bola.kompas.com/read/2026/06/01/13375528/sederet-wajah-baru-di-timnas-indonesia-era-john-herdman-jelang-fifa-matchday
406,Kompas,2026-06-01,"Timnas U19 Indonesia Vs Myanmar, Bekal Kedalaman dan Pengalaman",0,https://bola.kompas.com/read/2026/06/01/13100298/timnas-u19-indonesia-vs-myanmar-bekal-kedalaman-dan-pengalaman
407,Kompas,2026-06-01,"Persib Tampil di ASEAN Club Championship, Ujian di 4 Ajang Berbeda",0,https://bola.kompas.com/read/2026/06/01/12571978/persib-tampil-di-asean-club-championship-ujian-di-4-ajang-berbeda
408,Kompas,2026-06-01,Rahasia di Balik Kekalahan Arsenal di Liga Champions,1,https://bola.kompas.com/read/2026/06/01/12550028/rahasia-di-balik-kekalahan-arsenal-di-liga-champions
409,Kompas,2026-06-01,"Daftar Skuad Australia di Piala Dunia 2026, Rekan Setim Jay Idzes Jadi Debutan",1,https://bola.kompas.com/read/2026/06/01/12365538/daftar-skuad-australia-di-piala-dunia-2026-rekan-setim-jay-idzes-jadi-debutan
410,Kompas,2026-06-01,"Peraturan Baru di Piala Dunia 2026, Jeda Taktik Kiper Cedera Dilarang",0,https://bola.kompas.com/read/2026/06/01/12130768/peraturan-baru-di-piala-dunia-2026-jeda-taktik-kiper-cedera-dilarang
411,Kompas,2026-06-01,Seberapa Berbahaya Sebenarnya Nonton Piala Dunia 2026 di Meksiko?,1,https://bola.kompas.com/read/2026/06/01/12100028/seberapa-berbahaya-sebenarnya-nonton-piala-dunia-2026-di-meksiko-
412,Kompas,2026-06-01,Timnas Jerman Agendakan Uji Coba Lagi Hadapi Finlandia dengan Format Khusus,0,https://bola.kompas.com/read/2026/06/01/11385798/timnas-jerman-agendakan-uji-coba-lagi-hadapi-finlandia-dengan-format-khusus
413,Kompas,2026-06-01,"Profil Timnas Oman, Calon Lawan Indonesia di FIFA Matchday Juni 2026",0,https://bola.kompas.com/read/2026/06/01/10360668/profil-timnas-oman-calon-lawan-indonesia-di-fifa-matchday-juni-2026
414,Kompas,2026-06-01,"Keraguan Ancelotti Usai Brasil Vs Panama 6-2, Ada Rencana untuk Neymar",1,https://bola.kompas.com/read/2026/06/01/10270998/keraguan-ancelotti-usai-brasil-vs-panama-6-2-ada-rencana-untuk-neymar
415,Kompas,2026-06-01,"Dari Kudus Menuju Timnas, Talenta Sepak Bola Putri Indonesia Terus Muncul",0,https://bola.kompas.com/read/2026/06/01/09585508/dari-kudus-menuju-timnas-talenta-sepak-bola-putri-indonesia-terus-muncul
416,Kompas,2026-06-01,"Timnas U19 Indonesia Vs Myanmar, Modal Garuda Petik Kemenangan Perdana",0,https://bola.kompas.com/read/2026/06/01/09050568/timnas-u19-indonesia-vs-myanmar-modal-garuda-petik-kemenangan-perdana
417,Kompas,2026-06-01,"Klarifikasi Aurelien Tchouameni, Bantah Pukul Federico Valverde",0,https://bola.kompas.com/read/2026/06/01/08564758/klarifikasi-aurelien-tchouameni-bantah-pukul-federico-valverde
418,Kompas,2026-06-01,Timnas U19 Indonesia Vs Myanmar: Nova Tenang Tunggu Mathew Baker,0,https://bola.kompas.com/read/2026/06/01/08460158/timnas-u19-indonesia-vs-myanmar-nova-tenang-tunggu-mathew-baker
419,Kompas,2026-06-01,Declan Rice Balas Sindiran Pembenci di Parade Juara Arsenal,1,https://bola.kompas.com/read/2026/06/01/08281648/declan-rice-balas-sindiran-pembenci-di-parade-juara-arsenal
420,Kompas,2026-06-01,"Jadwal Siaran Langsung Polytron Indonesia Open 2026, Tayang di Mana?",1,https://www.kompas.com/badminton/read/2026/06/01/08193558/jadwal-siaran-langsung-polytron-indonesia-open-2026-tayang-di-mana
421,Kompas,2026-06-01,"Lima Kali Jadi “Manusia Silver”, Fajar/Fikri Bingung Antiklimaks di Final",1,https://www.kompas.com/badminton/read/2026/06/01/08170928/lima-kali-jadi-manusia-silver-fajar-fikri-bingung-antiklimaks-di-final
422,Kompas,2026-06-01,Cukup 2 Tahun Bagi Mathew Baker Buktikan Diri Layak Tembus Timnas Indonesia,0,https://bola.kompas.com/read/2026/06/01/08050038/cukup-2-tahun-bagi-mathew-baker-buktikan-diri-layak-tembus-timnas-indonesia
423,Kompas,2026-06-01,"Daftar Skuad Uruguay di Piala Dunia 2026, Valverde Sampai Nunez Dibawa",0,https://bola.kompas.com/read/2026/06/01/07252488/daftar-skuad-uruguay-di-piala-dunia-2026-valverde-sampai-nunez-dibawa
424,Kompas,2026-06-01,Jadwal Siaran Langsung Timnas U19 Indonesia Vs Myanmar di Piala AFF,0,https://bola.kompas.com/read/2026/06/01/06563518/jadwal-siaran-langsung-timnas-u19-indonesia-vs-myanmar-di-piala-aff
425,Kompas,2026-06-01,Hasil Brasil Vs Panama 6-2: Perbedaan Kelas dari Pasukan Ancelotti,0,https://bola.kompas.com/read/2026/06/01/06354568/hasil-brasil-vs-panama-6-2-perbedaan-kelas-dari-pasukan-ancelotti
426,Kompas,2026-06-01,Hasil Jerman Vs Finlandia 4-0: Modal Positif Der Panzer Jelang Piala Dunia,0,https://bola.kompas.com/read/2026/06/01/06063858/hasil-jerman-vs-finlandia-4-0-modal-positif-der-panzer-jelang-piala-dunia
427,Kompas,2026-06-01,Daftar 23 Pemain Timnas Indonesia untuk Lawan Oman dan Mozambik,0,https://bola.kompas.com/read/2026/06/01/05011248/daftar-23-pemain-timnas-indonesia-untuk-lawan-oman-dan-mozambik
428,Kompas,2026-06-01,"Indonesia ke Final IFA7 World Championship 2026, Sinar Talenta Papua",0,https://bola.kompas.com/read/2026/06/01/04400038/indonesia-ke-final-ifa7-world-championship-2026-sinar-talenta-papua
429,Kompas,2026-06-01,"Campus League 2026 Regional Jakarta Tuntas, Babak The Nationals Siap Digelar",0,https://www.kompas.com/sports/read/2026/06/01/04342748/campus-league-2026-regional-jakarta-tuntas-babak-the-nationals-siap
430,Kompas,2026-06-01,Juventus Harapkan Gaet Brahim Diaz jika Nico Paz Pulang ke Real Madrid,0,https://bola.kompas.com/read/2026/06/01/04315798/juventus-harapkan-gaet-brahim-diaz-jika-nico-paz-pulang-ke-real-madrid
431,Kompas,2026-06-01,Riyad Mahrez dan Putra Zidane Masuk Skuad Aljazair di Piala Dunia 2026,0,https://bola.kompas.com/read/2026/06/01/01100048/riyad-mahrez-dan-putra-zidane-masuk-skuad-aljazair-di-piala-dunia-2026
432,Kompas,2026-06-01,"Ibrahima Konate Resmi Tinggalkan Liverpoool, Susul Mo Salah dan Robertson",1,https://bola.kompas.com/read/2026/06/01/00330588/ibrahima-konate-resmi-tinggalkan-liverpoool-susul-mo-salah-dan-robertson
433,Kompas,2026-06-01,"Persib Hadapi Manila Digger di Play-Off ACL Two 2026-2027, Ulangi Duel Musim Lalu",0,https://bola.kompas.com/read/2026/06/01/00170058/persib-hadapi-manila-digger-di-play-off-acl-two-2026-2027-ulangi-duel-musim-lalu
434,Kompas,2026-05-31,John Herdman Siapkan Atmosfer Mengerikan Jakarta untuk Musuh Timnas Indonesia,1,https://bola.kompas.com/read/2026/05/31/23300938/john-herdman-siapkan-atmosfer-mengerikan-jakarta-untuk-musuh-timnas-indonesia
435,Kompas,2026-05-31,Khvicha Kvaratskhelia Jadi Pemain Terbaik Liga Champions 2025-2026,0,https://bola.kompas.com/read/2026/05/31/23142268/khvicha-kvaratskhelia-jadi-pemain-terbaik-liga-champions-2025-2026
436,Kompas,2026-05-31,"Garuda Calling untuk FIFA Matchday Juni, Ada Mathew Baker dan Saddil!",1,https://bola.kompas.com/read/2026/05/31/23032808/garuda-calling-untuk-fifa-matchday-juni-ada-mathew-baker-dan-saddil
437,Kompas,2026-05-31,"Luis Suarez Dicoret Uruguay untuk Piala Dunia 2026, Era Marcelo Bielsa Berlanjut Tanpa El Pistolero",0,https://bola.kompas.com/read/2026/05/31/22382148/luis-suarez-dicoret-uruguay-untuk-piala-dunia-2026-era-marcelo-bielsa-berlanjut
438,Kompas,2026-05-31,Nova Arianto dan Mimpi Besar Membentuk Generasi Baru Timnas Indonesia,1,https://bola.kompas.com/read/2026/05/31/21253568/nova-arianto-dan-mimpi-besar-membentuk-generasi-baru-timnas-indonesia
439,Kompas,2026-05-31,Juventus Buka Kans Rekrut Alisson Usai Arne Slot Dipecat Liverpool,1,https://bola.kompas.com/read/2026/05/31/21214828/juventus-buka-kans-rekrut-alisson-usai-arne-slot-dipecat-liverpool
440,Kompas,2026-05-31,"Gagal Juara di Singapura, Fajar/Fikri Bidik Polytron Indonesia Open 2026",0,https://www.kompas.com/badminton/read/2026/05/31/21145628/gagal-juara-di-singapura-fajar-fikri-bidik-polytron-indonesia-open-2026
441,Kompas,2026-05-31,Pesan John Herdman untuk Fans Timnas Indonesia Jelang Piala Asia 2027,1,https://bola.kompas.com/read/2026/05/31/21074688/pesan-john-herdman-untuk-fans-timnas-indonesia-jelang-piala-asia-2027
442,Kompas,2026-05-31,"Rafael Leao Ingin Hengkang dari AC Milan, Siap Main di Liga Lain",1,https://bola.kompas.com/read/2026/05/31/20434698/rafael-leao-ingin-hengkang-dari-ac-milan-siap-main-di-liga-lain
443,Kompas,2026-05-31,Nova Arianto Bicara Persaingan di Grup A ASEAN U19 Championship 2026,0,https://bola.kompas.com/read/2026/05/31/20394948/nova-arianto-bicara-persaingan-di-grup-a-asean-u19-championship-2026
444,Kompas,2026-05-31,"Rekap Hasil Final Singapore Open: Gelar Merata, Indonesia 1 Runner-up",0,https://www.kompas.com/badminton/read/2026/05/31/20283068/rekap-hasil-final-singapore-open-gelar-merata-indonesia-1-runner-up
445,Kompas,2026-05-31,"Jelang Piala Dunia 2026, Rodri Sebut Timnas Spanyol Era 2010-an Sulit Dilampaui",0,https://bola.kompas.com/read/2026/05/31/20252148/jelang-piala-dunia-2026-rodri-sebut-timnas-spanyol-era-2010-an-sulit-dilampaui
446,Kompas,2026-05-31,Rodri Santai Meski Spanyol Dijagokan Juara Piala Dunia 2026,0,https://bola.kompas.com/read/2026/05/31/19354458/rodri-santai-meski-spanyol-dijagokan-juara-piala-dunia-2026
447,Kompas,2026-05-31,"Neymar Pakai Nomor Keramat Brasil di Piala Dunia 2026, Samai Rekor Pele",0,https://bola.kompas.com/read/2026/05/31/19200268/neymar-pakai-nomor-keramat-brasil-di-piala-dunia-2026-samai-rekor-pele
448,Kompas,2026-05-31,"Depak Brasil, Indonesia Tembus Final IFA7 World Championship 2026",0,https://bola.kompas.com/read/2026/05/31/19044298/depak-brasil-indonesia-tembus-final-ifa7-world-championship-2026
449,Kompas,2026-05-31,"Pengamat Sebut Bobotoh Kehilangan Bojan Hodak, Orang Kroasia Berjiwa Sunda",1,https://bola.kompas.com/read/2026/05/31/18534348/pengamat-sebut-bobotoh-kehilangan-bojan-hodak-orang-kroasia-berjiwa-sunda
450,Kompas,2026-05-31,Rekor Kuat Luis Enrique di Final Usai Bawa PSG Pertahankan Gelar UCL,0,https://bola.kompas.com/read/2026/05/31/18424408/rekor-kuat-luis-enrique-di-final-usai-bawa-psg-pertahankan-gelar-ucl
451,Kompas,2026-05-31,"Hasil Final Singapore Open: Ditekan Ganda India, Fajar/Fikri Runner-up",0,https://www.kompas.com/badminton/read/2026/05/31/18424458/hasil-final-singapore-open-ditekan-ganda-india-fajar-fikri-runner-up
452,Kompas,2026-05-31,"Jadwal Jerman Vs Finlandia, Nagelsmann Punya Target Khusus",1,https://bola.kompas.com/read/2026/05/31/18232608/jadwal-jerman-vs-finlandia-nagelsmann-punya-target-khusus
453,Kompas,2026-05-31,Klub Inggris Kompak Ejek Arsenal Setelah Gagal di Final Liga Champions,1,https://bola.kompas.com/read/2026/05/31/17191338/klub-inggris-kompak-ejek-arsenal-setelah-gagal-di-final-liga-champions
454,Kompas,2026-05-31,PSG Samai Rekor Liga Champions Barcelona dari Era Patrick Kluivert,0,https://bola.kompas.com/read/2026/05/31/16494788/psg-samai-rekor-liga-champions-barcelona-dari-era-patrick-kluivert
455,Kompas,2026-05-31,Total Pemasukan PSG di Liga Champions 2025-2026 Usai Menjadi Juara,0,https://bola.kompas.com/read/2026/05/31/16131318/total-pemasukan-psg-di-liga-champions-2025-2026-usai-menjadi-juara
456,Kompas,2026-05-31,Arteta Ungkap Alasan Tunjuk Gabriel Jadi Eksekutor Penentu di Adu Penalti,1,https://bola.kompas.com/read/2026/05/31/15503378/arteta-ungkap-alasan-tunjuk-gabriel-jadi-eksekutor-penentu-di-adu-penalti
457,Kompas,2026-05-31,Emmanuel Petit Sebut Rahasia Kesuksesan PSG: Bebas dari Ego,0,https://bola.kompas.com/read/2026/05/31/15483268/emmanuel-petit-sebut-rahasia-kesuksesan-psg-bebas-dari-ego
458,Kompas,2026-05-31,Kemenangan KO Sunan dan Lelang Foto Ellyas Pical Warnai Pattimura International Big Fight 2026,1,https://www.kompas.com/sports/read/2026/05/31/15335248/kemenangan-ko-sunan-dan-lelang-foto-ellyas-pical-warnai-pattimura
459,Kompas,2026-05-31,Arsenal dan Kutukan 10 Tahun Berakhiran Angka Enam di Liga Champions,0,https://bola.kompas.com/read/2026/05/31/15322008/arsenal-dan-kutukan-10-tahun-berakhiran-angka-enam-di-liga-champions
460,Kompas,2026-05-31,"Insiden 'Asian Passing' Terjadi Lagi, Kini Dialami Lee Kangin di Liga Champions",0,https://bola.kompas.com/read/2026/05/31/15245858/insiden-asian-passing-terjadi-lagi-kini-dialami-lee-kangin-di-liga-champions
461,Kompas,2026-05-31,Stadion Teladan Medan Batal Jadi Venue ASEAN U19 Championship 2026,0,https://bola.kompas.com/read/2026/05/31/14573538/stadion-teladan-medan-batal-jadi-venue-asean-u19-championship-2026
462,Kompas,2026-05-31,Xavi Hernandez Sebut Pep Guardiola Perlu Latih Tim Nasional,0,https://bola.kompas.com/read/2026/05/31/14473178/xavi-hernandez-sebut-pep-guardiola-perlu-latih-tim-nasional
463,Kompas,2026-05-31,"Luis Enrique Gambarkan Final Liga Champions 2025-2026, Tamparan Buat Inter Milan",1,https://bola.kompas.com/read/2026/05/31/14335758/luis-enrique-gambarkan-final-liga-champions-2025-2026-tamparan-buat-inter-milan
464,Kompas,2026-05-31,Pengamat Sebut Persib Butuh Pemain Seperti Tyronne Del Pino Musim Depan,1,https://bola.kompas.com/read/2026/05/31/13393338/pengamat-sebut-persib-butuh-pemain-seperti-tyronne-del-pino-musim-depan
465,Kompas,2026-05-31,"Penuhi Tuntutan Taktik Hansi Flick, Barcelona Bidik Pelatih Kebugaran Baru",0,https://bola.kompas.com/read/2026/05/31/13345308/penuhi-tuntutan-taktik-hansi-flick-barcelona-bidik-pelatih-kebugaran-baru
466,Kompas,2026-05-31,"Isyarat Pensiun Usai Bela AC Milan, Luka Modric Bakal Kembali ke Real Madrid?",1,https://bola.kompas.com/read/2026/05/31/13055868/isyarat-pensiun-usai-bela-ac-milan-luka-modric-bakal-kembali-ke-real-madrid
467,Kompas,2026-05-31,PSG Vs Arsenal: Odegaard Bela Eze dan Magalhaes Usai Gagal di Adu Penalti,0,https://bola.kompas.com/read/2026/05/31/12590398/psg-vs-arsenal-odegaard-bela-eze-dan-magalhaes-usai-gagal-di-adu-penalti
468,Kompas,2026-05-31,"Daftar Pemain Persib Habis Kontrak 2026, Ada Barba dan Frans Putros",1,https://bola.kompas.com/read/2026/05/31/12315748/daftar-pemain-persib-habis-kontrak-2026-ada-barba-dan-frans-putros
469,Kompas,2026-05-31,"Arsenal Tak Berkutik di Adu Penalti, Declan Rice: Seperti Lotre",0,https://bola.kompas.com/read/2026/05/31/12165518/arsenal-tak-berkutik-di-adu-penalti-declan-rice-seperti-lotre
470,Kompas,2026-05-31,"Arsenal Gagal Juara Liga Champions, Kasihan Gabriel...",1,https://bola.kompas.com/read/2026/05/31/12144538/arsenal-gagal-juara-liga-champions-kasihan-gabriel
471,Kompas,2026-05-31,Mirwan Suwarso Terkejut Como 1907 Lolos Liga Champions Lebih Cepat dari Target,0,https://bola.kompas.com/read/2026/05/31/12140458/mirwan-suwarso-terkejut-como-1907-lolos-liga-champions-lebih-cepat-dari-target
472,Kompas,2026-05-31,"Timnas U19 Indonesia Vs Myanmar, Nova Arianto Bahas Target Garuda Muda",1,https://bola.kompas.com/read/2026/05/31/12062238/timnas-u19-indonesia-vs-myanmar-nova-arianto-bahas-target-garuda-muda
473,Kompas,2026-05-31,"Kaget Prestasi Como, Mirwan Suwarso Singgung Masa Depan Fabregas dan Nico Paz",1,https://bola.kompas.com/read/2026/05/31/11572638/kaget-prestasi-como-mirwan-suwarso-singgung-masa-depan-fabregas-dan-nico-paz
474,Kompas,2026-05-31,"Head-to-Head Fajar/Fikri vs Rankireddy/Shetty, Modal Unggul Tipis",1,https://www.kompas.com/badminton/read/2026/05/31/11513968/head-to-head-fajar-fikri-vs-rankireddy-shetty-modal-unggul-tipis
475,Kompas,2026-05-31,Chelsea Beri Klarifikasi Soal Sindiran untuk Arsenal Usai Gagal Juara di UCL,1,https://bola.kompas.com/read/2026/05/31/11493328/chelsea-beri-klarifikasi-soal-sindiran-untuk-arsenal-usai-gagal-juara-di-ucl
476,Kompas,2026-05-31,Daftar Tim Juara Beruntun Liga Champions: PSG Ikuti Jejak Inter dan AC Milan,0,https://bola.kompas.com/read/2026/05/31/11373838/daftar-tim-juara-beruntun-liga-champions-psg-ikuti-jejak-inter-dan-ac-milan
477,Kompas,2026-05-31,"Arsenal, ""Haramball"" dan Jurang Mentalitas Juara di Hadapan Dominasi Elegan PSG",1,https://bola.kompas.com/read/2026/05/31/11150028/arsenal-haramball-dan-jurang-mentalitas-juara-di-hadapan-dominasi-elegan-psg
478,Kompas,2026-05-31,"Mimpi Liga Champions Kandas, Keown dan Gerrard Sepakat Arsenal Butuh Striker Baru",1,https://bola.kompas.com/read/2026/05/31/11023478/mimpi-liga-champions-kandas-keown-dan-gerrard-sepakat-arsenal-butuh-striker-baru
479,Kompas,2026-05-31,"Serius Tatap ASEAN Championship 2026, Timnas Indonesia Bakal Digembleng di Bali",0,https://bola.kompas.com/read/2026/05/31/10405558/serius-tatap-asean-championship-2026-timnas-indonesia-bakal-digembleng-di-bali
480,Kompas,2026-05-31,"Link Live Streaming Final Singapore Open 2026, Fajar/Fikri Bisa Juara!",0,https://www.kompas.com/badminton/read/2026/05/31/10343558/link-live-streaming-final-singapore-open-2026-fajar-fikri-bisa-juara
481,Kompas,2026-05-31,"Tawaran Rp 2 Triliun Ditolak Atletico, Barcelona Tetap Pede Gaet Alvarez",0,https://bola.kompas.com/read/2026/05/31/10253538/tawaran-rp-2-triliun-ditolak-atletico-barcelona-tetap-pede-gaet-alvarez
482,Kompas,2026-05-31,"Alami Paceklik Gol, Christian Pulisic Yakin Bangkit di Piala Dunia 2026",0,https://bola.kompas.com/read/2026/05/31/09171838/alami-paceklik-gol-christian-pulisic-yakin-bangkit-di-piala-dunia-2026
483,Kompas,2026-05-31,"Kontroversi PSG Vs Arsenal, Arteta Kesal Tak Dapat Hadiah Penalti",0,https://bola.kompas.com/read/2026/05/31/08313798/kontroversi-psg-vs-arsenal-arteta-kesal-tak-dapat-hadiah-penalti
484,Kompas,2026-05-31,Rafael Benitez Blak-blakan Tertarik Jadi Pelatih Timnas Italia,0,https://bola.kompas.com/read/2026/05/31/08282988/rafael-benitez-blak-blakan-tertarik-jadi-pelatih-timnas-italia
485,Kompas,2026-05-31,Daisuke Sato Ungkap Kronologi sampai Persib Kena Sanksi FIFA,1,https://bola.kompas.com/read/2026/05/31/08150358/daisuke-sato-ungkap-kronologi-sampai-persib-kena-sanksi-fifa
486,Kompas,2026-05-31,Jadwal Timnas U19 Indonesia Vs Myanmar: Ujian Pertama Garuda Muda,0,https://bola.kompas.com/read/2026/05/31/08052358/jadwal-timnas-u19-indonesia-vs-myanmar-ujian-pertama-garuda-muda
487,Kompas,2026-05-31,"Tinggalkan Liverpool, Arne Slot Masuk Radar Pelatih Baru AC Milan",1,https://bola.kompas.com/read/2026/05/31/07574078/tinggalkan-liverpool-arne-slot-masuk-radar-pelatih-baru-ac-milan
488,Kompas,2026-05-31,Kebanggaan Joao Neves Usai Antar PSG Raih Dua Liga Champions Beruntun,0,https://bola.kompas.com/read/2026/05/31/07465998/kebanggaan-joao-neves-usai-antar-psg-raih-dua-liga-champions-beruntun
489,Kompas,2026-05-31,"Hadiah Liga Champions, PSG dan Arsenal Raup Lebih dari Rp 2 Triliun",0,https://bola.kompas.com/read/2026/05/31/07390858/hadiah-liga-champions-psg-dan-arsenal-raup-lebih-dari-rp-2-triliun
490,Kompas,2026-05-31,"Daftar Juara Liga Champions: Gelar Kedua PSG, Real Madrid Mendominasi",0,https://bola.kompas.com/read/2026/05/31/07211908/daftar-juara-liga-champions-gelar-kedua-psg-real-madrid-mendominasi
491,Kompas,2026-05-31,"Saat Sepak Bola ""Senang-senang"" PSG Beri Luka untuk Pasukan Arteta...",1,https://bola.kompas.com/read/2026/05/31/07205408/saat-sepak-bola-senang-senang-psg-beri-luka-untuk-pasukan-arteta
492,Kompas,2026-05-31,PSG VS Arsenal: Martin Odegaard Terkesan dengan Aksi Berkelas Marquinhos,0,https://bola.kompas.com/read/2026/05/31/06494768/psg-vs-arsenal-martin-odegaard-terkesan-dengan-aksi-berkelas-marquinhos
493,Kompas,2026-05-31,Kata Mikel Arteta Usai Arsenal Dibekuk PSG di Final Liga Champions,1,https://bola.kompas.com/read/2026/05/31/06201818/kata-mikel-arteta-usai-arsenal-dibekuk-psg-di-final-liga-champions
494,Kompas,2026-05-31,John Herdman Buka Peluang Mathew Baker Akselerasi ke Timnas Senior,0,https://bola.kompas.com/read/2026/05/31/06031658/john-herdman-buka-peluang-mathew-baker-akselerasi-ke-timnas-senior
495,Kompas,2026-05-31,"Hasil PSG Vs Arsenal 1-1 (a.p. 4-3), Joao Neves Sindir Taktik The Gunners",0,https://bola.kompas.com/read/2026/05/31/05573038/hasil-psg-vs-arsenal-1-1-ap-4-3-joao-neves-sindir-taktik-the-gunners
496,Kompas,2026-05-31,Akhir Pilu Arsenal di Liga Champions: Tak Terkalahkan tapi Gagal Juara,1,https://bola.kompas.com/read/2026/05/31/05475298/akhir-pilu-arsenal-di-liga-champions-tak-terkalahkan-tapi-gagal-juara
497,Kompas,2026-05-31,"Hasil PSG Vs Arsenal 1-1 (a.p. 4-3), Steven Gerrard Kritik Eberechi Eze",0,https://bola.kompas.com/read/2026/05/31/05332718/hasil-psg-vs-arsenal-1-1-ap-4-3-steven-gerrard-kritik-eberechi-eze
498,Kompas,2026-05-31,"Rekap Hasil Singapore Open 2026, Fajar/Fikri Wakil Indonesia di Final",0,https://www.kompas.com/badminton/read/2026/05/31/05201718/rekap-hasil-singapore-open-2026-fajar-fikri-wakil-indonesia-di-final
499,Kompas,2026-05-31,"PSG Vs Arsenal 1-1 (a.p. 4-3), Havertz Batal Sejajar Rekor Langka Ronaldo",0,https://bola.kompas.com/read/2026/05/31/05172938/psg-vs-arsenal-1-1-ap-4-3-havertz-batal-sejajar-rekor-langka-ronaldo
500,Kompas,2026-05-31,Kata-kata Pertama Luis Enrique Setelah PSG Pertahankan Gelar Liga Champions,1,https://bola.kompas.com/read/2026/05/31/02283848/kata-kata-pertama-luis-enrique-setelah-psg-pertahankan-gelar-liga-champions
501,Kompas,2026-05-31,"PSG Atasi Arsenal di Final Liga Champions, Samakan Kehebatan Real Madrid",0,https://bola.kompas.com/read/2026/05/31/02120898/psg-atasi-arsenal-di-final-liga-champions-samakan-kehebatan-real-madrid
502,Kompas,2026-05-31,Hasil PSG Vs Arsenal 1-1 (a.p. 4-3): Les Parisiens Pertahankan Gelar UCL!,0,https://bola.kompas.com/read/2026/05/31/02031808/hasil-psg-vs-arsenal-1-1-ap-4-3-les-parisiens-pertahankan-gelar-ucl
503,Kompas,2026-05-31,John Herdman Bongkar Kondisi Terbaru Jay Idzes,1,https://bola.kompas.com/read/2026/05/31/01450088/john-herdman-bongkar-kondisi-terbaru-jay-idzes-
504,Kompas,2026-05-31,Hasil PSG Vs Arsenal 1-1: Gol Dembele Paksa Laga ke Extra Time,0,https://bola.kompas.com/read/2026/05/31/01042608/hasil-psg-vs-arsenal-1-1-gol-dembele-paksa-laga-ke-extra-time
505,Kompas,2026-05-31,"LIVE PSG Vs Arsenal 1-1, Dembele Samakan Skor dari Titik Putih!",0,https://bola.kompas.com/read/2026/05/31/00321048/live-psg-vs-arsenal-1-1-dembele-samakan-skor-dari-titik-putih
506,Kompas,2026-05-31,"Meski Cedera, Neymar Dijamin Tampil Bela Brasil di Piala Dunia 2026",0,https://bola.kompas.com/read/2026/05/31/00223398/meski-cedera-neymar-dijamin-tampil-bela-brasil-di-piala-dunia-2026
507,Kompas,2026-05-30,Hasil HT PSG Vs Arsenal 0-1: Gol Cepat Kai Havertz Kejutkan Juara Bertahan,0,https://bola.kompas.com/read/2026/05/30/23540158/hasil-ht-psg-vs-arsenal-0-1-gol-cepat-kai-havertz-kejutkan-juara-bertahan
508,Kompas,2026-05-30,"LIVE PSG VS Arsenal 0-1, Les Parisien 78 Persen Possession Tanpa Tembakan ke Gawang",0,https://bola.kompas.com/read/2026/05/30/23385478/live-psg-vs-arsenal-0-1-les-parisien-78-persen-possession-tanpa-tembakan-ke
509,Kompas,2026-05-30,"LIVE PSG Vs Arsenal 0-1, Gol Cepat Havertz Bawa Gunners Unggul!",0,https://bola.kompas.com/read/2026/05/30/23103618/live-psg-vs-arsenal-0-1-gol-cepat-havertz-bawa-gunners-unggul
510,Kompas,2026-05-30,Jadwal Final Singapore Open 2026: Kans Fajar/Fikri Akhiri Penantian Ganda Putra,0,https://www.kompas.com/badminton/read/2026/05/30/22430668/jadwal-final-singapore-open-2026-kans-fajar-fikri-akhiri-penantian
511,Kompas,2026-05-30,Daisuke Sato Akhirnya Buka Suara soal Persib Kena Transfer Ban FIFA,1,https://bola.kompas.com/read/2026/05/30/22275948/daisuke-sato-akhirnya-buka-suara-soal-persib-kena-transfer-ban-fifa
512,Kompas,2026-05-30,Kata Pengamat soal Masa Depan Layvin Kurzawa di Persib Bandung,1,https://bola.kompas.com/read/2026/05/30/22004808/kata-pengamat-soal-masa-depan-layvin-kurzawa-di-persib-bandung
513,Kompas,2026-05-30,"Line Up Final Liga Champions PSG vs Arsenal, Dembele dan Havertz Starter",0,https://bola.kompas.com/read/2026/05/30/21534738/line-up-final-liga-champions-psg-vs-arsenal-dembele-dan-havertz-starter
514,Kompas,2026-05-30,"Jelang PSG vs Arsenal, Winterburn Bahas Soal Bola Mati The Gunners",0,https://bola.kompas.com/read/2026/05/30/21274388/jelang-psg-vs-arsenal-winterburn-bahas-soal-bola-mati-the-gunners
515,Kompas,2026-05-30,Link Live Streaming PSG Vs Arsenal di Final UCL 2025-2026,0,https://bola.kompas.com/read/2026/05/30/21181788/link-live-streaming-psg-vs-arsenal-di-final-ucl-2025-2026
516,Kompas,2026-05-30,Harga Jay Idzes Melonjak usai Jadi Pilihan Utama Sassuolo di Serie A 2025-2026,0,https://bola.kompas.com/read/2026/05/30/21014118/harga-jay-idzes-melonjak-usai-jadi-pilihan-utama-sassuolo-di-serie-a-2025-2026
517,Kompas,2026-05-30,Hasil Singapore Open 2026: Fajar/Fikri Fantastis Geprek Ganda China,0,https://www.kompas.com/badminton/read/2026/05/30/20295098/hasil-singapore-open-2026-fajar-fikri-fantastis-geprek-ganda-china
518,Kompas,2026-05-30,"Kevin Diks Hingga Emil Audero Tiba, Timnas Indonesia Siap Gelar TC",0,https://bola.kompas.com/read/2026/05/30/19551998/kevin-diks-hingga-emil-audero-tiba-timnas-indonesia-siap-gelar-tc
519,Kompas,2026-05-30,"Liverpool Pecat Arne Slot, Andoni Iraola Jadi Kandidat Terdepan",0,https://bola.kompas.com/read/2026/05/30/19423758/liverpool-pecat-arne-slot-andoni-iraola-jadi-kandidat-terdepan
520,Kompas,2026-05-30,"Cetak Sejarah, Indonesia Jumpa Brasil di Semifinal IFA7 World Championship",0,https://bola.kompas.com/read/2026/05/30/19392208/cetak-sejarah-indonesia-jumpa-brasil-di-semifinal-ifa7-world-championship
521,Kompas,2026-05-30,Hasil Singapore Open 2026: Langkah Alwi Farhan Terhenti di Semifinal,0,https://www.kompas.com/badminton/read/2026/05/30/19371058/hasil-singapore-open-2026-langkah-alwi-farhan-terhenti-di-semifinal
522,Kompas,2026-05-30,"Raheem Sterling Ditangkap Usai Kecelakaan, Dicurigai dalam Pengaruh Narkoba",0,https://bola.kompas.com/read/2026/05/30/19311128/raheem-sterling-ditangkap-usai-kecelakaan-dicurigai-dalam-pengaruh-narkoba
523,Kompas,2026-05-30,Final UCL PSG Vs Arsenal: Enrique Ingin Les Parisiens Ukir Sejarah,0,https://bola.kompas.com/read/2026/05/30/19244578/final-ucl-psg-vs-arsenal-enrique-ingin-les-parisiens-ukir-sejarah
524,Kompas,2026-05-30,"Liverpool Pecat Arne Slot, Penolakan Fans di Anfield Jadi Sorotan",1,https://bola.kompas.com/read/2026/05/30/19102288/liverpool-pecat-arne-slot-penolakan-fans-di-anfield-jadi-sorotan
525,Kompas,2026-05-30,"AC Milan Kasmaran Pelatih Premier League Lagi, Kini Dekati Oliver Glasner",1,https://bola.kompas.com/read/2026/05/30/19013198/ac-milan-kasmaran-pelatih-premier-league-lagi-kini-dekati-oliver-glasner
526,Kompas,2026-05-30,"Hasil Kualifikasi Moto3 Italia 2026, Veda P13, Kalah Sinar dari Rider Malaysia",0,https://www.kompas.com/motogp/read/2026/05/30/18352038/hasil-kualifikasi-moto3-italia-2026-veda-p13-kalah-sinar-dari-rider
527,Kompas,2026-05-30,Sanksi FIFA untuk Persib Terjadi di Momen yang Tepat,1,https://bola.kompas.com/read/2026/05/30/18325508/sanksi-fifa-untuk-persib-terjadi-di-momen-yang-tepat
528,Kompas,2026-05-30,"Pengamat Soal Sanksi FIFA untuk Persib, Masalah Daisuke Sato Seperti Bom Waktu",1,https://bola.kompas.com/read/2026/05/30/18015448/pengamat-soal-sanksi-fifa-untuk-persib-masalah-daisuke-sato-seperti-bom-waktu
529,Kompas,2026-05-30,Cristiano Ronaldo Bidik Sejarah di Piala Dunia Keenam bersama Portugal,0,https://bola.kompas.com/read/2026/05/30/17300038/cristiano-ronaldo-bidik-sejarah-di-piala-dunia-keenam-bersama-portugal
530,Kompas,2026-05-30,Kata John Herdman Soal Jay Idzes Absen Bela Timnas Indonesia,1,https://bola.kompas.com/read/2026/05/30/17085968/kata-john-herdman-soal-jay-idzes-absen-bela-timnas-indonesia
531,Kompas,2026-05-30,Kritik Thomas Mueller Usai Anthony Gordon Pilih Barcelona,1,https://bola.kompas.com/read/2026/05/30/16564288/kritik-thomas-mueller-usai-anthony-gordon-pilih-barcelona
532,Kompas,2026-05-30,"Hasil Kualifikasi MotoGP Italia 2026: Bezzecchi Pole Position, Pecahkan Rekor",0,https://www.kompas.com/motogp/read/2026/05/30/16464268/hasil-kualifikasi-motogp-italia-2026-bezzecchi-pole-position-pecahkan
533,Kompas,2026-05-30,Preview Patrick Vieira untuk Final Liga Champions 2026,0,https://bola.kompas.com/read/2026/05/30/16285568/preview-patrick-vieira-untuk-final-liga-champions-2026
534,Kompas,2026-05-30,Alasan Herdman Hadirkan Calon Pemain Naturalisasi di TC Timnas Indonesia,1,https://bola.kompas.com/read/2026/05/30/15580168/alasan-herdman-hadirkan-calon-pemain-naturalisasi-di-tc-timnas-indonesia
535,Kompas,2026-05-30,"Head-To-Head Fajar/Fikri vs Liang/Wang, Rapor Oke Bisa Bikin Pede",0,https://www.kompas.com/badminton/read/2026/05/30/15442588/head-to-head-fajar-fikri-vs-liang-wang-rapor-oke-bisa-bikin-pede
536,Kompas,2026-05-30,Atletico Madrid Sindir Barcelona Habis-habisan soal Julian Alvarez,1,https://bola.kompas.com/read/2026/05/30/15161428/atletico-madrid-sindir-barcelona-habis-habisan-soal-julian-alvarez
537,Kompas,2026-05-30,Komentar Dean James Usai Tak Dipanggil ke Timnas Indonesia,1,https://bola.kompas.com/read/2026/05/30/15000828/komentar-dean-james-usai-tak-dipanggil-ke-timnas-indonesia
538,Kompas,2026-05-30,"Bawa Mimpi Warga Indramayu, Persindra Siap Berjuang Habis-habisan di Liga 4 Piala Presiden",1,https://bola.kompas.com/read/2026/05/30/14491778/bawa-mimpi-warga-indramayu-persindra-siap-berjuang-habis-habisan-di-liga-4-piala
539,Kompas,2026-05-30,"Sukses dengan Nico Paz, Como Kembali Incar Pemain Muda Real Madrid",1,https://bola.kompas.com/read/2026/05/30/14350088/sukses-dengan-nico-paz-como-kembali-incar-pemain-muda-real-madrid
540,Kompas,2026-05-30,"Kembali Bertemu di Piala Dunia 2026, Inggris Harus Waspadai Kroasia",1,https://bola.kompas.com/read/2026/05/30/14283788/kembali-bertemu-di-piala-dunia-2026-inggris-harus-waspadai-kroasia
541,Kompas,2026-05-30,Respons Manajemen Persib soal Larangan Registrasi Pemain dari FIFA,1,https://bola.kompas.com/read/2026/05/30/14230778/respons-manajemen-persib-soal-larangan-registrasi-pemain-dari-fifa
542,Kompas,2026-05-30,Calon Pemain Naturalisasi Timnas Indonesia Gabung TC di Jakarta,1,https://bola.kompas.com/read/2026/05/30/14135658/calon-pemain-naturalisasi-timnas-indonesia-gabung-tc-di-jakarta
543,Kompas,2026-05-30,"Head-To-Head Alwi Farhan vs Alex Lanier, Obati Luka Piala Thomas 2026",1,https://www.kompas.com/badminton/read/2026/05/30/14104038/head-to-head-alwi-farhan-vs-alex-lanier-obati-luka-piala-thomas-2026
544,Kompas,2026-05-30,"PSG Vs Arsenal: Demi Trofi Liga Champions Perdana, Arteta Siapkan 3 Kunci",1,https://bola.kompas.com/read/2026/05/30/14052278/psg-vs-arsenal-demi-trofi-liga-champions-perdana-arteta-siapkan-3-kunci
545,Kompas,2026-05-30,"Resmi Gabung Barcelona, Anthony Gordon: Mimpi Saya Sejak Berusia 3 Tahun",0,https://bola.kompas.com/read/2026/05/30/13452238/resmi-gabung-barcelona-anthony-gordon-mimpi-saya-sejak-berusia-3-tahun
546,Kompas,2026-05-30,Persib dan Borneo FC Jadi Wakil Indonesia di ASEAN Club Championship 2026-2027,0,https://bola.kompas.com/read/2026/05/30/13181258/persib-dan-borneo-fc-jadi-wakil-indonesia-di-asean-club-championship-2026-2027
547,Kompas,2026-05-30,"Perjalanan Nilai Pasar Jay Idzes, Terbaru Masuk Daftar Bek Termahal Asia",0,https://bola.kompas.com/read/2026/05/30/12485398/perjalanan-nilai-pasar-jay-idzes-terbaru-masuk-daftar-bek-termahal-asia
548,Kompas,2026-05-30,"Usai Jadi Juara, Persib Kena Sanksi Larangan Registrasi FIFA",0,https://bola.kompas.com/read/2026/05/30/12152908/usai-jadi-juara-persib-kena-sanksi-larangan-registrasi-fifa
549,Kompas,2026-05-30,Alasan Final Liga Champions PSG Vs Arsenal Digelar Lebih Awal,1,https://bola.kompas.com/read/2026/05/30/12053078/alasan-final-liga-champions-psg-vs-arsenal-digelar-lebih-awal
550,Kompas,2026-05-30,Mathew Baker Magang di Timnas Senior Sebelum Tampil di Piala AFF U19 2026,0,https://bola.kompas.com/read/2026/05/30/11432368/mathew-baker-magang-di-timnas-senior-sebelum-tampil-di-piala-aff-u19-2026
551,Kompas,2026-05-30,Timnas U19 Indonesia Dinilai Punya Modal untuk Juara Piala AFF,0,https://bola.kompas.com/read/2026/05/30/11395738/timnas-u19-indonesia-dinilai-punya-modal-untuk-juara-piala-aff
552,Kompas,2026-05-30,Siaran Langsung PSG Vs Arsenal di Final Liga Champions 2025-2026,0,https://bola.kompas.com/read/2026/05/30/11335508/siaran-langsung-psg-vs-arsenal-di-final-liga-champions-2025-2026
553,Kompas,2026-05-30,"Butuh Jenderal Lini Tengah, Juventus Berpeluang Pinjam Camavinga",1,https://bola.kompas.com/read/2026/05/30/11273858/butuh-jenderal-lini-tengah-juventus-berpeluang-pinjam-camavinga
554,Kompas,2026-05-30,Ousmane Dembele: Arsenal Pantas Jadi Lawan PSG di Final Liga Champions,1,https://bola.kompas.com/read/2026/05/30/11205428/ousmane-dembele-arsenal-pantas-jadi-lawan-psg-di-final-liga-champions
555,Kompas,2026-05-30,"Rela Turun Gaji, Bernardo Silva Selangkah Lagi Gabung Barcelona dengan Status Bebas Transfer",1,https://bola.kompas.com/read/2026/05/30/11103708/rela-turun-gaji-bernardo-silva-selangkah-lagi-gabung-barcelona-dengan-status
556,Kompas,2026-05-30,"Hasil Banding Persipura: Hukuman Laga Tanpa Penonton Dipangkas, Denda Membengkak",0,https://bola.kompas.com/read/2026/05/30/10523718/hasil-banding-persipura-hukuman-laga-tanpa-penonton-dipangkas-denda-membengkak
557,Kompas,2026-05-30,"Duet Jay Idzes Terlalu Mahal, Inter Milan Berpaling ke Pilar AS Roma",1,https://bola.kompas.com/read/2026/05/30/10425848/duet-jay-idzes-terlalu-mahal-inter-milan-berpaling-ke-pilar-as-roma
558,Kompas,2026-05-30,"Piala Dunia 2026: Tinggalkan Italia, Rekan Jay Idzes Pilih Bela Australia",0,https://bola.kompas.com/read/2026/05/30/10362538/piala-dunia-2026-tinggalkan-italia-rekan-jay-idzes-pilih-bela-australia
559,Kompas,2026-05-30,"Link Live Streaming Semifinal Singapore Open, Alwi dan Fajar/Fikri Beraksi",0,https://www.kompas.com/badminton/read/2026/05/30/10072898/link-live-streaming-semifinal-singapore-open-alwi-dan-fajar-fikri
560,Kompas,2026-05-30,"PSG Vs Arsenal: Tim Luis Enrique Bisa ""Terbakar"" Kata-kata Arteta",1,https://bola.kompas.com/read/2026/05/30/10000368/psg-vs-arsenal-tim-luis-enrique-bisa-terbakar-kata-kata-arteta
561,Kompas,2026-05-30,Profil Stadion Hard Rock: Arena Ikonis Piala Dunia 2026 yang Sarat Sejarah Olahraga,0,https://bola.kompas.com/read/2026/05/30/09364058/profil-stadion-hard-rock-arena-ikonis-piala-dunia-2026-yang-sarat-sejarah
562,Kompas,2026-05-30,Pengamat Sorot Peluang Menang Timnas Indonesia di FIFA Matchday Juni,1,https://bola.kompas.com/read/2026/05/30/09045218/pengamat-sorot-peluang-menang-timnas-indonesia-di-fifa-matchday-juni
563,Kompas,2026-05-30,Erick Thohir Apresiasi Bank Sumut Jadi Sponsor Utama Piala AFF U19 2026,0,https://bola.kompas.com/read/2026/05/30/09020908/erick-thohir-apresiasi-bank-sumut-jadi-sponsor-utama-piala-aff-u19-2026
564,Kompas,2026-05-30,"PSG Vs Arsenal, Luis Enrique: Tidak Ada Tim Favorit di Laga Puncak",0,https://bola.kompas.com/read/2026/05/30/08494588/psg-vs-arsenal-luis-enrique-tidak-ada-tim-favorit-di-laga-puncak
565,Kompas,2026-05-30,PSG Vs Arsenal: Mikel Arteta Akui Luis Enrique sebagai Panutan,0,https://bola.kompas.com/read/2026/05/30/08181918/psg-vs-arsenal-mikel-arteta-akui-luis-enrique-sebagai-panutan
566,Kompas,2026-05-30,Pengamat Sebut FIFA Matchday Jadi Kans Talenta Lokal Timnas Indonesia,0,https://bola.kompas.com/read/2026/05/30/07445358/pengamat-sebut-fifa-matchday-jadi-kans-talenta-lokal-timnas-indonesia
567,Kompas,2026-05-30,PSG Vs Arsenal: 2 Kunci The Gunners untuk Redam Daya Ledak Paris,1,https://bola.kompas.com/read/2026/05/30/07300128/psg-vs-arsenal-2-kunci-the-gunners-untuk-redam-daya-ledak-paris
568,Kompas,2026-05-30,"Gandeng Bareskrim Polri, TVRI Kalsel Wajibkan Nobar Piala Dunia 2026 Terdaftar Melalui Barcode",1,https://bola.kompas.com/read/2026/05/30/07220198/gandeng-bareskrim-polri-tvri-kalsel-wajibkan-nobar-piala-dunia-2026-terdaftar
569,Kompas,2026-05-30,Hector Souto Pantau Talenta Futsal Indonesia Lewat National Championship 2026,1,https://www.kompas.com/sports/read/2026/05/30/06545748/hector-souto-pantau-talenta-futsal-indonesia-lewat-national-championship
570,Kompas,2026-05-30,"Puji Hansi Flick, Anthony Gordon Sebut Gaya Bermainnya Mirip Raphinha",0,https://bola.kompas.com/read/2026/05/30/06544258/puji-hansi-flick-anthony-gordon-sebut-gaya-bermainnya-mirip-raphinha
571,Kompas,2026-05-30,Allegri Diklaim Sepakat dengan Napoli Sebelum AC Milan Vs Cagliari,0,https://bola.kompas.com/read/2026/05/30/06504828/allegri-diklaim-sepakat-dengan-napoli-sebelum-ac-milan-vs-cagliari
572,Kompas,2026-05-30,Prakiraan Line Up PSG Vs Arsenal di Final Liga Champions 2025-2026,0,https://bola.kompas.com/read/2026/05/30/06464638/prakiraan-line-up-psg-vs-arsenal-di-final-liga-champions-2025-2026
573,Kompas,2026-05-30,PSG Vs Arsenal: The Gunners Bisa Tulis Sejarah Juara Tanpa Kalah,0,https://bola.kompas.com/read/2026/05/30/06383548/psg-vs-arsenal-the-gunners-bisa-tulis-sejarah-juara-tanpa-kalah
574,Kompas,2026-05-30,"Bawa Como 1907 Lolos ke Liga Champions, Cesc Fabregas Dilabeli Pelatih Terbaik di Dunia",0,https://bola.kompas.com/read/2026/05/30/06320138/bawa-como-1907-lolos-ke-liga-champions-cesc-fabregas-dilabeli-pelatih-terbaik-di
575,Kompas,2026-05-30,Bocoran Calon Lawan Timnas Futsal Indonesia di FIFA Matchday November,1,https://bola.kompas.com/read/2026/05/30/06153758/bocoran-calon-lawan-timnas-futsal-indonesia-di-fifa-matchday-november
576,Kompas,2026-05-30,Hasil Laga Uji Coba Jelang Piala Dunia 2026: Iran dan Irak Kompak Petik Kemenangan,0,https://bola.kompas.com/read/2026/05/30/06110018/hasil-laga-uji-coba-jelang-piala-dunia-2026-iran-dan-irak-kompak-petik
577,Kompas,2026-05-30,Cerita Anthony Gordon Belajar Bahasa Spanyol demi Gabung Barcelona,1,https://bola.kompas.com/read/2026/05/30/05464798/cerita-anthony-gordon-belajar-bahasa-spanyol-demi-gabung-barcelona
578,Kompas,2026-05-30,"Resmi Bergabung, Anthony Gordon Jadi Rekrutan Pertama Barcelona Musim Ini",0,https://bola.kompas.com/read/2026/05/30/05252218/resmi-bergabung-anthony-gordon-jadi-rekrutan-pertama-barcelona-musim-ini
579,Kompas,2026-05-30,"Arteta Bidik Sejarah di Liga Champions, Arsenal Ingin Rebut Takhta PSG",0,https://bola.kompas.com/read/2026/05/30/00295938/arteta-bidik-sejarah-di-liga-champions-arsenal-ingin-rebut-takhta-psg
580,Kompas,2026-05-29,"PSG vs Arsenal di Final Liga Champions, Enrique Singung Dua Jalur ke Final",1,https://bola.kompas.com/read/2026/05/29/23094068/psg-vs-arsenal-di-final-liga-champions-enrique-singung-dua-jalur-ke-final
581,Kompas,2026-05-29,"PSG vs Arsenal di Final Liga Champions, Kata Dembele Soal The Gunners",1,https://bola.kompas.com/read/2026/05/29/22421688/psg-vs-arsenal-di-final-liga-champions-kata-dembele-soal-the-gunners
582,Kompas,2026-05-29,Maarten Paes Lamar Sang Kekasih Usai Aksi Heroik Lawan Utrecht,0,https://bola.kompas.com/read/2026/05/29/21521368/maarten-paes-lamar-sang-kekasih-usai-aksi-heroik-lawan-utrecht
583,Kompas,2026-05-29,Rekap Hasil Singapore Open 2026: Indonesia Punya 2 Wakil di Semifinal,0,https://www.kompas.com/badminton/read/2026/05/29/21144338/rekap-hasil-singapore-open-2026-indonesia-punya-2-wakil-di-semifinal
584,Kompas,2026-05-29,Final UCL PSG Vs Arsenal: Arteta Diminta Tak Mainkan Timber dan Lewis-Skelly,0,https://bola.kompas.com/read/2026/05/29/20255258/final-ucl-psg-vs-arsenal-arteta-diminta-tak-mainkan-timber-dan-lewis-skelly
585,Kompas,2026-05-29,"Barcelona Tawar Julian Alvarez, Atletico Patok Harga Rp 2,67 Triliun",0,https://bola.kompas.com/read/2026/05/29/19550548/barcelona-tawar-julian-alvarez-atletico-patok-harga-rp-267-triliun
586,Kompas,2026-05-29,"Timnas Futsal Ikut Turnamen di Brasil, Hector Souto Ingatkan Suporter Soal Ekspektasi",0,https://bola.kompas.com/read/2026/05/29/19452608/timnas-futsal-ikut-turnamen-di-brasil-hector-souto-ingatkan-suporter-soal
587,Kompas,2026-05-29,"Tak Mau Seperti Man United, Legenda Sarankan Liverpool Tak Pecat Slot",0,https://bola.kompas.com/read/2026/05/29/18153548/tak-mau-seperti-man-united-legenda-sarankan-liverpool-tak-pecat-slot
588,Kompas,2026-05-29,"Jay Idzes Absen, Ini Stok Bek Tengah Timnas Indonesia di FIFA Matchday Juni",1,https://bola.kompas.com/read/2026/05/29/18024048/jay-idzes-absen-ini-stok-bek-tengah-timnas-indonesia-di-fifa-matchday-juni
589,Kompas,2026-05-29,Fabrizio Romano: Liverpool Enggan Lepas Alisson ke Juventus,0,https://bola.kompas.com/read/2026/05/29/17541288/fabrizio-romano-liverpool-enggan-lepas-alisson-ke-juventus
590,Kompas,2026-05-29,"Jadwal Piala Presiden 2026 Mundur, PSMS Medan Buka Kans Tuan Rumah",1,https://bola.kompas.com/read/2026/05/29/17465728/jadwal-piala-presiden-2026-mundur-psms-medan-buka-kans-tuan-rumah
591,Kompas,2026-05-29,"Jadwal Siaran Langsung Final Liga Champions PSG Vs Arsenal, Tayang Kapan?",1,https://bola.kompas.com/read/2026/05/29/17184878/jadwal-siaran-langsung-final-liga-champions-psg-vs-arsenal-tayang-kapan
592,Kompas,2026-05-29,Son Heung-min Diragukan Tampil On Fire di Piala Dunia 2026,0,https://bola.kompas.com/read/2026/05/29/16492928/son-heung-min-diragukan-tampil-on-fire-di-piala-dunia-2026
593,Kompas,2026-05-29,"Jay Idzes Absen Bela Timnas di FIFA Matchday Juni 2026, Ungkap Kekecewaan",1,https://bola.kompas.com/read/2026/05/29/16294758/jay-idzes-absen-bela-timnas-di-fifa-matchday-juni-2026-ungkap-kekecewaan
594,Kompas,2026-05-29,"Analisis Skuad Argentina Piala Dunia 2026: 17 Juara Dunia Kembali, 9 Wajah Baru Dipanggil",0,https://bola.kompas.com/read/2026/05/29/16185348/analisis-skuad-argentina-piala-dunia-2026-17-juara-dunia-kembali-9-wajah-baru
595,Kompas,2026-05-29,"Argentina Bidik Sejarah di Piala Dunia, Messi Siap Pimpin Misi Gelar Ganda",0,https://bola.kompas.com/read/2026/05/29/16150708/argentina-bidik-sejarah-di-piala-dunia-messi-siap-pimpin-misi-gelar-ganda
596,Kompas,2026-05-29,Kasus Indisipliner Goyang Calon Lawan Inggris Jelang Piala Dunia 2026,1,https://bola.kompas.com/read/2026/05/29/15490898/kasus-indisipliner-goyang-calon-lawan-inggris-jelang-piala-dunia-2026
597,Kompas,2026-05-29,Ronald Araujo Blak-blakan soal Perjuangan Kesehatan Mentalnya di Barcelona,0,https://bola.kompas.com/read/2026/05/29/15295688/ronald-araujo-blak-blakan-soal-perjuangan-kesehatan-mentalnya-di-barcelona
598,Kompas,2026-05-29,"Cedera, Neymar Berpotensi Absen di Laga Pertama Piala Dunia 2026",1,https://bola.kompas.com/read/2026/05/29/15035588/cedera-neymar-berpotensi-absen-di-laga-pertama-piala-dunia-2026
599,Kompas,2026-05-29,Atletico Madrid Murka ke Barcelona Gara-gara Rumor Julian Alvarez,0,https://bola.kompas.com/read/2026/05/29/14351028/atletico-madrid-murka-ke-barcelona-gara-gara-rumor-julian-alvarez
600,Kompas,2026-05-29,Liverpool Kembali Terancam Kehilangan Bek Inti Secara Gratis,0,https://bola.kompas.com/read/2026/05/29/14165868/liverpool-kembali-terancam-kehilangan-bek-inti-secara-gratis
601,Kompas,2026-05-29,"Anthony Gordon Lebih Dekat ke Barcelona, Bayern Munich Alihkan Pandangan",0,https://bola.kompas.com/read/2026/05/29/14130238/anthony-gordon-lebih-dekat-ke-barcelona-bayern-munich-alihkan-pandangan
602,Kompas,2026-05-29,PSG vs Arsenal: Khvicha Kvaratskhelia Siap Lanjutkan Tren Positif,0,https://bola.kompas.com/read/2026/05/29/13300828/psg-vs-arsenal-khvicha-kvaratskhelia-siap-lanjutkan-tren-positif
603,Kompas,2026-05-29,"Ballon d'Or 2026 akan Dihelat di London, Penghormatan bagi Stanley Matthews",0,https://bola.kompas.com/read/2026/05/29/12484448/ballon-dor-2026-akan-dihelat-di-london-penghormatan-bagi-stanley-matthews
604,Kompas,2026-05-29,"Rumor Ramadhan Sananta ke Persebaya, Pengamat Soroti Nasib Striker Lokal di Liga Indonesia",0,https://bola.kompas.com/read/2026/05/29/12033788/rumor-ramadhan-sananta-ke-persebaya-pengamat-soroti-nasib-striker-lokal-di-liga
605,Kompas,2026-05-29,Cerita Kapten Barcelona Ronald Araujo Soal Perjuangan Kesehatan Mental,1,https://bola.kompas.com/read/2026/05/29/11223018/cerita-kapten-barcelona-ronald-araujo-soal-perjuangan-kesehatan-mental
606,Kompas,2026-05-29,"Tiket Timnas Indonesia Lawan Oman dan Mozambik Belum Ludes, PT GSI Berikan Penjelasan",1,https://bola.kompas.com/read/2026/05/29/11012078/tiket-timnas-indonesia-lawan-oman-dan-mozambik-belum-ludes-pt-gsi-berikan
607,Kompas,2026-05-29,Florentino Perez Siap Bertemu Presiden UEFA Bahas Kasus Negreira,0,https://bola.kompas.com/read/2026/05/29/10345088/florentino-perez-siap-bertemu-presiden-uefa-bahas-kasus-negreira
608,Kompas,2026-05-29,Profil Stadion Lumen: Arena Multifungsi di Washington untuk Piala Dunia 2026,0,https://bola.kompas.com/read/2026/05/29/09551698/profil-stadion-lumen-arena-multifungsi-di-washington-untuk-piala-dunia-2026
609,Kompas,2026-05-29,"Mengenal Stadion Levi's, Venue Piala Dunia 2026 yang Dilengkapi Kebun di Atap",0,https://bola.kompas.com/read/2026/05/29/09321238/mengenal-stadion-levis-venue-piala-dunia-2026-yang-dilengkapi-kebun-di-atap
610,Kompas,2026-05-29,Peraih Perunggu Asian Games Bertarung di Pattimura International Big Fight 2026,0,https://www.kompas.com/sports/read/2026/05/29/09154488/peraih-perunggu-asian-games-bertarung-di-pattimura-international-big-fight
611,Kompas,2026-05-29,"Usai Robertson dan Salah, Liverpool Bisa Ditinggal Satu Bintang Lagi",1,https://bola.kompas.com/read/2026/05/29/09082308/usai-robertson-dan-salah-liverpool-bisa-ditinggal-satu-bintang-lagi
612,Kompas,2026-05-29,Jadwal Singapore Open 2026: Fajar/Fikri dan Alwi Farhan Usung Misi Balas Dendam,0,https://www.kompas.com/badminton/read/2026/05/29/09000058/jadwal-singapore-open-2026-fajar-fikri-dan-alwi-farhan-usung-misi-balas
613,Kompas,2026-05-29,Kata Pochettino soal Rumor Tangani AC Milan Selepas Piala Dunia 2026,1,https://bola.kompas.com/read/2026/05/29/08582358/kata-pochettino-soal-rumor-tangani-ac-milan-selepas-piala-dunia-2026
614,Kompas,2026-05-29,"Bernardo Silva Disebut Segera Gabung Barcelona, Nasib Marcus Rashford Terancam?",1,https://bola.kompas.com/read/2026/05/29/08395028/bernardo-silva-disebut-segera-gabung-barcelona-nasib-marcus-rashford-terancam
615,Kompas,2026-05-29,"Messi Bela Argentina di Piala Dunia 2026, Vinicius Jr Cemas",0,https://bola.kompas.com/read/2026/05/29/08391388/messi-bela-argentina-di-piala-dunia-2026-vinicius-jr-cemas
616,Kompas,2026-05-29,Dari Wembley 2011 hingga Pesan Suara 2026: Kisah Pep dan Ferguson,0,https://bola.kompas.com/read/2026/05/29/07505598/dari-wembley-2011-hingga-pesan-suara-2026-kisah-pep-dan-ferguson
617,Kompas,2026-05-29,"Iran Hadapi Ketidakpastian di Piala Dunia 2026, Belum Punya Visa AS",1,https://bola.kompas.com/read/2026/05/29/07134008/iran-hadapi-ketidakpastian-di-piala-dunia-2026-belum-punya-visa-as
618,Kompas,2026-05-29,Antusiasme Pemain Timnas Indonesia di Game EA Sports FC 26,0,https://bola.kompas.com/read/2026/05/29/07082698/antusiasme-pemain-timnas-indonesia-di-game-ea-sports-fc-26
619,Kompas,2026-05-29,"Bayern Buru Gleison Bremer, Goda Juventus dengan Kim Min-jae",0,https://bola.kompas.com/read/2026/05/29/06432248/bayern-buru-gleison-bremer-goda-juventus-dengan-kim-min-jae
620,Kompas,2026-05-29,"Lionel Messi Masuk Skuad Argentina, Tatap Rekor Piala Dunia Keenam",0,https://bola.kompas.com/read/2026/05/29/06313098/lionel-messi-masuk-skuad-argentina-tatap-rekor-piala-dunia-keenam
621,Kompas,2026-05-29,PSSI Lepas 35 Ribu Tiket Laga Timnas Indonesia Lawan Oman dan Mozambik di SUGBK,0,https://bola.kompas.com/read/2026/05/29/06245108/pssi-lepas-35-ribu-tiket-laga-timnas-indonesia-lawan-oman-dan-mozambik-di-sugbk
622,Kompas,2026-05-29,Legenda Chelsea Usulkan Dua Pemain Gratisan untuk Xabi Alonso,1,https://bola.kompas.com/read/2026/05/29/06130798/legenda-chelsea-usulkan-dua-pemain-gratisan-untuk-xabi-alonso
623,Kompas,2026-05-29,"Rumor Transfer Persebaya, Tavares Bercanda soal Messi dan Ronaldo",0,https://bola.kompas.com/read/2026/05/29/06052948/rumor-transfer-persebaya-tavares-bercanda-soal-messi-dan-ronaldo
624,Kompas,2026-05-29,Daftar Skuad Argentina di Piala Dunia 2026: Ada Lionel Messi,0,https://bola.kompas.com/read/2026/05/29/05594578/daftar-skuad-argentina-di-piala-dunia-2026-ada-lionel-messi
625,Kompas,2026-05-29,"Novela Putria Cetak Sejarah di FIP Bronze Yogyakarta 2026, Didorong ke Premier Padel",0,https://www.kompas.com/sports/read/2026/05/29/05533808/novela-putria-cetak-sejarah-di-fip-bronze-yogyakarta-2026-didorong-ke
626,Kompas,2026-05-29,Kemajuan Lamine Yamal Jadi Angin Segar Spanyol Jelang Piala Dunia 2026,0,https://bola.kompas.com/read/2026/05/29/05500488/kemajuan-lamine-yamal-jadi-angin-segar-spanyol-jelang-piala-dunia-2026
627,Kompas,2026-05-29,Marc Klok Ungkap Persaingan Ketat di TC Timnas Indonesia,0,https://bola.kompas.com/read/2026/05/29/05414678/marc-klok-ungkap-persaingan-ketat-di-tc-timnas-indonesia
628,Kompas,2026-05-29,Massimiliano Allegri Siap Tangani Napoli Usai Ditendang AC Milan,0,https://bola.kompas.com/read/2026/05/29/05314178/massimiliano-allegri-siap-tangani-napoli-usai-ditendang-ac-milan
629,Kompas,2026-05-29,"Hasil Uji Coba: Mesir Tekuk Rusia, Qatar Tumbang di Tangan Irlandia",0,https://bola.kompas.com/read/2026/05/29/05253628/hasil-uji-coba-mesir-tekuk-rusia-qatar-tumbang-di-tangan-irlandia
630,Kompas,2026-05-29,"Marselino Ferdinan Pulih dari Cedera, Siap Turun Bela Timnas Indonesia",0,https://bola.kompas.com/read/2026/05/29/05143978/marselino-ferdinan-pulih-dari-cedera-siap-turun-bela-timnas-indonesia
631,Kompas,2026-05-28,"Transfer Ederson Hampir Rampung, MU Masih Cari Tambahan Gelandang",0,https://bola.kompas.com/read/2026/05/28/22570038/transfer-ederson-hampir-rampung-mu-masih-cari-tambahan-gelandang
632,Kompas,2026-05-28,Reaksi Pelatih Australia Usai Satu Grup dengan Indonesia di Kualifikasi Piala Asia U20,1,https://bola.kompas.com/read/2026/05/28/22274298/reaksi-pelatih-australia-usai-satu-grup-dengan-indonesia-di-kualifikasi-piala
633,Kompas,2026-05-28,"PSSI Gandeng EA Sports FC, Timnas Indonesia Tampil dengan Lisensi Resmi",0,https://bola.kompas.com/read/2026/05/28/22152928/pssi-gandeng-ea-sports-fc-timnas-indonesia-tampil-dengan-lisensi-resmi
634,Kompas,2026-05-28,Stadion Pakansari jadi Kandang Timnas Indonesia di Piala AFF 2026,0,https://bola.kompas.com/read/2026/05/28/22083008/stadion-pakansari-jadi-kandang-timnas-indonesia-di-piala-aff-2026
635,Kompas,2026-05-28,"Pulangkan Shi Yu Qi, Bukti Alwi Farhan Bisa Lawan Rasa Takut dan Cemas",0,https://www.kompas.com/badminton/read/2026/05/28/21551448/pulangkan-shi-yu-qi-bukti-alwi-farhan-bisa-lawan-rasa-takut-dan-cemas
636,Kompas,2026-05-28,"Rekap Hasil Singapore Open 2026, Fajar/Fikri dan Alwi Luar Biasa!",0,https://www.kompas.com/badminton/read/2026/05/28/21485428/rekap-hasil-singapore-open-2026-fajar-fikri-dan-alwi-luar-biasa
637,Kompas,2026-05-28,"Segrup dengan Timnas U20 Indonesia, Pelatih Malaysia Bicara Soal Peluang Lolos",1,https://bola.kompas.com/read/2026/05/28/20351028/segrup-dengan-timnas-u20-indonesia-pelatih-malaysia-bicara-soal-peluang-lolos
638,Kompas,2026-05-28,Reaksi Bernardo Tavares Usai Pemain Persebaya Tak Masuk Skuad Timnas Indonesia,1,https://bola.kompas.com/read/2026/05/28/20021518/reaksi-bernardo-tavares-usai-pemain-persebaya-tak-masuk-skuad-timnas-indonesia
639,Kompas,2026-05-28,Hasil Drawing Kualifikasi Piala Asia U20 2027: Indonesia Segrup Malaysia dan Australia,0,https://bola.kompas.com/read/2026/05/28/19334128/hasil-drawing-kualifikasi-piala-asia-u20-2027-indonesia-segrup-malaysia-dan
640,Kompas,2026-05-28,"Akui Sempat Ragukan Maarten Paes, Pelatih Ajax Kini Angkat Topi",0,https://bola.kompas.com/read/2026/05/28/19061788/akui-sempat-ragukan-maarten-paes-pelatih-ajax-kini-angkat-topi
641,Kompas,2026-05-28,Timnas Indonesia Berpeluang Punya 4 Wakil di Kompetisi Antarklub Eropa Musim Depan,0,https://bola.kompas.com/read/2026/05/28/18485578/timnas-indonesia-berpeluang-punya-4-wakil-di-kompetisi-antarklub-eropa-musim
642,Kompas,2026-05-28,"Hasil Singapore Open 2026: Kejutan Alwi Farhan, Bungkam Shi Yu Qi!",0,https://www.kompas.com/badminton/read/2026/05/28/16473648/hasil-singapore-open-2026-kejutan-alwi-farhan-bungkam-shi-yu-qi
643,Kompas,2026-05-28,Permainan Taktis Jadi Kunci Fajar/Fikri Libas Juara Malaysia Masters,0,https://www.kompas.com/badminton/read/2026/05/28/16440188/permainan-taktis-jadi-kunci-fajar-fikri-libas-juara-malaysia-masters
644,Kompas,2026-05-28,"Akhir Sebuah Era, Alexia Putellas Akhiri 14 Tahun Bersama Barcelona Femeni",0,https://bola.kompas.com/read/2026/05/28/16412738/akhir-sebuah-era-alexia-putellas-akhiri-14-tahun-bersama-barcelona-femeni
645,Kompas,2026-05-28,"Setelah Thomas Doll, Tak Ada Pelatih Persija yang Awet",0,https://bola.kompas.com/read/2026/05/28/16050088/setelah-thomas-doll-tak-ada-pelatih-persija-yang-awet
646,Kompas,2026-05-28,Tantangan Besar Persib Bandung Usai Era Bojan Hodak Berakhir,1,https://bola.kompas.com/read/2026/05/28/15355368/tantangan-besar-persib-bandung-usai-era-bojan-hodak-berakhir
647,Kompas,2026-05-28,"Mourinho Sampai Bilang “Terlalu Hebat”, Calon Pemain Barcelona Ini Jadi Sorotan",1,https://bola.kompas.com/read/2026/05/28/15173608/mourinho-sampai-bilang-terlalu-hebat-calon-pemain-barcelona-ini-jadi-sorotan
648,Kompas,2026-05-28,Hal yang Bikin Ketum Viking Lega Meski Bojan Hodak Bukan Lagi Pelatih,1,https://bola.kompas.com/read/2026/05/28/15133348/hal-yang-bikin-ketum-viking-lega-meski-bojan-hodak-bukan-lagi-pelatih
649,Kompas,2026-05-28,Pesan Pelatih Timnas Spanyol untuk Lamine Yamal Jelang Debut Piala Dunia 2026,1,https://bola.kompas.com/read/2026/05/28/15003308/pesan-pelatih-timnas-spanyol-untuk-lamine-yamal-jelang-debut-piala-dunia-2026
650,Kompas,2026-05-28,"Ditumbangkan Murid Herry IP, Sabar/Reza Goyah Jelang Polytron Indonesia Open",0,https://www.kompas.com/badminton/read/2026/05/28/14372108/ditumbangkan-murid-herry-ip-sabar-reza-goyah-jelang-polytron-indonesia
651,Kompas,2026-05-28,"Hasil Singapore Open 2026, Fajar/Fikri Perkasa Bungkam Ganda Denmark",0,https://www.kompas.com/badminton/read/2026/05/28/14362388/hasil-singapore-open-2026-fajar-fikri-perkasa-bungkam-ganda-denmark
652,Kompas,2026-05-28,"Sarri Letakkan Jabatan Pelatih Lazio, Gattuso Jadi Pengganti?",1,https://bola.kompas.com/read/2026/05/28/14323098/sarri-letakkan-jabatan-pelatih-lazio-gattuso-jadi-pengganti
653,Kompas,2026-05-28,Legenda Leicester City yang Sabet Gelar Liga Inggris Umumkan Pensiun,1,https://bola.kompas.com/read/2026/05/28/14180438/legenda-leicester-city-yang-sabet-gelar-liga-inggris-umumkan-pensiun
654,Kompas,2026-05-28,Patrice Evra Sebut PSG Bisa Cetak 5 Gol jika Arsenal Nekat Main Bertahan Total,0,https://bola.kompas.com/read/2026/05/28/14170948/patrice-evra-sebut-psg-bisa-cetak-5-gol-jika-arsenal-nekat-main-bertahan-total
655,Kompas,2026-05-28,"Krisis Cedera Jelang Piala Dunia 2026, Argentina Panggil Sejumlah Pilar Muda",0,https://bola.kompas.com/read/2026/05/28/13045978/krisis-cedera-jelang-piala-dunia-2026-argentina-panggil-sejumlah-pilar-muda
656,Kompas,2026-05-28,"Grup G Piala Dunia 2026: Ambisi Mesir, Belgia, Iran, dan Selandia Baru",0,https://bola.kompas.com/read/2026/05/28/12514648/grup-g-piala-dunia-2026-ambisi-mesir-belgia-iran-dan-selandia-baru
657,Kompas,2026-05-28,"Saga Transfer Usai, CEO Inter Milan Sebut Bastoni Batal ke Barcelona",0,https://bola.kompas.com/read/2026/05/28/12422718/saga-transfer-usai-ceo-inter-milan-sebut-bastoni-batal-ke-barcelona
658,Kompas,2026-05-28,"Wolves Degradasi Dapat Rp 2,8 Triliun, Inter Milan Juara Serie A Hanya Rp 598 Miliar",0,https://bola.kompas.com/read/2026/05/28/12380028/wolves-degradasi-dapat-rp-28-triliun-inter-milan-juara-serie-a-hanya-rp-598
659,Kompas,2026-05-28,"Hasil Drawing Polytron Indonesia Open 2026, Ganda Putri Ditarget Semifinal",0,https://www.kompas.com/badminton/read/2026/05/28/12331458/hasil-drawing-polytron-indonesia-open-2026-ganda-putri-ditarget
660,Kompas,2026-05-28,Piala Dunia 2026: Lionel Scaloni Akui Lionel Messi Tidak Akan Fit 100 Persen,0,https://bola.kompas.com/read/2026/05/28/12000098/piala-dunia-2026--lionel-scaloni-akui-lionel-messi-tidak-akan-fit-100-persen
661,Kompas,2026-05-28,"Barcelona Percepat Negosiasi Anthony Gordon, Marcus Rashford Masih Dibutuhkan?",1,https://bola.kompas.com/read/2026/05/28/11154278/barcelona-percepat-negosiasi-anthony-gordon-marcus-rashford-masih-dibutuhkan
662,Kompas,2026-05-28,Profil Stadion Houston: Arena Megah Beratap Buka-Tutup di Piala Dunia 2026,0,https://bola.kompas.com/read/2026/05/28/10061878/profil-stadion-houston-arena-megah-beratap-buka-tutup-di-piala-dunia-2026
663,Kompas,2026-05-28,Jaksa Agung New York dan New Jersey Selidiki Kasus Tiket FIFA,0,https://bola.kompas.com/read/2026/05/28/09371568/jaksa-agung-new-york-dan-new-jersey-selidiki-kasus-tiket-fifa
664,Kompas,2026-05-28,"Jika Jadi Presiden Real Madrid, Riquelme Tolak Kembalinya Jose Mourinho",0,https://bola.kompas.com/read/2026/05/28/09130248/jika-jadi-presiden-real-madrid-riquelme-tolak-kembalinya-jose-mourinho
665,Kompas,2026-05-28,Bos Buriram United Desak Klub Thailand Berani Belanja demi Jaga Wibawa di ACL Elite,1,https://bola.kompas.com/read/2026/05/28/09085468/bos-buriram-united-desak-klub-thailand-berani-belanja-demi-jaga-wibawa-di-acl
666,Kompas,2026-05-28,Wakil Papua Athletics Center Rebut Emas di Jakarta Athletics League 2026,0,https://www.kompas.com/sports/read/2026/05/28/08455738/wakil-papua-athletics-center-rebut-emas-di-jakarta-athletics-league-2026
667,Kompas,2026-05-28,Legenda Arsenal Prediksi PSG Kebobolan Banyak Gol di Final Liga Champions,1,https://bola.kompas.com/read/2026/05/28/08295238/legenda-arsenal-prediksi-psg-kebobolan-banyak-gol-di-final-liga-champions
668,Kompas,2026-05-28,Masa Depan Nico Paz di Tangan Mirwan Suwarso dan Manajemen Como,1,https://bola.kompas.com/read/2026/05/28/08075408/masa-depan-nico-paz-di-tangan-mirwan-suwarso-dan-manajemen-como
669,Kompas,2026-05-28,Kata Adam Wharton Usai Crystal Palace Juarai Conference League,1,https://bola.kompas.com/read/2026/05/28/07452348/kata-adam-wharton-usai-crystal-palace-juarai-conference-league
670,Kompas,2026-05-28,Kisah 375 Hari Oliver Glasner: Persembahkan 3 Trofi ke Crystal Palace,0,https://bola.kompas.com/read/2026/05/28/07411648/kisah-375-hari-oliver-glasner-persembahkan-3-trofi-ke-crystal-palace
671,Kompas,2026-05-28,"Setia Bersama Real Madrid, Vinicius Junior: Saya Ingin Tinggal di Sini Seumur Hidup",0,https://bola.kompas.com/read/2026/05/28/07102588/setia-bersama-real-madrid-vinicius-junior-saya-ingin-tinggal-di-sini-seumur
672,Kompas,2026-05-28,Timnas AS Ingin Publik Jatuh Cinta dengan Sepak Bola di Piala Dunia 2026,0,https://bola.kompas.com/read/2026/05/28/07101318/timnas-as-ingin-publik-jatuh-cinta-dengan-sepak-bola-di-piala-dunia-2026
673,Kompas,2026-05-28,"Kembali ke Aturan 1:1 LaLiga, Barcelona Kembali Agresif di Bursa Transfer Musim Panas?",1,https://bola.kompas.com/read/2026/05/28/06313478/kembali-ke-aturan-11-laliga-barcelona-kembali-agresif-di-bursa-transfer-musim
674,Kompas,2026-05-28,Tekad Cesc Fabregas Kerja Keras Siapkan Como ke Liga Champions,0,https://bola.kompas.com/read/2026/05/28/06245398/tekad-cesc-fabregas-kerja-keras-siapkan-como-ke-liga-champions
675,Kompas,2026-05-28,Makna Hattrick Juara Persib Bandung Bagi Marc Klok,1,https://bola.kompas.com/read/2026/05/28/06183518/makna-hattrick-juara-persib-bandung-bagi-marc-klok
676,Detik,2026-06-06,Seri Nasional Basket Campus League Berebut Tiket ke Asia,0,https://sport.detik.com/basket/d-8520914/seri-nasional-basket-campus-league-berebut-tiket-ke-asia
677,Detik,2026-06-06,Timnas Basket Putri RI Lolos Piala Asia U-18 2026,0,https://sport.detik.com/basket/d-8520558/timnas-basket-putri-ri-lolos-piala-asia-u-18-2026
678,Detik,2024-11-21,900 Perenang Ikut Kejurnas Antarklub Indonesia,0,https://sport.detik.com/sport-lain/d-7650697/900-perenang-ikut-kejurnas-antarklub-indonesia
679,Detik,2026-06-06,Final NBA 2026: Ketat! Knicks Menang 105-104 di Game Kedua,0,https://sport.detik.com/basket/d-8520275/final-nba-2026-ketat-knicks-menang-105-104-di-game-kedua
680,Detik,2026-06-04,"Final NBA 2026: Brunson Panas, Knicks Kalahkan Spurs di Game Pertama",0,https://sport.detik.com/basket/d-8517296/final-nba-2026-brunson-panas-knicks-kalahkan-spurs-di-game-pertama
681,Detik,2026-06-01,Final NBA 2026: Pembuktian Wembanyama Vs Brunson,0,https://sport.detik.com/basket/d-8513255/final-nba-2026-pembuktian-wembanyama-vs-brunson
682,Detik,2026-06-01,"Campus League 2026 Serie Jakarta Tuntas, Lanjut ke Tingkat Nasional",0,https://sport.detik.com/basket/d-8512605/campus-league-2026-serie-jakarta-tuntas-lanjut-ke-tingkat-nasional
683,Detik,2026-05-31,"Singkirkan Juara Bertahan OKC, Spurs Hadapi Knicks di Final NBA 2026",0,https://sport.detik.com/basket/d-8511957/singkirkan-juara-bertahan-okc-spurs-hadapi-knicks-di-final-nba-2026
684,Detik,2026-05-31,UPH dan Binus Kuasai Final Campus League 2026 Jakarta,0,https://sport.detik.com/basket/d-8511506/uph-dan-binus-kuasai-final-campus-league-2026-jakarta
685,Detik,2026-05-31,"Dokumenter KITA Dirilis Lagi, Cerita di Balik Layar IBL 2026",0,https://sport.detik.com/basket/d-8511460/dokumenter-kita-dirilis-lagi-cerita-di-balik-layar-ibl-2026
686,Detik,2026-05-23,16 Tim Basket Universitas Akan Bersaing di Campus League 2026 Jakarta,0,https://sport.detik.com/basket/d-8501791/16-tim-basket-universitas-akan-bersaing-di-campus-league-2026-jakarta
687,Detik,2026-05-21,Pelita Jaya Tergiur Main di East Asia Super League,0,https://sport.detik.com/basket/d-8498395/pelita-jaya-tergiur-main-di-east-asia-super-league
688,Detik,2026-05-20,"Asia Pacific Cup 2026 Hadir di Jakarta, Panggung Basket Muda Asia Pasifik",0,https://sport.detik.com/basket/d-8497308/asia-pacific-cup-2026-hadir-di-jakarta-panggung-basket-muda-asia-pasifik
689,Detik,2026-05-14,"Menuju Pra-Kualifikasi Piala Asia, Perbasi Jaring Atlet IBL dan Luar Negeri",0,https://sport.detik.com/basket/d-8489316/menuju-pra-kualifikasi-piala-asia-perbasi-jaring-atlet-ibl-dan-luar-negeri
690,Detik,2026-05-13,"Bintang NBA Brandon Clarke Wafat, Diduga OD",0,https://sport.detik.com/basket/d-8487819/bintang-nba-brandon-clarke-wafat-diduga-od
691,Detik,2026-05-11,10 Tim SMA Berburu Tiket Kejuaraan Asia-Pasifik,1,https://sport.detik.com/basket/d-8484979/10-tim-sma-berburu-tiket-kejuaraan-asia-pasifik
692,Detik,2026-05-09,Hangtuah dan FIBA Kerjasama Demi Masa Depan Basket Indonesia,0,https://sport.detik.com/basket/d-8481218/hangtuah-dan-fiba-kerjasama-demi-masa-depan-basket-indonesia
693,Detik,2026-05-07,"2 Kali Kalah, Timnas Basket 3x3 RI Tak Lolos Kualifikasi Women's Series",0,https://sport.detik.com/basket/d-8479196/2-kali-kalah-timnas-basket-3x3-ri-tak-lolos-kualifikasi-womens-series
694,Detik,2026-05-07,Perbasi Matangkan Persiapan Timnas Basket untuk Asia Cup dan World Cup,0,https://sport.detik.com/basket/d-8478710/perbasi-matangkan-persiapan-timnas-basket-untuk-asia-cup-dan-world-cup
695,Detik,2026-05-06,FIBA Perkuat Pengembangan Basket Akar Rumput di Indonesia,0,https://sport.detik.com/basket/d-8476951/fiba-perkuat-pengembangan-basket-akar-rumput-di-indonesia
696,Detik,2026-05-05,Perbasi Panggil 24 Pemain Timnas Basket Putri untuk TC Asian Games 2026,0,https://sport.detik.com/basket/d-8475799/perbasi-panggil-24-pemain-timnas-basket-putri-untuk-tc-asian-games-2026
697,Detik,2026-05-05,FIBA 3x3 Women's Series 2026 Jadi Bagian Seleksi Atlet ke Asian Games,0,https://sport.detik.com/basket/d-8475426/fiba-3x3-womens-series-2026-jadi-bagian-seleksi-atlet-ke-asian-games
698,Detik,2026-05-02,Urban Hoops 3x3 Challenge: Ajang Pengembangan Talenta Basket Muda,0,https://sport.detik.com/basket/d-8471140/urban-hoops-3x3-challenge-ajang-pengembangan-talenta-basket-muda
699,Detik,2026-04-30,Ubaya Rebut Gelar Ganda di Campus League Basketball Regional Surabaya,0,https://sport.detik.com/basket/d-8467876/ubaya-rebut-gelar-ganda-di-campus-league-basketball-regional-surabaya
700,Detik,2026-04-23,"Musim ke-23 yang Lebih Seru, Jangan Lewatkan Pelita Jaya vs Rans Simba Bogor",1,https://sport.detik.com/basket/d-8458449/musim-ke-23-yang-lebih-seru-jangan-lewatkan-pelita-jaya-vs-rans-simba-bogor
701,Detik,2026-04-23,"Timnas Basket 3x3 Terbang ke China, Siap Tempur di Asian Beach Games 2026",0,https://sport.detik.com/basket/d-8458038/timnas-basket-3x3-terbang-ke-china-siap-tempur-di-asian-beach-games-2026
702,Detik,2026-04-22,"Lexyndo Hakim Terpilih Lagi Jadi Ketua Perbasi DKI 2026-2030, Ini Programnya",1,https://sport.detik.com/basket/d-8456100/lexyndo-hakim-terpilih-lagi-jadi-ketua-perbasi-dki-2026-2030-ini-programnya
703,Detik,2026-04-22,Perbasi DKI Target Sapu Bersih PON 2028: Bidik 4 Emas dari 5on5 dan 3x3,0,https://sport.detik.com/basket/d-8455963/perbasi-dki-target-sapu-bersih-pon-2028-bidik-4-emas-dari-5on5-dan-3x3
704,Detik,2026-04-14,Perbasi Sambut Terobosan Ditjen Imigrasi Mudahkan Administrasi Atlet Asing,0,https://sport.detik.com/basket/d-8442938/perbasi-sambut-terobosan-ditjen-imigrasi-mudahkan-administrasi-atlet-asing
705,Detik,2026-04-12,"Jelang Play-off, Pelita Jaya Rekrut Top Skor Liga Jepang Perrin Buford",0,https://sport.detik.com/basket/d-8441234/jelang-play-off-pelita-jaya-rekrut-top-skor-liga-jepang-perrin-buford
706,Detik,2026-04-02,Praktis Ikuti Semua Home Game Pelita Jaya dengan Season Pass di detikevent!,0,https://sport.detik.com/basket/d-8427043/praktis-ikuti-semua-home-game-pelita-jaya-dengan-season-pass-di-detikevent
707,Detik,2026-04-01,"Pelita Jaya vs Dewa United di IBL Gopay 2026, Siapa Menang?",1,https://sport.detik.com/basket/d-8425722/pelita-jaya-vs-dewa-united-di-ibl-gopay-2026-siapa-menang
708,Detik,2026-03-31,Saksikan Duel Seru Pelita Jaya vs Dewa United di IBL Gopay 2026,0,https://sport.detik.com/basket/d-8423597/saksikan-duel-seru-pelita-jaya-vs-dewa-united-di-ibl-gopay-2026
709,Detik,2026-03-31,Satu Tiket untuk Nonton Semua Match Pelita Jaya 2026 Tanpa Ribet di detikevent,0,https://sport.detik.com/basket/d-8423477/satu-tiket-untuk-nonton-semua-match-pelita-jaya-2026-tanpa-ribet-di-detikevent
710,Detik,2026-03-22,Basket RI Masuk Pembahasan di EASL Asia Basketball Summit 2026,0,https://sport.detik.com/basket/d-8410638/basket-ri-masuk-pembahasan-di-easl-asia-basketball-summit-2026
711,Detik,2026-03-17,"IBL All Star 2026 Hadir di Kota Kembang, Mulai 11 April",0,https://sport.detik.com/basket/d-8404148/ibl-all-star-2026-hadir-di-kota-kembang-mulai-11-april
712,Detik,2026-03-11,"Heat Tekuk Wizards, Adebayo Lewati Rekor Poin per Laga Kobe Bryant",0,https://sport.detik.com/basket/d-8395308/heat-tekuk-wizards-adebayo-lewati-rekor-poin-per-laga-kobe-bryant
713,Detik,2026-02-26,Mario Wuysang Iri Lihat Format IBL Saat Ini,0,https://sport.detik.com/basket/d-8374840/mario-wuysang-iri-lihat-format-ibl-saat-ini
714,Detik,2026-02-26,"Kejar Kesuksesan, Hangtuah Jakarta 'Berguru' ke Perth Wildcats",0,https://sport.detik.com/basket/d-8374304/kejar-kesuksesan-hangtuah-jakarta-berguru-ke-perth-wildcats
715,Detik,2026-02-18,Dewa United akan Jalani Debut di Liga Basket Asia-Timur 2026,0,https://sport.detik.com/basket/d-8361670/dewa-united-akan-jalani-debut-di-liga-basket-asia-timur-2026
716,Detik,2026-02-16,"USA Stars Juara NBA All-Star 2026, Anthony Edwards Raih Kobe Bryant MVP",0,https://sport.detik.com/basket/d-8358151/usa-stars-juara-nba-all-star-2026-anthony-edwards-raih-kobe-bryant-mvp
717,Detik,2026-02-13,Agar Pelita Jaya Makin Besar di Jakarta,1,https://sport.detik.com/basket/d-8353921/agar-pelita-jaya-makin-besar-di-jakarta
718,Detik,2026-02-12,Pelita Jaya Siap Hadapi Hangtuah di Laga Papan Atas IBL GoPay 2026,0,https://sport.detik.com/basket/d-8353046/pelita-jaya-siap-hadapi-hangtuah-di-laga-papan-atas-ibl-gopay-2026
719,Detik,2026-02-11,"Bogor Hornbills Buka Era Baru, Hadapi Pelita Jaya di IBL GoPay 2026",0,https://sport.detik.com/basket/d-8351085/bogor-hornbills-buka-era-baru-hadapi-pelita-jaya-di-ibl-gopay-2026
720,Detik,2026-02-10,"PJ Vs Bogor Hornbills, Aksi Perdana Travin Thibodeaux di Musim IBL GoPay 2026",0,https://sport.detik.com/basket/d-8349675/pj-vs-bogor-hornbills-aksi-perdana-travin-thibodeaux-di-musim-ibl-gopay-2026
721,Detik,2026-02-08,Pelita Jaya Dapat 'Tenaga' Baru Arungi IBL 2026,1,https://sport.detik.com/basket/d-8345879/pelita-jaya-dapat-tenaga-baru-arungi-ibl-2026
722,Detik,2026-01-29,Daftar MVP NBA All-Star Sepanjang Masa: Dari Michael Jordan hingga LeBron,0,https://sport.detik.com/basket/d-8331421/daftar-mvp-nba-all-star-sepanjang-masa-dari-michael-jordan-hingga-lebron
723,Detik,2026-01-27,Roster Pemain NBA All-Stars 2026: Daftar Lengkap East Team & West Team,0,https://sport.detik.com/basket/d-8328127/roster-pemain-nba-all-stars-2026-daftar-lengkap-east-team-west-team
724,Detik,2026-01-23,"Season Pass Pelita Jaya IBL GoPay 2026: All Akses Match, Beli Detik Ini Juga!",1,https://sport.detik.com/basket/d-8321966/season-pass-pelita-jaya-ibl-gopay-2026-all-akses-match-beli-detik-ini-juga
725,Detik,2026-01-22,Pemain Ex-NBA Siap Warnai Laga Pelita Jaya vs Satya Wacana di IBL Gopay 2026,1,https://sport.detik.com/basket/d-8318711/pemain-ex-nba-siap-warnai-laga-pelita-jaya-vs-satya-wacana-di-ibl-gopay-2026
726,Detik,2026-01-21,Saksikan IBL Gopay 2026 Pelita Jaya Jakarta Vs Kesatria Bengawan Solo!,0,https://sport.detik.com/basket/d-8318306/saksikan-ibl-gopay-2026-pelita-jaya-jakarta-vs-kesatria-bengawan-solo
727,Detik,2026-01-15,Agar Pemain Satria Muda Fit Terus dan Bebas Cedera,1,https://sport.detik.com/basket/d-8308012/agar-pemain-satria-muda-tetap-fit-dan-bebas-cedera
728,Detik,2026-01-12,Kahf Optimalkan Panggung IBL untuk Kampanye Donasi dan Main Bersih Award,1,https://sport.detik.com/basket/d-8303339/kahf-optimalkan-panggung-ibl-untuk-kampanye-donasi-dan-main-bersih-award
729,Detik,2026-01-08,Misi Bintang Lima Pelita Jaya di IBL 2026,1,https://sport.detik.com/basket/d-8298427/misi-bintang-lima-pelita-jaya-di-ibl-2026
730,Detik,2026-01-08,"Tim dengan Final NBA Terbanyak Sepanjang Masa, Ada Tim Jagoanmu?",1,https://sport.detik.com/basket/d-8298263/tim-dengan-final-nba-terbanyak-sepanjang-masa-ada-tim-jagoanmu
731,Detik,2026-01-08,10 Pemain dengan Assist Terbanyak Sepanjang Masa NBA,0,https://sport.detik.com/basket/d-8297841/10-pemain-dengan-assist-terbanyak-sepanjang-masa-nba
732,Detik,2026-01-08,7 Pemain dengan MVP NBA Terbanyak,0,https://sport.detik.com/basket/d-8297473/7-pemain-dengan-mvp-nba-terbanyak
733,Detik,2026-01-08,Satria Muda Dapat 'Energi' Baru Sambut IBL 2026,1,https://sport.detik.com/basket/d-8296892/satria-muda-dapat-energi-baru-sambut-ibl-2026
734,Detik,2026-01-07,10 Pelatih dengan Kemenangan Terbanyak Sepanjang Sejarah NBA,0,https://sport.detik.com/basket/d-8296454/10-pelatih-dengan-kemenangan-terbanyak-sepanjang-sejarah-nba
735,Detik,2026-01-06,"Dewa United Vs Pelita Jaya Buka IBL 2026, Andakara Ingin Awal yang Baik",0,https://sport.detik.com/basket/d-8295144/dewa-united-vs-pelita-jaya-buka-ibl-2026-andakara-ingin-awal-yang-baik
736,Detik,2025-12-31,10 Tim NBA Tersukses Sepanjang Sejarah Berdasarkan Gelar,0,https://sport.detik.com/basket/d-8286612/10-tim-nba-tersukses-sepanjang-sejarah-berdasarkan-gelar
737,Detik,2025-12-31,IBL 2025 Tandai Momen Sejarah Kebangkitan Liga Basket Nasional,0,https://sport.detik.com/basket/d-8285174/ibl-2025-tandai-momen-sejarah-kebangkitan-liga-basket-nasional
738,Detik,2025-12-19,SEA Games 2025: Indonesia Tambah Dua Perunggu dari Basket,0,https://sport.detik.com/basket/d-8268076/sea-games-2025-indonesia-tambah-dua-perunggu-dari-basket
739,Detik,2025-12-15,Jadwal Basket Putra dan Putri Indonesia di SEA Games 2025,0,https://sport.detik.com/basket/d-8260341/jadwal-basket-putra-dan-putri-indonesia-di-sea-games-2025
740,Detik,2025-12-11,"IBL 2026 Mulai 10 Januari, Dijanjikan Lebih Menarik dan Kompetitif",0,https://sport.detik.com/basket/d-8255572/ibl-2026-mulai-10-januari-dijanjikan-lebih-menarik-dan-kompetitif
741,Detik,2025-12-11,SEA Games 2025: Timnas 3x3 Putri Tak Sia-siakan Kesempatan Emas,0,https://sport.detik.com/basket/d-8255443/sea-games-2025-timnas-3x3-putri-tak-sia-siakan-kesempatan-emas
742,Detik,2025-12-10,Jadwal Basket Indonesia di SEA Games 2025 Thailand,0,https://sport.detik.com/basket/d-8252502/jadwal-basket-indonesia-di-sea-games-2025-thailand
743,Detik,2025-12-10,Ini Roster 3x3 Terbaik dari Perbasi untuk SEA Games 2025!,1,https://sport.detik.com/basket/d-8251180/ini-roster-3x3-terbaik-dari-perbasi-untuk-sea-games-2025
744,Detik,2025-12-08,Pelita Jaya Jakarta Buka Kesempatan ke Atlet Pelajar,0,https://sport.detik.com/basket/d-8249952/pelita-jaya-jakarta-buka-kesempatan-ke-atlet-pelajar
745,Detik,2025-12-04,Perbasi Perkuat Database Basket Indonesia,0,https://sport.detik.com/basket/d-8243961/perbasi-perkuat-database-basket-indonesia
746,Detik,2025-12-03,Target Rans di IBL 2026: Ingin Terpeleset Jadi Juara,1,https://sport.detik.com/basket/d-8242279/target-rans-di-ibl-2026-ingin-terpeleset-jadi-juara
747,Detik,2025-11-29,Pelatih Timnas Basket RI Kantongi Skuad Bayangan untuk SEA Games 2025,0,https://sport.detik.com/basket/d-8235013/pelatih-timnas-basket-ri-kantongi-skuad-bayangan-untuk-sea-games-2025
748,Detik,2025-11-18,"Posisi Pemain Basket: Penjelasan Point Guard, Shooting Guard, Forward, Center",0,https://sport.detik.com/basket/d-8216188/posisi-pemain-basket-penjelasan-point-guard-shooting-guard-forward-center
749,Detik,2025-11-14,"Jelang IBL 2026, Dua Pebasket Ini Dapat 'Senjata' Baru",1,https://sport.detik.com/basket/d-8211477/jelang-ibl-2026-dua-pebasket-ini-dapat-senjata-baru
750,Detik,2025-11-11,Cara Meningkatkan Vertical Jump untuk Pemain Basket,1,https://sport.detik.com/basket/d-8205530/cara-meningkatkan-vertical-jump-untuk-pemain-basket
751,Detik,2025-11-09,Sejarah Bola Basket: Dari YMCA ke NBA,0,https://sport.detik.com/basket/d-8201334/sejarah-bola-basket-dari-ymca-ke-nba
752,Detik,2025-11-06,Latihan Kebugaran untuk Pemain Basket,0,https://sport.detik.com/basket/d-8197096/latihan-kebugaran-untuk-pemain-basket
753,Detik,2025-11-01,"Peraturan Dasar Basket: Waktu, Pelanggaran, dan Free Throw",0,https://sport.detik.com/basket/d-8188772/peraturan-dasar-basket-waktu-pelanggaran-dan-free-throw
754,Detik,2025-10-31,Ukuran Lapangan Basket: Standar NBA & FIBA,0,https://sport.detik.com/basket/d-8186826/ukuran-lapangan-basket-standar-nba-fiba
755,Detik,2025-10-30,Penggemar Basket di Indonesia Bisa Ikut Nikmati Tayangan NBA,1,https://sport.detik.com/basket/d-8185068/penggemar-basket-di-indonesia-bisa-ikut-nikmati-tayangan-nba
756,Detik,2025-10-29,"Latihan di AS Bagus, Timnas Basket Putri Pede Ukir Prestasi di SEA Games",0,https://sport.detik.com/basket/d-8184536/latihan-di-as-bagus-timnas-basket-putri-pede-ukir-prestasi-di-sea-games
757,Detik,2025-10-20,"Elite Pro Championship Hadir Lagi, 3 Tim IBL Ambil Bagian",0,https://sport.detik.com/basket/d-8168595/elite-pro-championship-hadir-lagi-3-tim-ibl-ambil-bagian
758,Detik,2025-10-15,Hangtuah Jakarta Punya Presiden dan Pemilik Baru,1,https://sport.detik.com/basket/d-8161068/hangtuah-jakarta-punya-presiden-dan-pemilik-baru
759,Detik,2025-10-14,SEA Games 2025: Timnas Basket Coret 3 Nama,1,https://sport.detik.com/basket/d-8160733/sea-games-2025-timnas-basket-coret-3-nama
760,Detik,2025-10-13,Hasil Basket 3x3 Indonesia Tournament Seri Jawa,0,https://sport.detik.com/basket/d-8159271/hasil-basket-3x3-indonesia-tournament-seri-jawa
761,Detik,2025-10-05,Seri Jawa 3x3 Indonesia Tournament 2025 Segera Bergulir,0,https://sport.detik.com/basket/d-8146629/seri-jawa-3x3-indonesia-tournament-2025-segera-bergulir
762,Detik,2025-10-02,TC Timnas Basket SEA Games: David Singleton Pulangkan 6 Pemain,0,https://sport.detik.com/basket/d-8141841/tc-timnas-basket-sea-games-david-singleton-pulangkan-6-pemain
763,Detik,2025-09-29,"Timnas Basket 3x3 U-17 Putri Juara, Ukir Sejarah di Singapura",0,https://sport.detik.com/basket/d-8135350/timnas-basket-3x3-u-17-putri-juara-ukir-sejarah-di-singapura
764,Detik,2025-09-21,Timnas Basket 3x3 RI Petik Pelajaran dari 2 Kekalahan di Manila,0,https://sport.detik.com/basket/d-8122745/timnas-basket-3x3-ri-petik-pelajaran-dari-2-kekalahan-di-manila
765,Detik,2025-09-19,"Asaba Gelar Ajang Basket Veteran, Dapat Ponten Positif",0,https://sport.detik.com/basket/d-8121059/asaba-gelar-ajang-basket-veteran-dapat-ponten-positif
766,Detik,2025-09-18,Optimisme Perbasi pada Menpora Erick Thohir,0,https://sport.detik.com/basket/d-8118034/optimisme-perbasi-pada-menpora-erick-thohir
767,Detik,2025-09-14,Pelatih Timnas Basket RI David Singleton Bagi Ilmu ke 50 Pebasket Muda,0,https://sport.detik.com/basket/d-8111905/pelatih-timnas-basket-ri-david-singleton-bagi-ilmu-ke-50-pebasket-muda
768,Detik,2025-09-11,David Singleton Senang Rencana TC Timnas Basket Sesuai Harapan,1,https://sport.detik.com/basket/d-8107636/david-singleton-senang-rencana-tc-timnas-basket-sesuai-harapan
769,Detik,2025-09-08,BTN Panggil 24 Pebasket Ikuti TC SEA Games 2025,0,https://sport.detik.com/basket/d-8101973/btn-panggil-24-pebasket-ikuti-tc-sea-games-2025
770,Detik,2025-09-06,Kejuaraan 3x3 Indonesia 2025 Bergulir Lagi Akhir Pekan Ini,1,https://sport.detik.com/basket/d-8098365/kejuaraan-3x3-indonesia-2025-bergulir-lagi-akhir-pekan-ini
771,Detik,2025-09-04,Penghormatan untuk Kobe Bryant pada Mamba Day 2025 di Singapura,0,https://sport.detik.com/basket/d-8096171/penghormatan-untuk-kobe-bryant-pada-mamba-day-2025-di-singapura
772,Detik,2025-08-27,The Professor Terkesan dengan Antusiasme Streetball RI,1,https://sport.detik.com/basket/d-8082412/the-professor-terkesan-dengan-antusiasme-streetball-ri
773,Detik,2025-08-27,Tantangan Perbasi bagi DIY untuk Lahirkan Bibit-bibit Pebasket Potensial,1,https://sport.detik.com/basket/d-8081149/tantangan-perbasi-bagi-diy-untuk-lahirkan-bibit-bibit-pebasket-potensial
774,Detik,2025-08-22,Para Peserta Basket 3x3 Indonesia Tournament 2025 Antusias Menanti Laga,1,https://sport.detik.com/basket/d-8073192/para-peserta-basket-3x3-indonesia-tournament-2025-antusias-menanti-laga
775,Detik,2025-08-19,Tim Basket Harlem Globetrotters Kembali Beraksi di Tanah Air,0,https://sport.detik.com/basket/d-8069488/tim-basket-harlem-globetrotters-kembali-beraksi-di-tanah-air
776,Detik,2026-06-07,"BNI-PBSI Cetak Bibit Baru Juara, Raymond/Joaquin ke Final Indonesia Open 2026",0,https://sport.detik.com/raket/d-8521373/bni-pbsi-cetak-bibit-baru-juara-raymond-joaquin-ke-final-indonesia-open-2026
777,Detik,2026-06-07,Jadwal Final Indonesia Open 2026: Jonatan & Raymond/Joaquin Berburu Gelar,0,https://sport.detik.com/raket/d-8521221/jadwal-final-indonesia-open-2026-jonatan-raymond-joaquin-berburu-gelar
778,Detik,2026-06-07,Jonatan Antisipasi Kecepatan Victor Lai di Final Indonesia Open,0,https://sport.detik.com/raket/d-8521166/jonatan-antisipasi-kecepatan-victor-lai-di-final-indonesia-open
779,Detik,2026-06-07,"Tembus Final, Raymond/Joaquin Berterima Kasih pada Penonton",0,https://sport.detik.com/raket/d-8521167/tembus-final-raymond-joaquin-berterima-kasih-pada-penonton
780,Detik,2026-06-06,Hasil Lengkap Semifinal Indonesia Open 2026: RI Loloskan 2 Wakil ke Final,0,https://sport.detik.com/raket/d-8521149/hasil-lengkap-semifinal-indonesia-open-2026-ri-loloskan-2-wakil-ke-final
781,Detik,2026-06-06,"Hasil Indonesia Open 2026: Atasi Sabar/Reza, Raymond/Joaquin Tembus Final",0,https://sport.detik.com/raket/d-8521120/hasil-indonesia-open-2026-atasi-sabar-reza-raymond-joaquin-tembus-final
782,Detik,2026-06-06,"Tekuk Maja Chwalinska, Mirra Andreeva Juara French Open 2026",0,https://sport.detik.com/raket/d-8521119/tekuk-maja-chwalinska-mirra-andreeva-juara-french-open-2026
783,Detik,2026-06-06,Hasil Indonesia Open 2026: Rachel/Febi Disingkirkan Unggulan Pertama,0,https://sport.detik.com/raket/d-8521094/hasil-indonesia-open-2026-rachel-febi-disingkirkan-unggulan-pertama
784,Detik,2026-06-06,"Jonatan ke Final Indonesia Open 2026, Bukti Pengalaman Berbicara",0,https://sport.detik.com/raket/d-8521032/jonatan-ke-final-indonesia-open-2026-bukti-pengalaman-berbicara
785,Detik,2026-06-06,"Tembus Final, Jonatan Christie: Saya Sudah Lama Menunggu Momen Ini",0,https://sport.detik.com/raket/d-8520930/tembus-final-jonatan-christie-saya-sudah-lama-menunggu-momen-ini
786,Detik,2026-06-06,"Indonesia Open 2026: Tekuk Thailand, Jonatan Christie Tembus Final!",0,https://sport.detik.com/raket/d-8520839/indonesia-open-2026-tekuk-thailand-jonatan-christie-tembus-final
787,Detik,2026-06-06,Final French Open 2026: Misi Pecah Telur Alexander Zverev,0,https://sport.detik.com/raket/d-8520713/final-french-open-2026-misi-pecah-telur-alexander-zverev
788,Detik,2026-06-06,Jadwal Indonesia Open 2026 Hari Ini: Sabar/Reza Vs Raymond/Joaquin,0,https://sport.detik.com/raket/d-8520001/jadwal-indonesia-open-2026-hari-ini-sabar-reza-vs-raymond-joaquin
789,Detik,2026-06-05,Semifinal Indonesia Open: Sabar/Reza Waspadai Kecepatan Raymond/Joaquin,0,https://sport.detik.com/raket/d-8519944/semifinal-indonesia-open-sabar-reza-waspadai-kecepatan-raymond-joaquin
790,Detik,2026-06-05,Kevin Sanjaya Berharap pada Raymond/Joaquin,1,https://sport.detik.com/raket/d-8519931/kevin-sanjaya-berharap-pada-raymond-joaquin
791,Detik,2026-06-05,Hasil Indonesia Open 2026: 4 Wakil Indonesia Tembus Semifinal,0,https://sport.detik.com/raket/d-8519930/hasil-indonesia-open-2026-4-wakil-indonesia-tembus-semifinal
792,Detik,2026-06-05,Jonatan Lolos ke Semifinal Indonesia Open 2026,0,https://sport.detik.com/raket/d-8519903/jonatan-lolos-ke-semifinal-indonesia-open-2026
793,Detik,2026-06-05,"Datang ke Istora, Kevin Sanjaya Mau Comeback?",1,https://sport.detik.com/raket/d-8519864/datang-ke-istora-kevin-sanjaya-mau-comeback
794,Detik,2026-06-05,"Indonesia Open 2026: Sabar/Reza Lolos Semifinal, Hadapi Raymond/Joaquin",0,https://sport.detik.com/raket/d-8519495/indonesia-open-2026-sabar-reza-lolos-semifinal-hadapi-raymond-joaquin
795,Detik,2026-06-05,"Lolos Semifinal Indonesia Open, Raymond/Joaquin: Luar Biasa Banget",0,https://sport.detik.com/raket/d-8519448/lolos-semifinal-indonesia-open-raymond-joaquin-luar-biasa-banget
796,Detik,2026-06-05,Indonesia Open 2026: Raymond/Joaquin ke Semifinal Usai Kalahkan Jepang,0,https://sport.detik.com/raket/d-8519287/indonesia-open-2026-raymond-joaquin-ke-semifinal-usai-kalahkan-jepang
797,Detik,2026-06-05,Putri KW Masih Kesulitan Atasi Pemain Top 4 Dunia,0,https://sport.detik.com/raket/d-8519043/putri-kw-masih-kesulitan-atasi-pemain-top-4-dunia
798,Detik,2026-06-05,Indonesia Open 2026: Putri KW Kandas di Perempatfinal,0,https://sport.detik.com/raket/d-8518942/indonesia-open-2026-putri-kw-kandas-di-perempatfinal
799,Detik,2026-06-05,Final Tunggal Putri French Open 2026: Andreeva Vs Chwalinska,0,https://sport.detik.com/raket/d-8518771/final-tunggal-putri-french-open-2026-andreeva-vs-chwalinska
800,Detik,2026-06-05,Tekad Sabar/Reza Jadikan Indonesia Open Sebagai Momen Bangkit,0,https://sport.detik.com/raket/d-8518561/tekad-sabar-reza-jadikan-indonesia-open-sebagai-momen-bangkit
801,Detik,2026-06-05,"Tak Sangka Menang, Jonatan Pikir Kalah Dua Gim dari Alwi Farhan",0,https://sport.detik.com/raket/d-8518581/tak-sangka-menang-jonatan-pikir-kalah-dua-gim-dari-alwi-farhan
802,Detik,2026-06-04,Indonesia Open 2026: Jonatan Singkirkan Alwi Farhan,0,https://sport.detik.com/raket/d-8518412/indonesia-open-2026-jonatan-singkirkan-alwi-farhan
803,Detik,2026-06-04,Indonesia Open 2026: Jafar/Felisha Dihentikan Malaysia,0,https://sport.detik.com/raket/d-8518300/indonesia-open-2026-jafar-felisha-dihentikan-malaysia
804,Detik,2026-06-04,Karel Mainaky Tak Sangka Tiga Ganda Putri RI Tembus Perempatfinal,1,https://sport.detik.com/raket/d-8518275/karel-mainaky-tak-sangka-tiga-ganda-putri-ri-tembus-perempatfinal
805,Detik,2026-06-04,Hasil Indonesia Open 2026: Raymond/Joaquin Tapaki Perempatfinal,0,https://sport.detik.com/raket/d-8518199/hasil-indonesia-open-2026-raymond-joaquin-tapaki-perempatfinal
806,Detik,2026-06-04,Hasil Indonesia Open 2026: Sabar/Reza Lanjut ke Perempatfinal,0,https://sport.detik.com/raket/d-8518074/hasil-indonesia-open-2026-sabar-reza-lanjut-ke-perempatfinal
807,Detik,2026-06-04,"Usai Revans atas Michelle Li, Putri KW Kini Bidik Pecah Telur Lawan Chen Yufei",1,https://sport.detik.com/raket/d-8517944/usai-revans-atas-michelle-li-putri-kw-kini-bidik-pecah-telur-lawan-chen-yufei
808,Detik,2026-06-04,Fadia/Tiwi Senang Ganda Putri Indonesia Kirim Tiga Wakil ke Perempatfinal,1,https://sport.detik.com/raket/d-8517883/fadia-tiwi-senang-ganda-putri-indonesia-kirim-tiga-wakil-ke-perempatfinal
809,Detik,2026-06-04,"Indonesia Open 2026: Putri KW Menang, Tantang Chen Yufei di 8 Besar",0,https://sport.detik.com/raket/d-8517861/indonesia-open-2026-putri-kw-menang-tantang-chen-yufei-di-8-besar
810,Detik,2026-06-04,Hasil Indonesia Open 2026: Amalia/Fadia Maju ke Perempatfinal,0,https://sport.detik.com/raket/d-8517699/hasil-indonesia-open-2026-amalia-fadia-maju-ke-perempatfinal
811,Detik,2026-06-04,Ganda Putri Indonesia Sudah Kunci Tiket Semifinal di Indonesia Open 2026,0,https://sport.detik.com/raket/d-8517626/ganda-putri-indonesia-sudah-kunci-tiket-semifinal-di-indonesia-open-2026
812,Detik,2026-06-04,Hasil Indonesia Open 2026: Ana/Trias dan Rachel/Febi Lanjut ke Perempatfinal,0,https://sport.detik.com/raket/d-8517417/hasil-indonesia-open-2026-ana-trias-dan-rachel-febi-lanjut-ke-perempatfinal
813,Detik,2026-06-04,Penyesalan Adnan/Indah di Angka 17-18: Kalau Ada Waktu Saya Beli,0,https://sport.detik.com/raket/d-8517374/penyesalan-adnan-indah-di-angka-17-18-kalau-ada-waktu-saya-beli
814,Detik,2026-06-04,Indonesia Open 2026: Adnan/Indah Tak Kuasa Bendung Unggulan Pertama,0,https://sport.detik.com/raket/d-8517228/indonesia-open-2026-adnan-indah-tak-kuasa-bendung-unggulan-pertama
815,Detik,2026-06-04,Jadwal Indonesia Open 2026: 11 Wakil RI Main Hari Ini,0,https://sport.detik.com/raket/d-8517139/jadwal-indonesia-open-2026-11-wakil-ri-main-hari-ini
816,Detik,2026-06-04,"Dua Andalan Ganda Putra Keok, Raymond/Joaquin Ingin Buktikan Diri",0,https://sport.detik.com/raket/d-8516909/dua-andalan-ganda-putra-keok-raymond-joaquin-ingin-buktikan-diri
817,Detik,2026-06-03,"Indonesia Open 2026: Menang Rubber Game, Sabar/Reza Lolos",0,https://sport.detik.com/raket/d-8516812/indonesia-open-2026-menang-rubber-game-sabar-reza-lolos
818,Detik,2026-06-03,"Tersingkir di Indonesia Open 2026, Fajar Alfian: Ini yang Terburuk",0,https://sport.detik.com/raket/d-8516543/tersingkir-di-indonesia-open-2026-fajar-alfian-ini-yang-terburuk
819,Detik,2026-06-03,Indonesia Open 2026: Indra/Joaquin Tembus Babak Kedua,0,https://sport.detik.com/raket/d-8516607/indonesia-open-2026-indra-joaquin-tembus-babak-kedua
820,Detik,2026-06-03,"Indonesia Open 2026: Jumpa Ganda Malaysia, Jafar/Felisha Mau Lebih Kompak",1,https://sport.detik.com/raket/d-8516502/indonesia-open-2026-jumpa-ganda-malaysia-jafar-felisha-mau-lebih-kompak
821,Detik,2026-06-03,"Indonesia Open 2026: Revans Atas Pasangan Korsel, Jafar/Felisha Belum Puas",1,https://sport.detik.com/raket/d-8516476/indonesia-open-2026-revans-atas-pasangan-korsel-jafar-felisha-belum-puas
822,Detik,2026-06-03,"Hasil Indonesia Open 2026: Jafar/Felisha Melaju, Rehan/Gloria Tersingkir",0,https://sport.detik.com/raket/d-8516369/hasil-indonesia-open-2026-jafar-felisha-melaju-rehan-gloria-tersingkir
823,Detik,2026-06-03,Hasil Indonesia Open 2026: Fajar/Fikri Langsung Tersingkir,0,https://sport.detik.com/raket/d-8516235/hasil-indonesia-open-2026-fajar-fikri-langsung-tersingkir
824,Detik,2026-06-03,"Tak Masuk Proyeksi Olimpiade LA 2028, Begini Respons Apri/Lanny",1,https://sport.detik.com/raket/d-8516044/tak-masuk-proyeksi-olimpiade-la-2028-begini-respons-apri-lanny
825,Detik,2026-06-03,Hasil Indonesia Open 2026: Tiwi/Fadia Singkirkan Unggulan Ketiga,0,https://sport.detik.com/raket/d-8515908/hasil-indonesia-open-2026-tiwi-fadia-singkirkan-unggulan-ketiga
826,Detik,2026-06-03,Hasil Indonesia Open 2026: Lanny/Apri dan Rian/Rahmat Tersingkir,0,https://sport.detik.com/raket/d-8515820/hasil-indonesia-open-2026-lanny-apri-dan-rian-rahmat-tersingkir
827,Detik,2026-06-03,Indonesia Open 2026: Saat Eeaa...Eeaa di Istora Bikin Alwi Farhan Terlecut,0,https://sport.detik.com/raket/d-8515410/indonesia-open-2026-saat-eeaa-eeaa-di-istora-bikin-alwi-farhan-terlecut
828,Detik,2026-06-03,"Indonesia Open 2026: Jumpa Michelle Lagi, Putri Bakal Total di 16 Besar",1,https://sport.detik.com/raket/d-8515409/indonesia-open-2026-jumpa-michelle-lagi-putri-bakal-total-di-16-besar
829,Detik,2026-06-03,Alwi Farhan Lega Lewati Tantangan Pertama Indonesia Open 2026,0,https://sport.detik.com/raket/d-8515408/alwi-farhan-lega-lewati-tantangan-pertama-indonesia-open-2026
830,Detik,2026-06-03,"Ana/Trias Pasang Target Semifinal, Harap Dukungan Suporter di Istora",0,https://sport.detik.com/raket/d-8515407/ana-trias-pasang-target-semifinal-harap-dukungan-suporter-di-istora
831,Detik,2026-06-02,Leo/Daniel Minta Maaf usai Tersingkir di Babak Pertama Indonesia Open 2026,0,https://sport.detik.com/raket/d-8514968/leo-daniel-minta-maaf-usai-tersingkir-di-babak-pertama-indonesia-open-2026
832,Detik,2026-06-02,"Hasil Indonesia Open 2026: Sikat Tunggal Taiwan, Putri KW ke 16 Besar",0,https://sport.detik.com/raket/d-8515104/hasil-indonesia-open-2026-sikat-tunggal-taiwan-putri-kw-ke-16-besar
833,Detik,2026-06-02,"Jonatan Christie Bidik Gelar Juara Indonesia Open 2026, Jadi Target Terbesar!",0,https://sport.detik.com/raket/d-8514692/jonatan-christie-bidik-gelar-juara-indonesia-open-2026-jadi-target-terbesar
834,Detik,2026-06-02,"Hasil Indonesia Open 2026: Tekuk Lakshya Sen, Alwi Farhan ke 16 Besar",0,https://sport.detik.com/raket/d-8515031/hasil-indonesia-open-2026-tekuk-lakshya-sen-alwi-farhan-ke-16-besar
835,Detik,2026-06-02,"Lolos ke Babak Kedua Indonesia Open, Adnan/Indah Tantang Unggulan Pertama",0,https://sport.detik.com/raket/d-8514420/lolos-ke-babak-kedua-indonesia-open-adnan-indah-tantang-unggulan-pertama
836,Detik,2026-06-02,Hasil Indonesia Open 2026: Leo/Daniel Kalah Rubber Game,0,https://sport.detik.com/raket/d-8514738/hasil-indonesia-open-2026-leo-daniel-kalah-rubber-game
837,Detik,2026-06-02,Hasil Indonesia Open 2026: Ana/Trias dan Amri/Nita Menang,0,https://sport.detik.com/raket/d-8514737/hasil-indonesia-open-2026-ana-trias-dan-amri-nita-menang
838,Detik,2026-06-02,Serena Williams Comeback ke Dunia Tenis di Usia 44 Tahun,0,https://sport.detik.com/raket/d-8514491/serena-williams-comeback-ke-dunia-tenis-di-usia-44-tahun
839,Detik,2026-06-02,Hasil Indonesia Open 2026: Jonatan Menang Dua Gim Langsung,0,https://sport.detik.com/raket/d-8514496/hasil-indonesia-open-2026-jonatan-menang-dua-gim-langsung
840,Detik,2026-06-02,"Hasil Indonesia Open 2026: Adnan/Indah Lolos, Dejan/Bernadine Tersingkir",0,https://sport.detik.com/raket/d-8514388/hasil-indonesia-open-2026-adnan-indah-lolos-dejan-bernadine-tersingkir
841,Detik,2026-06-01,PBSI Tak Bebankan Target Tinggi di Indonesia Open 2026,0,https://sport.detik.com/raket/d-8513511/pbsi-tak-bebankan-target-tinggi-di-indonesia-open-2026
842,Detik,2026-06-01,Indonesia Open 2026 Siapkan Hadiah Total Rp 25 Miliar,0,https://sport.detik.com/raket/d-8513370/indonesia-open-2026-siapkan-hadiah-total-rp-25-miliar
843,Detik,2026-06-01,"Singapore Open 2026: Fajar/Fikri Runner-up Lagi, Akui Masalah Mental",0,https://sport.detik.com/raket/d-8512680/singapore-open-2026-fajar-fikri-runner-up-lagi-akui-masalah-mental
844,Detik,2026-05-31,Singapore Open 2026: Fajar/Fikri Ungkap Sebab Kalah di Final,1,https://sport.detik.com/raket/d-8512549/singapore-open-2026-fajar-fikri-ungkap-sebab-kalah-di-final
845,Detik,2026-05-31,Singapore Open 2026: Fajar/Fikri Kalah dari Rankireddy/Shetty di Final,0,https://sport.detik.com/raket/d-8512312/singapore-open-2026-fajar-fikri-kalah-dari-rankireddy-shetty-di-final
846,Detik,2026-05-31,Singapore Open: Fajar/Fikri Tidak Gentar Hadapi Rankireddy/Shetty di Final,1,https://sport.detik.com/raket/d-8511858/singapore-open-fajar-fikri-tidak-gentar-hadapi-rankireddy-shetty-di-final
847,Detik,2026-05-31,Jadwal Final Singapore Open 2026: Fajar/Fikri Vs Rankireddy/Shetty!,0,https://sport.detik.com/raket/d-8511656/jadwal-final-singapore-open-2026-fajar-fikri-vs-rankireddy-shetty
848,Detik,2026-05-30,"Singapore Open 2026: Main Tertekan, Alwi Farhan Gagal Menang",0,https://sport.detik.com/raket/d-8511309/singapore-open-2026-main-tertekan-alwi-farhan-gagal-menang
849,Detik,2026-05-30,Hasil Singapore Open 2026: Fajar/Fikri Lolos ke Final!,0,https://sport.detik.com/raket/d-8511268/hasil-singapore-open-2026-fajar-fikri-lolos-ke-final
850,Detik,2026-05-30,Hasil Singapore Open 2026: Alwi Farhan Kandas di Semifinal,0,https://sport.detik.com/raket/d-8511191/hasil-singapore-open-2026-alwi-farhan-kandas-di-semifinal
851,Detik,2026-05-30,Alwi Senang Tembus Semifinal Perdana di Turnamen Super 750,0,https://sport.detik.com/raket/d-8510485/alwi-senang-tembus-semifinal-perdana-di-turnamen-super-750
852,Detik,2026-05-29,"Hasil Singapore Open 2026: Sikat Kodai Naraoka, Alwi Farhan ke Semifinal",0,https://sport.detik.com/raket/d-8510157/hasil-singapore-open-2026-sikat-kodai-naraoka-alwi-farhan-ke-semifinal
853,Detik,2026-05-29,Dejan Ferdinansyah Terus Kejar Mimpi Olimpiade 2028,0,https://sport.detik.com/raket/d-8509825/dejan-ferdinansyah-terus-kejar-mimpi-olimpiade-2028
854,Detik,2026-05-29,"Fajar/Fikri ke Semifinal Singapore Open, Makin Semangat Kejar Gelar",0,https://sport.detik.com/raket/d-8509850/fajar-fikri-ke-semifinal-singapore-open-makin-semangat-kejar-gelar
855,Detik,2026-05-29,Hasil Singapore Open 2026: Fajar/Fikri Tembus Semifinal,0,https://sport.detik.com/raket/d-8509684/hasil-singapore-open-2026-fajar-fikri-tembus-semifinal
856,Detik,2026-05-29,"Ganda Campuran RI Lagi Terpuruk, Bernadine: Kita Juga Tidak Mau Begini",1,https://sport.detik.com/raket/d-8509547/ganda-campuran-ri-lagi-terpuruk-bernadine-kita-juga-tidak-mau-begini
857,Detik,2026-05-29,"Indonesia Open 2026: Tak Langsung Jumpa Unggulan, Dejan/Bernadine Tambah Pede",0,https://sport.detik.com/raket/d-8509439/indonesia-open-2026-tak-langsung-jumpa-unggulan-dejan-bernadine-tambah-pede
858,Detik,2026-05-29,Jadwal Singapore Open 2026 Hari Ini: 2 Wakil RI Buru Tiket Semifinal,0,https://sport.detik.com/raket/d-8508851/jadwal-singapore-open-2026-hari-ini-2-wakil-ri-buru-tiket-semifinal
859,Detik,2026-05-28,Hasil Singapore Open: Alwi Farhan Singkirkan Shi Yu Qi,0,https://sport.detik.com/raket/d-8508474/hasil-singapore-open-alwi-farhan-singkirkan-shi-yu-qi
860,Detik,2026-05-28,Singapore Open 2026: Fajar/Fikri Lolos ke Perempatfinal,0,https://sport.detik.com/raket/d-8508310/singapore-open-2026-fajar-fikri-lolos-ke-perempatfinal
861,Detik,2026-05-28,Singapore Open 2026: Sabar/Reza Disingkirkan Ganda Malaysia,0,https://sport.detik.com/raket/d-8507991/singapore-open-2026-sabar-reza-disingkirkan-ganda-malaysia
862,Detik,2026-05-28,Jadwal Singapore Open 2026 Hari Ini: Alwi Tantang Shi Yu Qi,1,https://sport.detik.com/raket/d-8507714/jadwal-singapore-open-2026-hari-ini-alwi-tantang-shi-yu-qi
863,Detik,2026-05-27,Siasat Pelatih Dongkrak Ranking Leo/Daniel Demi Olimpiade 2028,1,https://sport.detik.com/raket/d-8507526/siasat-pelatih-dongkrak-ranking-leo-daniel-demi-olimpiade-2028
864,Detik,2026-05-27,Singapore Open 2026: Fajar/Fikri Melangkah ke 16 Besar,0,https://sport.detik.com/raket/d-8507516/singapore-open-2026-fajar-fikri-melangkah-ke-16-besar
865,Detik,2026-05-27,"Tersingkir di Babak Pertama, Jonatan: Jadi Evaluasi di Indonesia Open",0,https://sport.detik.com/raket/d-8507320/tersingkir-di-babak-pertama-jonatan-jadi-evaluasi-di-indonesia-open
866,Detik,2026-05-27,Singapore Open 2026: Jonatan Kandas di Babak Pertama,0,https://sport.detik.com/raket/d-8507168/singapore-open-2026-jonatan-kandas-di-babak-pertama
867,Detik,2026-05-27,"Soal Pensiun, Ginting: Enggak Dalam Waktu Dekat",0,https://sport.detik.com/raket/d-8507086/soal-pensiun-ginting-enggak-dalam-waktu-dekat
868,Detik,2026-05-27,Target Ginting Tembus 20 Besar hingga Akhir Tahun Ini,0,https://sport.detik.com/raket/d-8507082/target-ginting-tembus-20-besar-hingga-akhir-tahun-ini
869,Detik,2026-05-26,Tekad Alwi Farhan Kejutkan Shi Yuqi,0,https://sport.detik.com/raket/d-8506508/tekad-alwi-farhan-kejutkan-shi-yuqi
870,Detik,2026-05-26,Leo Rolly Carnando Ogah Euforia Usai Juara Thailand Open 2026,0,https://sport.detik.com/raket/d-8506384/leo-rolly-carnando-ogah-euforia-usai-juara-thailand-open-2026
871,Detik,2026-05-26,Singapore Open 2026: Sabar/Reza Pijak Babak 16 Besar,0,https://sport.detik.com/raket/d-8506300/singapore-open-2026-sabar-reza-pijak-babak-16-besar
872,Detik,2026-05-26,"Singapore Open 2026: Kalahkan Wakil Prancis, Alwi ke 16 Besar",0,https://sport.detik.com/raket/d-8506250/singapore-open-2026-kalahkan-wakil-prancis-alwi-ke-16-besar
873,Detik,2026-05-26,"Tampil di Indonesia Open, Leo/Daniel Berharap Tuah Istora",0,https://sport.detik.com/raket/d-8506147/tampil-di-indonesia-open-leo-daniel-berharap-tuah-istora
874,Detik,2026-05-26,Raymond/Joaquin Pasti Main di Indonesia Open 2026,0,https://sport.detik.com/raket/d-8506134/raymond-joaquin-pasti-main-di-indonesia-open-2026
875,Detik,2026-05-26,Singapore Open 2026: Putri KW Kandas di 32 Besar,0,https://sport.detik.com/raket/d-8506094/singapore-open-2026-putri-kw-kandas-di-32-besar
876,Detik,2026-06-06,Kualifikasi F1 GP Monako 2026: Antonelli Rebut Pole Position,0,https://sport.detik.com/f1/d-8521123/kualifikasi-f1-gp-monako-2026-antonelli-rebut-pole-position
877,Detik,2024-11-21,"Ada AYG 2025 dan OYG 2026, PABSI Panggil 4 Atlet ke Pelatnas",1,https://sport.detik.com/sport-lain/d-7650667/ada-ayg-2025-dan-oyg-2026-pabsi-panggil-4-atlet-ke-pelatnas
878,Detik,2026-05-25,"F1 GP Kanada 2026: Antonelli Menang Lagi, Hamilton-Verstappen Podium",0,https://sport.detik.com/f1/d-8503425/f1-gp-kanada-2026-antonelli-menang-lagi-hamilton-verstappen-podium
879,Detik,2026-05-24,Hasil Sprint Race F1 GP Kanada 2026: Russell Pemenangnya,0,https://sport.detik.com/f1/d-8502191/hasil-sprint-race-f1-gp-kanada-2026-russell-pemenangnya
880,Detik,2026-05-22,McLaren Tanggapi Isu Piastri Diincar Red Bull,1,https://sport.detik.com/f1/d-8499530/mclaren-tanggapi-isu-piastri-diincar-red-bull
881,Detik,2026-05-04,"Hasil F1 GP Miami 2026: Kimi Antonelli Juara, Catat 3 Kemenangan Beruntun",0,https://sport.detik.com/f1/d-8473040/hasil-f1-gp-miami-2026-kimi-antonelli-juara-catat-3-kemenangan-beruntun
882,Detik,2026-05-03,"F1 GP Miami 2026: Antonelli Pole Position, Balapan Dimajukan 3 Jam",0,https://sport.detik.com/f1/d-8472026/f1-gp-miami-2026-antonelli-pole-position-balapan-dimajukan-3-jam
883,Detik,2026-05-03,Norris Menangkan Sprint Race F1 GP Miami 2026,0,https://sport.detik.com/f1/d-8471877/norris-menangkan-sprint-race-f1-gp-miami-2026
884,Detik,2026-03-31,"Verstappen Pertimbangkan Pensiun, Red Bull Janjikan Perbaikan",0,https://sport.detik.com/f1/d-8423729/verstappen-pertimbangkan-pensiun-red-bull-janjikan-perbaikan
885,Detik,2026-03-30,Verstappen Pertimbangkan Pensiun dari F1,0,https://sport.detik.com/f1/d-8421583/verstappen-pertimbangkan-pensiun-dari-f1
886,Detik,2026-03-30,F1 GP Jepang 2026: Kimi Antonelli Kembali Bersinar,0,https://sport.detik.com/f1/d-8420990/f1-gp-jepang-2026-kimi-antonelli-kembali-bersinar
887,Detik,2026-03-15,"F1 GP China 2026: Antonelli Menang Perdana, Hamilton Rebut Podium",0,https://sport.detik.com/f1/d-8401425/f1-gp-china-2026-antonelli-menang-perdana-hamilton-rebut-podium
888,Detik,2026-03-15,Resmi! F1 Bahrain dan Arab Saudi Batal Digelar Imbas Perang AS-Iran,0,https://sport.detik.com/f1/d-8401157/resmi-f1-bahrain-dan-arab-saudi-batal-digelar-imbas-perang-as-iran
889,Detik,2026-03-14,Kualifikasi F1 GP China 2026: Pole Position Milik Antonelli,0,https://sport.detik.com/f1/d-8400087/kualifikasi-f1-gp-china-2026-pole-position-milik-antonelli
890,Detik,2026-03-14,Sprint Race F1 GP China 2026: Russell Pecundangi Duo Ferrari,0,https://sport.detik.com/f1/d-8399850/sprint-race-f1-gp-china-2026-russell-pecundangi-duo-ferrari
891,Detik,2026-03-14,F1 Bahrain dan Arab Saudi Dibatalkan Imbas Perang AS-Iran?,1,https://sport.detik.com/f1/d-8399713/f1-bahrain-dan-arab-saudi-dibatalkan-imbas-perang-as-iran
892,Detik,2026-03-08,Hasil F1 GP Australia 2026: Russell Rebut Kemenangan,0,https://sport.detik.com/f1/d-8389985/hasil-f1-gp-australia-2026-russell-rebut-kemenangan
893,Detik,2026-03-07,George Russell Rebut Pole Position F1 GP Australia 2026,0,https://sport.detik.com/f1/d-8389089/george-russell-rebut-pole-position-f1-gp-australia-2026
894,Detik,2026-01-31,Jadwal Lengkap Balapan F1 2026,0,https://sport.detik.com/f1/d-8334103/jadwal-lengkap-balapan-f1-2026
895,Detik,2025-12-25,Norris Sempat Tak Percaya Mampu Jadi Juara Dunia F1,0,https://sport.detik.com/f1/d-8277848/norris-sempat-tak-percaya-mampu-jadi-juara-dunia-f1
896,Detik,2024-11-21,Hasil Kualifikasi FIBA Asia Cup 2025: Indonesia Dikalahkan Korsel,0,https://sport.detik.com/basket/d-7650673/hasil-kualifikasi-fiba-asia-cup-2025-indonesia-dikalahkan-korsel
897,Detik,2025-12-08,"Daftar Juara Dunia Formula 1, Terbaru Lando Norris",0,https://sport.detik.com/f1/d-8248301/daftar-juara-dunia-formula-1-terbaru-lando-norris
898,Detik,2025-12-07,Hasil F1 GP Abu Dhabi 2025: Lando Norris Juara Dunia!,0,https://sport.detik.com/f1/d-8248167/hasil-f1-gp-abu-dhabi-2025-lando-norris-juara-dunia
899,Detik,2025-12-05,Verstappen Tanpa Beban di F1 GP Abu Dhabi 2025,0,https://sport.detik.com/f1/d-8244367/verstappen-tanpa-beban-di-f1-gp-abu-dhabi-2025
900,Detik,2025-12-05,Alonso Ingatkan Norris: Pimpinan Klasemen Bukan Jaminan Juara,0,https://sport.detik.com/f1/d-8244203/alonso-ingatkan-norris-pimpinan-klasemen-bukan-jaminan-juara
901,Detik,2025-12-01,"F1 2025: Syarat Norris, Piastri, & Verstappen Juara Dunia di Abu Dhabi",1,https://sport.detik.com/f1/d-8237986/f1-2025-syarat-norris-piastri-verstappen-juara-dunia-di-abu-dhabi
902,Detik,2025-12-01,"Hasil F1 GP Qatar: Verstappen Menang, Penentuan Juara Dunia di Abu Dhabi",0,https://sport.detik.com/f1/d-8236754/hasil-f1-gp-qatar-verstappen-menang-penentuan-juara-dunia-di-abu-dhabi
903,Detik,2025-11-29,Hasil Sprint Race F1 GP Qatar 2025: Oscar Piastri Menang,0,https://sport.detik.com/f1/d-8235315/hasil-sprint-race-f1-gp-qatar-2025-oscar-piastri-menang
904,Detik,2025-11-29,Syarat Norris Kunci Gelar Juara Dunia F1 2025 di GP Qatar,1,https://sport.detik.com/f1/d-8234384/syarat-norris-kunci-gelar-juara-dunia-f1-2025-di-gp-qatar
905,Detik,2025-11-24,GP Las Vegas: Diskualifikasi McLaren dan Efeknya ke Perebutan Gelar,0,https://sport.detik.com/f1/d-8225610/gp-las-vegas-diskualifikasi-mclaren-dan-efeknya-ke-perebutan-gelar
906,Detik,2025-11-23,Hasil GP Las Vegas 2025 dan Klasemen F1 usai Balapan,0,https://sport.detik.com/f1/d-8224449/hasil-gp-las-vegas-2025-dan-klasemen-f1-usai-balapan
907,Detik,2025-11-22,Norris Rebut Pole Position di Kualifikasi F1 GP Las Vegas 2025,0,https://sport.detik.com/f1/d-8223450/norris-rebut-pole-position-di-kualifikasi-f1-gp-las-vegas-2025
908,Detik,2025-11-10,"Menangkan GP Brasil, Norris Kian Dekat dengan Gelar Juara Dunia",0,https://sport.detik.com/f1/d-8202836/menangkan-gp-brasil-norris-kian-dekat-dengan-gelar-juara-dunia
909,Detik,2025-11-09,Hasil Sprint Race F1 GP Brasil: Lando Norris Menang,0,https://sport.detik.com/f1/d-8201213/hasil-sprint-race-f1-gp-brasil-lando-norris-menang
910,Detik,2025-10-27,Momen Ngeri Marshal Nyaris Tertabrak Mobil F1 di GP Meksiko,1,https://sport.detik.com/f1/d-8180642/momen-ngeri-marshal-nyaris-tertabrak-mobil-f1-di-gp-meksiko
911,Detik,2025-10-27,F1 2025: Norris Salip Piastri di Klasemen usai Menang di GP Meksiko,0,https://sport.detik.com/f1/d-8180398/f1-2025-norris-salip-piastri-di-klasemen-usai-menang-di-gp-meksiko
912,Detik,2025-10-26,"Lando Norris Raih Pole Position F1 GP Meksiko 2025, Piastri Start ke-8",0,https://sport.detik.com/f1/d-8178612/lando-norris-raih-pole-position-f1-gp-meksiko-2025-piastri-start-ke-8
913,Detik,2025-10-21,Verstappen Kini Berani Bahas Peluang Juara Dunia,1,https://sport.detik.com/f1/d-8170440/verstappen-kini-berani-bahas-peluang-juara-dunia
914,Detik,2025-10-20,Hasil F1 GP Amerika Serikat 2025: Max Verstappen Pemenangnya!,0,https://sport.detik.com/f1/d-8168627/hasil-f1-gp-amerika-serikat-2025-max-verstappen-pemenangnya
915,Detik,2025-10-19,Verstappen Rebut Pole Position F1 GP Amerika 2025,0,https://sport.detik.com/f1/d-8167436/verstappen-rebut-pole-position-f1-gp-amerika-2025
916,Detik,2025-10-19,"Hasil Sprint Race F1 GP Amerika: Verstappen Menang, Duo McLaren DNF",0,https://sport.detik.com/f1/d-8167362/hasil-sprint-race-f1-gp-amerika-verstappen-menang-duo-mclaren-dnf
917,Detik,2025-10-06,Klasemen F1 2025 usai GP Singapura,0,https://sport.detik.com/f1/d-8147033/klasemen-f1-2025-usai-gp-singapura
918,Detik,2025-10-04,Kualifikasi F1 GP Singapura: Pole Milik Russell,0,https://sport.detik.com/f1/d-8145384/kualifikasi-f1-gp-singapura-pole-milik-russell
919,Detik,2025-09-22,Verstappen Tahan Diri Bahas Kans Juara Dunia,1,https://sport.detik.com/f1/d-8123803/verstappen-tahan-diri-bahas-kans-juara-dunia
920,Detik,2025-09-21,"F1 GP Azerbaijan 2025: Verstappen Menang, Piastri Crash",0,https://sport.detik.com/f1/d-8123448/f1-gp-azerbaijan-2025-verstappen-menang-piastri-crash
921,Detik,2025-09-07,"Hasil F1 GP Italia 2025: Max Verstappen Pemenangnya, Asapi Duo McLaren",0,https://sport.detik.com/f1/d-8100554/hasil-f1-gp-italia-2025-max-verstappen-pemenangnya-asapi-duo-mclaren
922,Detik,2025-09-07,"Kualifikasi F1 GP Italia 2025: Asapi Duo McLaren, Verstappen Pole",0,https://sport.detik.com/f1/d-8099523/kualifikasi-f1-gp-italia-2025-asapi-duo-mclaren-verstappen-pole
923,Detik,2025-08-31,"Hasil F1 GP Belanda 2025: Piastri Juara, Ferrari Tak Finis",0,https://sport.detik.com/f1/d-8089666/hasil-f1-gp-belanda-2025-piastri-juara-ferrari-tak-finis
924,Detik,2025-08-27,Cadillac Rekrut Bottas dan Perez untuk F1 2026,0,https://sport.detik.com/f1/d-8081100/cadillac-rekrut-bottas-dan-perez-untuk-f1-2026
925,Detik,2025-08-08,McLaren Sudah Antisipasi Potensi Friksi Norris dan Piastri,0,https://sport.detik.com/f1/d-8051890/mclaren-sudah-antisipasi-potensi-friksi-norris-dan-piastri
926,Detik,2025-08-03,F1 GP Hungaria 2025: Norris Menangkan Duel Sengit atas Piastri,0,https://sport.detik.com/f1/d-8043402/f1-gp-hungaria-2025-norris-menangkan-duel-sengit-atas-piastri
927,Detik,2025-08-02,Hasil Kualifikasi F1 GP Hungaria 2025: Charles Leclerc Rebut Pole,0,https://sport.detik.com/f1/d-8042268/hasil-kualifikasi-f1-gp-hungaria-2025-charles-leclerc-rebut-pole
928,Detik,2025-07-28,Verstappen Akan Bertahan di Red Bull Musim Depan,0,https://sport.detik.com/f1/d-8033496/verstappen-akan-bertahan-di-red-bull-musim-depan
929,Detik,2025-07-27,"Hasil F1 GP Belgia 2025: McLaren Berjaya, Oscar Piastri Pemenangnya!",0,https://sport.detik.com/f1/d-8032046/hasil-f1-gp-belgia-2025-mclaren-berjaya-oscar-piastri-pemenangnya
930,Detik,2025-07-26,Kualifikasi F1 GP Belgia 2025: Norris Rebut Pole Position,0,https://sport.detik.com/f1/d-8030935/kualifikasi-f1-gp-belgia-2025-norris-rebut-pole-position
931,Detik,2025-07-26,Hasil Sprint Race GP F1 Belgia 2025: Verstappen Pemenangnya!,0,https://sport.detik.com/f1/d-8030801/hasil-sprint-race-gp-f1-belgia-2025-verstappen-pemenangnya
932,Detik,2025-07-06,Hasil F1 GP Inggris: 2025: Lando Norris Juara,0,https://sport.detik.com/f1/d-7998934/hasil-f1-gp-inggris-2025-lando-norris-juara
933,Detik,2025-07-06,"Asapi Duo McLaren, Max Verstappen Rebut Pole Position F1 GP Inggris 2025",0,https://sport.detik.com/f1/d-7997848/asapi-duo-mclaren-max-verstappen-rebut-pole-position-f1-gp-inggris-2025
934,Detik,2025-07-01,Red Bull Mulai Menyerah Kejar McLaren,0,https://sport.detik.com/f1/d-7990171/red-bull-mulai-menyerah-kejar-mclaren
935,Detik,2025-06-29,"F1 GP Austria 2025: Norris Menang, Verstappen DNF",0,https://sport.detik.com/f1/d-7988014/f1-gp-austria-2025-norris-menang-verstappen-dnf
936,Detik,2025-06-16,Hasil Formula 1 GP Kanada: George Russell Juara,0,https://sport.detik.com/f1/d-7965919/hasil-formula-1-gp-kanada-george-russell-juara
937,Detik,2025-06-15,Russell Senggol Poin Penalti Verstappen usai Rebut Pole GP Kanada 2025,0,https://sport.detik.com/f1/d-7965066/russell-senggol-poin-penalti-verstappen-usai-rebut-pole-gp-kanada-2025
938,Detik,2025-06-01,"F1 GP Spanyol 2025: Piastri Menang, McLaren Double Podium",0,https://sport.detik.com/f1/d-7943477/f1-gp-spanyol-2025-piastri-menang-mclaren-double-podium
939,Detik,2025-05-31,"Kualifikasi F1 GP Spanyol: Piastri Pole, McLaren 1-2",0,https://sport.detik.com/f1/d-7942220/kualifikasi-f1-gp-spanyol-piastri-pole-mclaren-1-2
940,Detik,2025-05-25,"F1 GP Monako: Norris Pemenangnya, Verstappen Keempat",0,https://sport.detik.com/f1/d-7932299/f1-gp-monako-norris-pemenangnya-verstappen-keempat
941,Detik,2025-05-24,Kualifikasi F1 GP Monako 2025: Norris Raih Pole Position,0,https://sport.detik.com/f1/d-7931012/kualifikasi-f1-gp-monako-2025-norris-raih-pole-position
942,Detik,2025-05-18,Hasil F1 GP Emilia Romagna: Verstappen Juara Ungguli Duo McLaren,0,https://sport.detik.com/f1/d-7920402/hasil-f1-gp-emilia-romagna-verstappen-juara-ungguli-duo-mclaren
943,Detik,2025-05-18,"Hasil Kualifikasi F1 GP Emilia Romagna: Piastri Terdepan, Ferrari Merana",0,https://sport.detik.com/f1/d-7919347/hasil-kualifikasi-f1-gp-emilia-romagna-piastri-terdepan-ferrari-merana
944,Detik,2025-05-05,"Hasil F1 Miami: Piastri Menang, McLaren Finis 1-2",0,https://sport.detik.com/f1/d-7899412/hasil-f1-miami-piastri-menang-mclaren-finis-1-2
945,Detik,2025-05-04,F1 GP Miami 2025: Verstappen Rebut Pole Position,0,https://sport.detik.com/f1/d-7898336/f1-gp-miami-2025-verstappen-rebut-pole-position
946,Detik,2025-05-04,Lando Norris Menangkan Sprint Race F1 GP Miami 2025,0,https://sport.detik.com/f1/d-7898269/lando-norris-menangkan-sprint-race-f1-gp-miami-2025
947,Detik,2025-04-21,Hasil F1 GP Arab Saudi 2025: Oscar Piastri Pemenangnya!,0,https://sport.detik.com/f1/d-7877736/hasil-f1-gp-arab-saudi-2025-oscar-piastri-pemenangnya
948,Detik,2025-04-20,Max Verstappen Rebut Pole Position F1 GP Arab Saudi 2025,0,https://sport.detik.com/f1/d-7876692/max-verstappen-rebut-pole-position-f1-gp-arab-saudi-2025
949,Detik,2025-04-14,Hasil F1 GP Bahrain 2025: Piastri Menang di Sakhir,0,https://sport.detik.com/f1/d-7867393/hasil-f1-gp-bahrain-2025-piastri-menang-di-sakhir
950,Detik,2025-04-13,Hasil Kualifikasi F1 GP Bahrain 2025: Piastri Raih Pole Position,0,https://sport.detik.com/f1/d-7866357/hasil-kualifikasi-f1-gp-bahrain-2025-piastri-raih-pole-position
951,Detik,2025-04-06,Klasemen F1 2025 Usai Max Verstappen Juara GP Jepang,0,https://sport.detik.com/f1/d-7856858/klasemen-f1-2025-usai-max-verstappen-juara-gp-jepang
952,Detik,2025-04-06,"F1 GP Jepang 2025: Verstappen Juara, Hentikan Dominasi McLaren",0,https://sport.detik.com/f1/d-7856651/f1-gp-jepang-2025-verstappen-juara-hentikan-dominasi-mclaren
953,Detik,2025-04-05,Kualifikasi F1 GP Jepang 2025: Verstappen Rebut Pole,0,https://sport.detik.com/f1/d-7855611/kualifikasi-f1-gp-jepang-2025-verstappen-rebut-pole
954,Detik,2025-03-27,Red Bull Tunjuk Tsunoda Sebagai Tandem Baru Verstappen,0,https://sport.detik.com/f1/d-7845290/red-bull-tunjuk-tsunoda-sebagai-tandem-baru-verstappen
955,Detik,2025-03-23,F1 GP China 2025: Duo Ferrari Didiskualifikasi,0,https://sport.detik.com/f1/d-7838037/f1-gp-china-2025-duo-ferrari-didiskualifikasi
956,Detik,2025-03-23,"Hasil F1 GP China 2025: Dominasi McLaren, Piastri Juara Ungguli Norris",0,https://sport.detik.com/f1/d-7837656/hasil-f1-gp-china-2025-dominasi-mclaren-piastri-juara-ungguli-norris
957,Detik,2025-03-22,"Kualifikasi F1 GP China: Piastri Pole, Hamilton Kelima",0,https://sport.detik.com/f1/d-7836597/kualifikasi-f1-gp-china-piastri-pole-hamilton-kelima
958,Detik,2025-03-22,Hasil Sprint Race F1 GP China 2025: Lewis Hamilton Juara,0,https://sport.detik.com/f1/d-7836017/hasil-sprint-race-f1-gp-china-2025-lewis-hamilton-juara
959,Detik,2025-03-16,Hasil F1 GP Australia 2025: Lando Norris Juara Usai Ungguli Verstappen,0,https://sport.detik.com/f1/d-7825870/hasil-f1-gp-australia-2025-lando-norris-juara-usai-ungguli-verstappen
960,Detik,2025-03-16,GP Australia 2025: Duo McLaren Dibebaskan Saling Bertarung,0,https://sport.detik.com/f1/d-7825448/gp-australia-2025-duo-mclaren-dibebaskan-saling-bertarung
961,Detik,2025-03-15,"Kualifikasi F1 GP Australia 2025: McLaren Start 1-2, Verstappen Ketiga",0,https://sport.detik.com/f1/d-7824641/kualifikasi-f1-gp-australia-2025-mclaren-start-1-2-verstappen-ketiga
962,Detik,2025-03-11,Jadwal Lengkap Formula 1 2025,0,https://sport.detik.com/f1/d-7818336/jadwal-lengkap-formula-1-2025
963,Detik,2025-02-28,Hamilton Makin Nyetel Bersama Ferrari,0,https://sport.detik.com/f1/d-7800256/hamilton-makin-nyetel-bersama-ferrari
964,Detik,2025-02-26,Tes F1 2025: Debut Resmi Hamilton Kemudikan SF-25 Ferrari,0,https://sport.detik.com/f1/d-7797048/tes-f1-2025-debut-resmi-hamilton-kemudikan-sf-25-ferrari
965,Detik,2025-02-19,Ketika Max Verstappen 'Pinjam' Pernyataan Populer Jose Mourinho,1,https://sport.detik.com/f1/d-7786042/ketika-max-verstappen-pinjam-pernyataan-populer-jose-mourinho
966,Detik,2025-01-24,Hamilton Sebahagia Itu Akhirnya Jajal Ferrari untuk Kali Pertama,0,https://sport.detik.com/f1/d-7747263/hamilton-sebahagia-itu-akhirnya-jajal-ferrari-untuk-kali-pertama
967,Detik,2025-01-01,Max Verstappen Bawa iPad ke Sirkuit F1 demi Nonton MotoGP,1,https://sport.detik.com/f1/d-7712939/max-verstappen-bawa-ipad-ke-sirkuit-f1-demi-nonton-motogp
968,Detik,2024-12-19,Perez Resmi Tinggalkan Red Bull,0,https://sport.detik.com/f1/d-7693540/perez-resmi-tinggalkan-red-bull
969,Detik,2024-12-08,"Hasil F1 GP Abu Dhabi: Norris Juara, McLaren Kunci Titel Konstruktor",0,https://sport.detik.com/f1/d-7677164/hasil-f1-gp-abu-dhabi-norris-juara-mclaren-kunci-titel-konstruktor
970,Detik,2024-12-08,Kualifikasi F1 GP Abu Dhabi: Pole Terakhir Musim Ini Milik Norris,0,https://sport.detik.com/f1/d-7676193/kualifikasi-f1-gp-abu-dhabi-pole-terakhir-musim-ini-milik-norris
971,Detik,2024-12-02,Hasil F1 GP Qatar 2024: Verstappen Juara,0,https://sport.detik.com/f1/d-7666197/hasil-f1-gp-qatar-2024-verstappen-juara
972,Detik,2024-11-30,"Sprint Race F1 GP Qatar 2024: Piastri Menang, McLaren Finis 1-2",0,https://sport.detik.com/f1/d-7665011/sprint-race-f1-gp-qatar-2024-piastri-menang-mclaren-finis-1-2
973,Detik,2024-11-24,Max Verstappen Juara Dunia F1 2024!,0,https://sport.detik.com/f1/d-7654500/max-verstappen-juara-dunia-f1-2024
974,Detik,2024-11-23,"Kualifikasi F1 GP Las Vegas: Russell Pole, Verstappen Kelima",0,https://sport.detik.com/f1/d-7653113/kualifikasi-f1-gp-las-vegas-russell-pole-verstappen-kelima
975,Detik,2024-11-22,Norris Akui Kalah Pengalaman dari Verstappen,0,https://sport.detik.com/f1/d-7651267/norris-akui-kalah-pengalaman-dari-verstappen
976,Detik,2026-06-07,"Tebak Podium MotoGP bareng Bold Riders, Siapa Unggul di GP Hungaria?",1,https://sport.detik.com/moto-gp/d-8521396/tebak-podium-motogp-bareng-bold-riders-siapa-unggul-di-gp-hungaria
977,Detik,2026-06-07,Jadwal Moto3 Hungaria 2026: Veda Ega Balapan Pukul 16.00 WIB,0,https://sport.detik.com/moto-gp/d-8521379/jadwal-moto3-hungaria-2026-veda-ega-balapan-pukul-16-00-wib
978,Detik,2026-06-07,"Bisa Akhiri Puasa Kemenangan Balapan Grand Prix, Marc Marquez?",1,https://sport.detik.com/moto-gp/d-8521364/bisa-akhiri-puasa-kemenangan-balapan-grand-prix-marc-marquez
979,Detik,2026-06-06,Klasemen MotoGP 2026 usai Sprint Race MotoGP Hungaria,0,https://sport.detik.com/moto-gp/d-8521061/klasemen-motogp-2026-usai-sprint-race-motogp-hungaria
980,Detik,2026-06-06,Hasil Sprint Race MotoGP Hungaria 2026: Marquez Kampiun Tanpa Cela,0,https://sport.detik.com/moto-gp/d-8521006/hasil-sprint-race-motogp-hungaria-2026-marquez-kampiun-tanpa-cela
981,Detik,2026-06-06,"Kualifikasi Moto3 Hungaria 2026: Almansa Rebut Pole, Veda Urutan 9",0,https://sport.detik.com/moto-gp/d-8520889/kualifikasi-moto3-hungaria-2026-almansa-rebut-pole-veda-urutan-9
982,Detik,2026-06-06,"Hasil Kualifikasi MotoGP Hungaria 2026: Marquez Jatuh, Pole Kemudian!",0,https://sport.detik.com/moto-gp/d-8520723/hasil-kualifikasi-motogp-hungaria-2026-marquez-jatuh-pole-kemudian
983,Detik,2026-06-06,Jadwal Kualifikasi dan Sprint Race MotoGP Hungaria 2026,0,https://sport.detik.com/moto-gp/d-8520164/jadwal-kualifikasi-dan-sprint-race-motogp-hungaria-2026
984,Detik,2026-06-05,"Hasil Practice MotoGP Hungaria 2026: Acosta Tercepat, Bagnaia ke Q1",0,https://sport.detik.com/moto-gp/d-8519914/hasil-practice-motogp-hungaria-2026-acosta-tercepat-bagnaia-ke-q1
985,Detik,2026-06-05,"Moto3: Adrian Fernandez Diskualifikasi di 6 Seri, Veda Masuk 3 Besar",0,https://sport.detik.com/moto-gp/d-8519764/moto3-adrian-fernandez-diskualifikasi-di-6-seri-veda-masuk-3-besar
986,Detik,2026-06-05,Hasil Practice Moto3 Hungaria 2026: Veda Ega Pratama Kedua!,0,https://sport.detik.com/moto-gp/d-8519748/hasil-practice-moto3-hungaria-2026-veda-ega-pratama-kedua
987,Detik,2026-06-05,"FP1 Moto3 Hungaria 2026: Almansa Tercepat, Veda Ega Paling Belakang",0,https://sport.detik.com/moto-gp/d-8519299/fp1-moto3-hungaria-2026-almansa-tercepat-veda-ega-paling-belakang
988,Detik,2026-06-04,"Brian Uriarte Diskualifikasi di MotoGP Catalunya, Veda Ega Naik 1 Posisi",0,https://sport.detik.com/moto-gp/d-8518468/brian-uriarte-diskualifikasi-di-motogp-catalunya-veda-ega-naik-1-posisi
989,Detik,2026-06-04,Jadwal MotoGP Hungaria 2026 Akhir Pekan Ini,0,https://sport.detik.com/moto-gp/d-8517703/jadwal-motogp-hungaria-2026-akhir-pekan-ini
990,Detik,2026-06-04,Marc Marquez Sudah Menyerah Kejar Gelar MotoGP 2026?,1,https://sport.detik.com/moto-gp/d-8517103/marc-marquez-sudah-menyerah-kejar-gelar-motogp-2026
991,Detik,2026-06-03,"Tebak Rider MotoGP Bertubuh Paling Tinggi, Ada Hadiah Rp 250 Ribu",1,https://sport.detik.com/moto-gp/d-8516193/tebak-rider-motogp-bertubuh-paling-tinggi-ada-hadiah-rp-250-ribu
992,Detik,2026-06-03,"Aprilia Digdaya, Tunggu Marc Marquez Kembali ke Performa Terbaik",0,https://sport.detik.com/moto-gp/d-8515371/aprilia-digdaya-tunggu-marc-marquez-kembali-ke-performa-terbaik
993,Detik,2026-06-03,"Hakim Danish, Hasil Trial & Error Malaysia di Balap Motor",1,https://sport.detik.com/moto-gp/d-8515370/hakim-danish-hasil-trial-error-malaysia-di-balap-motor
994,Detik,2026-06-02,"Nicolo Bulega Makin Kencang Dikaitkan ke VR46, Begini Responsnya!",1,https://sport.detik.com/moto-gp/d-8514490/nicolo-bulega-makin-kencang-dikaitkan-ke-vr46-begini-responsnya
995,Detik,2026-06-02,Marc Marquez Tatap MotoGP Hungaria setelah Ujian Berat di Mugello,0,https://sport.detik.com/moto-gp/d-8514689/marc-marquez-tatap-motogp-hungaria-setelah-ujian-berat-di-mugello
996,Detik,2026-06-02,Rider Superbike Gantikan Alex Marquez di MotoGP Hungaria 2026,0,https://sport.detik.com/moto-gp/d-8514688/rider-superbike-gantikan-alex-marquez-di-motogp-hungaria-2026
997,Detik,2026-06-02,"Resmi! Crutchlow Kembali Balapan di MotoGP Hungaria, Zarco Masih Cedera",0,https://sport.detik.com/moto-gp/d-8514439/resmi-crutchlow-kembali-balapan-di-motogp-hungaria-zarco-masih-cedera
998,Detik,2026-06-01,"MotoGP Italia 2026 Tuntas, Ini Daftar Pemenang Bold Riders Podium Picks",1,https://sport.detik.com/moto-gp/d-8513620/motogp-italia-2026-tuntas-ini-daftar-pemenang-bold-riders-podium-picks
999,Detik,2026-06-01,Marc Marquez Lebihi Ekspektasinya di MotoGP Italia 2026,0,https://sport.detik.com/moto-gp/d-8512788/marc-marquez-lebihi-ekspektasinya-di-motogp-italia-2026
1000,Detik,2026-06-01,"Menang di Mugello, Bezzecchi Wujudkan Mimpi",0,https://sport.detik.com/moto-gp/d-8512668/menang-di-mugello-bezzecchi-wujudkan-mimpi