id,source,date,title,FINAL,url
1,Tribun News,2026-06-06,"Pesantren Capai 42 Ribu, Kemenag: Jumlah Santri Nasional Tak Alami Penurunan Signifikan",0,https://www.tribunnews.com/nasional/7838729/pesantren-capai-42-ribu-kemenag-jumlah-santri-nasional-tak-alami-penurunan-signifikan
2,Tribun News,2026-04-06,Penyanyi Ary Kirana Soroti Pentingnya Pendidikan Usia Dini,0,https://www.tribunnews.com/seleb/7838151/penyanyi-ary-kirana-soroti-pentingnya-pendidikan-usia-dini
3,Tribun News,2026-05-29,Kuasa Hukum Sebut Pledoi Nadiem Akan Ungkap Keberhasilan Sistem Pendidikan,0,https://www.tribunnews.com/nasional/7835460/kuasa-hukum-sebut-pledoi-nadiem-akan-ungkap-keberhasilan-sistem-pendidikan
4,Tribun News,2026-05-26,"Universitas Prasetiya Mulya Perkenalkan ""Prasmul New Look"" di Kampus BSD",0,https://www.tribunnews.com/parapuan/7834529/universitas-prasetiya-mulya-perkenalkan-prasmul-new-look-di-kampus-bsd
5,Tribun News,2026-05-26,Merdeka Copper Gold Genjot Pendidikan dan Pelatihan SDM di Wilayah Tambang,0,https://www.tribunnews.com/bisnis/7834329/merdeka-copper-gold-genjot-pendidikan-dan-pelatihan-sdm-di-wilayah-tambang
6,Tribun News,2026-05-22,Reformasi dan Krisis Integritas Pendidikan,0,https://www.tribunnews.com/tribunners/7832790/reformasi-dan-krisis-integritas-pendidikan
7,Tribun News,2026-05-21,Pakistan Didorong Lakukan Reformasi Pendidikan sebagai Penentu Arah Jangka Panjang,0,https://www.tribunnews.com/internasional/7832419/pakistan-didorong-lakukan-reformasi-pendidikan-sebagai-penentu-arah-jangka-panjang
8,Tribun News,2026-05-19,Kebangkitan Nasional di Ujung Integritas Pendidikan,0,https://www.tribunnews.com/tribunners/7831562/kebangkitan-nasional-di-ujung-integritas-pendidikan
9,Tribun News,2026-05-19,"Nilai Matematika TKA SMA Hanya Capai 36,10, OPGMN: Proses Pembelajaran Harus Dibenahi",0,https://www.tribunnews.com/nasional/7831248/nilai-matematika-tka-sma-hanya-capai-3610-opgmn-proses-pembelajaran-harus-dibenahi
10,Tribun News,2026-05-16,Gap Year: Ambil Jeda untuk Peluang Kampus yang Lebih Terbuka,0,https://www.tribunnews.com/pendidikan-go/7830346/gap-year-ambil-jeda-untuk-peluang-kampus-yang-lebih-terbuka
11,Tribun News,2026-05-14,"Unpad Buka Pendaftaran Program Magister Pendidikan Jarak Jauh 2026, Kuliah Full Daring",0,https://www.tribunnews.com/pendidikan/7829770/unpad-buka-pendaftaran-program-magister-pendidikan-jarak-jauh-2026-kuliah-full-daring
12,Tribun News,2026-05-14,"Ambil Magister Teologi, Ferdy Sambo Sudah Kuliah sejak Juli 2024, Tempuh Pendidikan via Daring",0,https://www.tribunnews.com/nasional/7829716/ambil-magister-teologi-ferdy-sambo-sudah-kuliah-sejak-juli-2024-tempuh-pendidikan-via-daring
13,Tribun News,2026-05-14,AMPG Tegaskan Komitmen Kawal Kebijakan Sekolah Swasta Gratis di Jakarta,0,https://www.tribunnews.com/metropolitan/7829680/ampg-tegaskan-komitmen-kawal-kebijakan-sekolah-swasta-gratis-di-jakarta
14,Tribun News,2026-09-05,"Dukung Pendidikan Inklusif, Anggota Komisi IV DPR Rajiv Salurkan Bantuan untuk Siswa di Lembang",0,https://www.tribunnews.com/nasional/7827522/dukung-pendidikan-inklusif-anggota-komisi-iv-dpr-rajiv-salurkan-bantuan-untuk-siswa-di-lembang
15,Tribun News,2026-09-05,"Perguruan Tinggi Dorong Pemberdayaan Desa, Soroti Pendidikan Islami dan Penguatan UMKM",0,https://www.tribunnews.com/nasional/7827462/perguruan-tinggi-dorong-pemberdayaan-desa-soroti-pendidikan-islami-dan-penguatan-umkm
16,Tribun News,2026-08-05,Intip Peluang Studi hingga Beasiswa Kuliah di Inggris hingga Irlandia di Pameran Pendidikan,0,https://www.tribunnews.com/pendidikan/7827184/intip-peluang-studi-hingga-beasiswa-kuliah-di-inggris-hingga-irlandia-di-pameran-pendidikan
17,Tribun News,2026-08-05,Buku Anyar KMB: Masalah & Solusi Lembaga Pendidikan Kita,0,https://www.tribunnews.com/tribunners/7826964/buku-anyar-kmb-masalah-solusi-lembaga-pendidikan-kita
18,Tribun News,2026-07-05,"Kemendikdasmen: 9,4 Juta Siswa Bakal Ikut SPMB 2026, Ditargetkan Semua Dapat Sekolah",0,https://www.tribunnews.com/nasional/7826616/kemendikdasmen-94-juta-siswa-bakal-ikut-spmb-2026-ditargetkan-semua-dapat-sekolah
19,Tribun News,2026-07-05,"Hadapi Krisis Global, Perubahan Institusi Pendidikan Buka Akses Masyarakat Menengah ke Bawah",0,https://www.tribunnews.com/nasional/7826589/hadapi-krisis-global-perubahan-institusi-pendidikan-buka-akses-masyarakat-menengah-ke-bawah
20,Tribun News,2026-06-05,"Sudirman Said: Kampus Harus Jadi Jantung Perubahan-Laboratorium Solusi, Bukan Sekadar Menara Gading",0,https://www.tribunnews.com/pendidikan/7825938/sudirman-said-kampus-harus-jadi-jantung-perubahan-laboratorium-solusi-bukan-sekadar-menara-gading
21,Tribun News,2026-06-05,GenAI di Perguruan Tinggi: Mahasiswa Butuh Regulasi Diri,0,https://www.tribunnews.com/tribunners/7825909/genai-di-perguruan-tinggi-mahasiswa-butuh-regulasi-diri
22,Tribun News,2026-05-05,Pendidikan Adaptif dan Kebutuhan Industri,0,https://www.tribunnews.com/tribunners/7825737/pendidikan-adaptif-dan-kebutuhan-industri
23,Tribun News,2026-04-05,"Perkembangan Teknologi, Tantangan dan Peluang Guru sebagai Kreator Konten Edukatif",0,https://www.tribunnews.com/pendidikan/7825244/perkembangan-teknologi-tantangan-dan-peluang-guru-sebagai-kreator-konten-edukatif
24,Tribun News,2026-04-05,"Pendidikan Nasional 2026, PKP Dorong Pembentukan Manusia Berkarakter dan Berdaya Saing Global",0,https://www.tribunnews.com/nasional/7825176/pendidikan-nasional-2026-pkp-dorong-pembentukan-manusia-berkarakter-dan-berdaya-saing-global
25,Tribun News,2026-03-05,FSGI Sebut Akses Pendidikan Berkualitas Belum Sepenuhnya Dinikmati Semua Anak Bangsa,0,https://www.tribunnews.com/pendidikan/7824531/fsgi-sebut-akses-pendidikan-berkualitas-belum-sepenuhnya-dinikmati-semua-anak-bangsa
26,Tribun News,2026-02-05,Presiden Prabowo Diminta Fokus Tingkatkan Mutu Pendidikan di Daerah,0,https://www.tribunnews.com/nasional/7824363/presiden-prabowo-diminta-fokus-tingkatkan-mutu-pendidikan-di-daerah
27,Tribun News,2026-02-05,Mengenal 3 Semboyan Ki Hajar Dewantara yang Menjadi Dasar Pendidikan Nasional dan Artinya,0,https://www.tribunnews.com/nasional/7824357/mengenal-3-semboyan-ki-hajar-dewantara-yang-menjadi-dasar-pendidikan-nasional-dan-artinya
28,Tribun News,2026-01-05,"Perluas Akses Pendidikan, Kemendikdasmen Terapkan PJJ Jenjang SMA di 34 Provinsi",0,https://www.tribunnews.com/pendidikan/7824159/perluas-akses-pendidikan-kemendikdasmen-terapkan-pjj-jenjang-sma-di-34-provinsi
29,Tribun News,2026-04-29,"Kemendikti Wacanakan Tutup Prodi Tak Relevan, Kampus Dorong Kolaborasi Pendidikan dan Industri",0,https://www.tribunnews.com/nasional/7823221/kemendikti-wacanakan-tutup-prodi-tak-relevan-kampus-dorong-kolaborasi-pendidikan-dan-industri
30,Tribun News,2026-04-29,Prabowo Investasi Besar-besaran di Bidang Pendidikan demi Masa Depan Bangsa: Sekolah Sangat Penting,0,https://www.tribunnews.com/nasional/7822950/prabowo-investasi-besar-besaran-di-bidang-pendidikan-demi-masa-depan-bangsa-sekolah-sangat-penting
31,Tribun News,2026-04-28,Sidang MK: Program Makan Bergizi Gratis Dinilai Sah dan Dukung Pendidikan Nasional,0,https://www.tribunnews.com/nasional/7822730/sidang-mk-program-makan-bergizi-gratis-dinilai-sah-dan-dukung-pendidikan-nasional
32,Tribun News,2026-04-28,"Dapat Dukungan Mendiktisaintek, 176 Ribu Mahasiswa Ikuti Program Penggerak Perubahan",0,https://www.tribunnews.com/bisnis/7822589/dapat-dukungan-mendiktisaintek-176-ribu-mahasiswa-ikuti-program-penggerak-perubahan
33,Tribun News,2026-04-25,Mewujudkan Pendidikan Bermutu untuk Semua,0,https://www.tribunnews.com/pendidikan-go/7821424/mewujudkan-pendidikan-bermutu-untuk-semua
34,Tribun News,2026-04-23,"Jawaban Modul 6.15 Beda Is Not Bad - Bagian 5, Pelatihan Kurikulum Berbasis Cinta, PINTAR Kemenag",1,https://www.tribunnews.com/pendidikan/7820696/jawaban-modul-615-beda-is-not-bad-bagian-5-pelatihan-kurikulum-berbasis-cinta-pintar-kemenag
35,Tribun News,2026-04-23,"Gubernur Lemhannas Ace Hasan Tiba di Gedung KPK, Antar Peserta Pendidikan Antikorupsi",0,https://www.tribunnews.com/nasional/7820376/gubernur-lemhannas-ace-hasan-tiba-di-gedung-kpk-antar-peserta-pendidikan-antikorupsi
36,Tribun News,2026-04-23,"Universitas Tarakanita Gelar Wisuda 2026, Cetak Lulusan Berintegritas dan Berdampak",0,https://www.tribunnews.com/adv/7820374/universitas-tarakanita-gelar-wisuda-2026-cetak-lulusan-berintegritas-dan-berdampak
37,Tribun News,2026-04-22,"Sinergi Dua ""Arsitek"" Pendidikan untuk Masa Depan NU dan Indonesia",0,https://www.tribunnews.com/tribunners/7819986/sinergi-dua-arsitek-pendidikan-untuk-masa-depan-nu-dan-indonesia
38,Tribun News,2026-04-21,Gibran Kagetkan Siswa di Yahukimo: Belajar Pakai Smartboard dan Makan Bergizi Gratis,0,https://www.tribunnews.com/regional/7819716/gibran-kagetkan-siswa-di-yahukimo-belajar-pakai-smartboard-dan-makan-bergizi-gratis
39,Tribun News,2026-04-20,Kunci Jawaban IPS Kelas 9 Halaman 194 Kurikulum Merdeka: Soal Esai,0,https://www.tribunnews.com/pendidikan/7818935/kunci-jawaban-ips-kelas-9-halaman-194-kurikulum-merdeka-soal-esai
40,Tribun News,2026-04-17,Praktisi Pendidikan Sebut Program MBG Harusnya Direncanakan Matang Sejak Awal,0,https://www.tribunnews.com/nasional/7818199/praktisi-pendidikan-sebut-program-mbg-harusnya-direncanakan-matang-sejak-awal
41,Tribun News,2026-04-16,"Maxim Gelar “Science Quiz” di Balikpapan, 78 Siswa Adu Kemampuan Akademik",0,https://www.tribunnews.com/pendidikan/7817728/maxim-gelar-science-quiz-di-balikpapan-78-siswa-adu-kemampuan-akademik
42,Tribun News,2026-04-16,"50 Soal PAS Matematika Kelas 2 Semester 2 Kurikulum Merdeka Lengkap dengan Kunci Jawaban ASAT, PAT",0,https://www.tribunnews.com/pendidikan/7817444/50-soal-pas-matematika-kelas-2-semester-2-kurikulum-merdeka-lengkap-dengan-kunci-jawaban-asat-pat
43,Tribun News,2026-04-14,"50 Soal Ujian Sekolah Sosiologi Kelas 12 2026 dan Kunci Jawaban ASAJ, US",0,https://www.tribunnews.com/pendidikan/7816379/50-soal-ujian-sekolah-sosiologi-kelas-12-2026-dan-kunci-jawaban-asaj-us
44,Tribun News,2026-04-13,Pablo Benua Sebut Penguatan Pendidikan Hukum Dinilai Penting untuk Tingkatkan Kualitas SDM,0,https://www.tribunnews.com/pendidikan/7816170/pablo-benua-sebut-penguatan-pendidikan-hukum-dinilai-penting-untuk-tingkatkan-kualitas-sdm
45,Tribun News,2026-04-13,Dari Kenakalan Jadi Harapan: Sekolah Rakyat Bantu Julio Menata Masa Depan,0,https://www.tribunnews.com/nasional/7815867/dari-kenakalan-jadi-harapan-sekolah-rakyat-bantu-julio-menata-masa-depan
46,Tribun News,2026-11-04,Ibas Tekankan Pendidikan Fondasi Pembentukan Generasi Berkarakter di Tengah Tantangan Global,0,https://www.tribunnews.com/nasional/7815542/ibas-tekankan-pendidikan-fondasi-pembentukan-generasi-berkarakter-di-tengah-tantangan-global
47,Tribun News,2026-11-04,"Rusak Berat Akibat Banjir Bandang, Renovasi Sekolah MIN 4 Aceh Tamiang Ditargetkan Rampung 3 Bulan",0,https://www.tribunnews.com/regional/7815360/rusak-berat-akibat-banjir-bandang-renovasi-sekolah-min-4-aceh-tamiang-ditargetkan-rampung-3-bulan
48,Tribun News,2026-09-04,"Krisis Resiliensi Generasi Ancam Masa Depan Bangsa, Saatnya Pendidikan Berbenah",0,https://www.tribunnews.com/pendidikan/7814308/krisis-resiliensi-generasi-ancam-masa-depan-bangsa-saatnya-pendidikan-berbenah
49,Tribun News,2026-08-04,Mengapa Kelulusan pada SNBP 2026 di Pilihan Kedua Jauh Lebih Rendah?,1,https://www.tribunnews.com/pendidikan-go/7814105/mengapa-kelulusan-pada-snbp-2026-di-pilihan-kedua-jauh-lebih-rendah
50,Tribun News,2026-07-04,Pelaksanaan TKA 2026 Diharapkan Tingkatkan Mutu Evaluasi Pendidikan Nasional,0,https://www.tribunnews.com/pendidikan/7813632/pelaksanaan-tka-2026-diharapkan-tingkatkan-mutu-evaluasi-pendidikan-nasional
51,Tribun News,2026-07-04,"Mengenal Jalur College, Akses Transfer ke Universitas Top Amerika",0,https://www.tribunnews.com/pendidikan/7813570/mengenal-jalur-college-akses-transfer-ke-universitas-top-amerika
52,Tribun News,2026-04-04,"Ini Data Daya Tampung, Jumlah Pendaftar, hingga Jurusan Terfavorit pada SNBP 2026",0,https://www.tribunnews.com/pendidikan-go/7812425/ini-data-daya-tampung-jumlah-pendaftar-hingga-jurusan-terfavorit-pada-snbp-2026
53,Tribun News,2026-03-04,"Tak Hanya Akademik, Pengalaman Siswa dan Orangtua Tentukan Loyalitas pada Lembaga Pendidikan",0,https://www.tribunnews.com/pendidikan/7812247/tak-hanya-akademik-pengalaman-siswa-dan-orangtua-tentukan-loyalitas-pada-lembaga-pendidikan
54,Tribun News,2026-02-04,"Profil Adang Daradjatun, Eks Wakapolri yang Kritik Bintara Polri Sekolah 5 Bulan Hanya Bisa Baris",0,https://www.tribunnews.com/nasional/7811813/profil-adang-daradjatun-eks-wakapolri-yang-kritik-bintara-polri-sekolah-5-bulan-hanya-bisa-baris
55,Tribun News,2026-02-04,"Polri Ungkap Kasus Pelanggaran Peserta Didik 2025: Perilaku Menyimpang, Joki Ujian hingga Narkoba",0,https://www.tribunnews.com/nasional/7811510/polri-ungkap-kasus-pelanggaran-peserta-didik-2025-perilaku-menyimpang-joki-ujian-hingga-narkoba
56,Tribun News,2026-02-04,Membedah Perbedaan Jurusan Sastra dan Pendidikan Bahasa: Mana yang Lebih Sesuai untuk Kamu?,1,https://www.tribunnews.com/pendidikan-go/7811491/membedah-perbedaan-jurusan-sastra-dan-pendidikan-bahasa-mana-yang-lebih-sesuai-untuk-kamu
57,Tribun News,2026-01-04,"HUT ke-47 UBL, Yayasan Pendidikan Budi Luhur Cakti Dorong Nilai Kebudiluhuran Mendunia",0,https://www.tribunnews.com/nasional/7811328/hut-ke-47-ubl-yayasan-pendidikan-budi-luhur-cakti-dorong-nilai-kebudiluhuran-mendunia
58,Tribun News,2026-03-30,Prospek Kerja Lulusan Pendidikan Biologi: Peluang Karier Luas dari Guru hingga Edukator Lingkungan,0,https://www.tribunnews.com/pendidikan/7810286/prospek-kerja-lulusan-pendidikan-biologi-peluang-karier-luas-dari-guru-hingga-edukator-lingkungan
59,Tribun News,2026-03-27,Anggota Komisi X DPR Ingatkan Efisiensi Anggaran Tak Boleh Korbankan Pendidikan,0,https://www.tribunnews.com/nasional/7809191/anggota-komisi-x-dpr-ingatkan-efisiensi-anggaran-tak-boleh-korbankan-pendidikan
60,Tribun News,2026-03-25,"Opsi Pembelajaran Daring Bergulir, Legislator NasDem Soroti Kesiapan SDM dan Infrastruktur",0,https://www.tribunnews.com/nasional/7808505/opsi-pembelajaran-daring-bergulir-legislator-nasdem-soroti-kesiapan-sdm-dan-infrastruktur
61,Tribun News,2026-03-25,"Komisi X DPR: Kebijakan PJJ Harus Dikaji, Jangan Korbankan Kualitas Pembelajaran",0,https://www.tribunnews.com/nasional/7808482/komisi-x-dpr-kebijakan-pjj-harus-dikaji-jangan-korbankan-kualitas-pembelajaran
62,Tribun News,2026-03-24,Kunci Jawaban Akhlak Tasawuf Kelas 12 Halaman 85 Kurikulum Merdeka Bab 5: Ayo Berlatih,1,https://www.tribunnews.com/pendidikan/7808275/kunci-jawaban-akhlak-tasawuf-kelas-12-halaman-85-kurikulum-merdeka-bab-5-ayo-berlatih
63,Tribun News,2026-03-22,"Pendaftaran Beasiswa S2-S3 Unhan Dibuka Mulai 1 April 2026, Cek Daftar Prodi dan Syaratnya",1,https://www.tribunnews.com/pendidikan/7807868/pendaftaran-beasiswa-s2-s3-unhan-dibuka-mulai-1-april-2026-cek-daftar-prodi-dan-syaratnya
64,Tribun News,2026-03-19,Transformasi Tata Kelola: Catatan Kunjungan Studi Banding Yayasan Joseph Esa Ene,0,https://www.tribunnews.com/tribunners/7806764/transformasi-tata-kelola-catatan-kunjungan-studi-banding-yayasan-joseph-esa-ene
65,Tribun News,2026-03-16,Lebih dari 32 Ribu Anak Indonesia Terima Bantuan Ramadan untuk Pendidikan dan Kebutuhan Dasar,0,https://www.tribunnews.com/pendidikan/7805344/lebih-dari-32-ribu-anak-indonesia-terima-bantuan-ramadan-untuk-pendidikan-dan-kebutuhan-dasar
66,Tribun News,2026-03-15,Handi Irawan: Pendidikan Indonesia Harus Mampu Merespons Disrupsi Teknologi Kecerdasan Buatan,0,https://www.tribunnews.com/nasional/7804988/handi-irawan-pendidikan-indonesia-harus-mampu-merespons-disrupsi-teknologi-kecerdasan-buatan
67,Tribun News,2026-03-13,Cendekiawan NU Sebut Sistem Pendidikan LDII Dilakukan Secara Masif: Dari Sabang ke Merauke,0,https://www.tribunnews.com/nasional/7804073/cendekiawan-nu-sebut-sistem-pendidikan-ldii-dilakukan-secara-masif-dari-sabang-ke-merauke
68,Tribun News,2026-11-03,"LPDP Buka Beasiswa Akselerasi Universitas Unggulan 2026, Ada Pilihan Harvard-Stanford University",0,https://www.tribunnews.com/pendidikan/7802818/lpdp-buka-beasiswa-akselerasi-universitas-unggulan-2026-ada-pilihan-harvard-stanford-university
69,Tribun News,2026-09-03,Ketangguhan Para PMI Perempuan Bangkit Lewat Pendidikan Berkelanjutan,0,https://www.tribunnews.com/nasional/7801824/ketangguhan-para-pmi-perempuan-bangkit-lewat-pendidikan-berkelanjutan
70,Tribun News,2026-08-03,"Bangun Karakter Generasi Muda, Wilmar Sosialisasikan Program Anti-Bullying kepada Siswa",0,https://www.tribunnews.com/pendidikan/7801448/bangun-karakter-generasi-muda-wilmar-sosialisasikan-program-anti-bullying-kepada-siswa
71,Tribun News,2026-05-03,"Dedikasikan Ilmu ke Generasi Muda, Praktisi Ini Tempuh S3 di Universitas Ciputra",0,https://www.tribunnews.com/adv/7800066/dedikasikan-ilmu-ke-generasi-muda-praktisi-ini-tempuh-s3-di-universitas-ciputra
72,Tribun News,2026-04-03,"Kesehatan dan Pendidikan Warga Meningkat, Walikota Tangsel Masih Hadapi Persoalan Lingkungan",0,https://www.tribunnews.com/metropolitan/7799906/kesehatan-dan-pendidikan-warga-meningkat-walikota-tangsel-masih-hadapi-persoalan-lingkungan
73,Tribun News,2026-02-03,"Kanibalisme Pendidikan, Mengerdilkan Otak demi MBG",1,https://www.tribunnews.com/tribunners/7798517/kanibalisme-pendidikan-mengerdilkan-otak-demi-mbg
74,Tribun News,2026-02-28,"Kunci Jawaban Bahasa Inggris Kelas 8 Halaman 277-278 Kurikulum Merdeka, Section 4: Worksheet 5.16",1,https://www.tribunnews.com/pendidikan/7797876/kunci-jawaban-bahasa-inggris-kelas-8-halaman-277-278-kurikulum-merdeka-section-4-worksheet-516
75,Tribun News,2026-02-28,Dari Kursi Menteri ke Ruang Kelas: Mentan Amran Bantu Mahasiswi Yatim Piatu di Unhas,0,https://www.tribunnews.com/kilas-kementerian/7797751/dari-kursi-menteri-ke-ruang-kelas-mentan-amran-bantu-mahasiswi-yatim-piatu-di-unhas
76,Tribun News,2026-02-26,"Polemik Dana Pendidikan dan MBG, Misbakhun: Tidak Tepat Dipertentangkan",0,https://www.tribunnews.com/nasional/7797047/polemik-dana-pendidikan-dan-mbg-misbakhun-tidak-tepat-dipertentangkan
77,Tribun News,2026-02-26,Anggaran Pendidikan untuk MBG: Rp233 T Sah Secara Hukum demi Perkuat Kualitas Pendidikan,0,https://www.tribunnews.com/tribunners/7796694/anggaran-pendidikan-untuk-mbg-rp233-t-sah-secara-hukum-demi-perkuat-kualitas-pendidikan
78,Tribun News,2026-02-26,"Kasus Dwi Sasetyaningtyas, Wamen Stella Christie: Gagalnya Pendidikan Moral sejak Dini",1,https://www.tribunnews.com/nasional/7796654/kasus-dwi-sasetyaningtyas-wamen-stella-christie-gagalnya-pendidikan-moral-sejak-dini
79,Tribun News,2026-02-26,"Kritik Mekanisme, Stella Christie Harap Beasiswa LPDP Tak Diberikan ke Orang Mampu",0,https://www.tribunnews.com/nasional/7796648/kritik-mekanisme-stella-christie-harap-beasiswa-lpdp-tak-diberikan-ke-orang-mampu
80,Tribun News,2026-02-22,"Kunjungan Rutin ke Sekolah Rakyat, Orang Tua: Banyak Perubahan Signifikan pada Anak",0,https://www.tribunnews.com/kilas-kementerian/7794804/kunjungan-rutin-ke-sekolah-rakyat-orang-tua-banyak-perubahan-signifikan-pada-anak
81,Tribun News,2026-02-20,Komisi X DPR Minta Pemerintah Tanggung Biaya Kuliah Mahasiswa Terdampak Bencana Sumatra,0,https://www.tribunnews.com/regional/7793978/komisi-x-dpr-minta-pemerintah-tanggung-biaya-kuliah-mahasiswa-terdampak-bencana-sumatra
82,Tribun News,2026-02-19,"Menteri Pendidikan Timor Leste Teken MoU Bersama Unigoro, Bupati Bojonegoro: Kami Bangga!",0,https://www.tribunnews.com/adv/7793507/menteri-pendidikan-timor-leste-teken-mou-bersama-unigoro-bupati-bojonegoro-kami-bangga
83,Tribun News,2026-02-17,Dari Padang ke Kampus Global: Jalan Salma Putri Menjadi Generasi Neuroscience,0,https://www.tribunnews.com/nasional/7792577/dari-padang-ke-kampus-global-jalan-salma-putri-menjadi-generasi-neuroscience
84,Tribun News,2026-02-17,Rocky Gerung dan Hasto Wardoyo Soroti Tantangan Pendidikan Indonesia ke Depan,0,https://www.tribunnews.com/nasional/7792320/rocky-gerung-dan-hasto-wardoyo-soroti-tantangan-pendidikan-indonesia-ke-depan
85,Tribun News,2026-02-15,"Satu Tahun Pemerintahan, Gubernur NTT Fokus Pendidikan Kesehatan",0,https://www.tribunnews.com/regional/7791608/satu-tahun-pemerintahan-gubernur-ntt-fokus-pendidikan-kesehatan
86,Tribun News,2026-11-02,Perkuat Link and Match Industri Lewat Asesmen Keterampilan di Level Pendidikan Vokasi,0,https://www.tribunnews.com/bisnis/7789884/perkuat-link-and-match-industri-lewat-asesmen-keterampilan-di-level-pendidikan-vokasi
87,Tribun News,2026-11-02,"Lomba Debat Indonesia 2026 Tingkat SMA, Cek Syarat dan Jadwal LDI",0,https://www.tribunnews.com/pendidikan/7789824/lomba-debat-indonesia-2026-tingkat-sma-cek-syarat-dan-jadwal-ldi
88,Tribun News,2026-09-02,"Pantun Angka di Podium, Abdul Mu’ti Tekankan Literasi Dasar di Konsolnas Pendidikan",0,https://www.tribunnews.com/nasional/7788957/pantun-angka-di-podium-abdul-muti-tekankan-literasi-dasar-di-konsolnas-pendidikan
89,Tribun News,2026-07-02,"Seskab Letkol Teddy Jalani Sesko TNI AD, Proses Pendidikan Dilakukan 2 Metode",0,https://www.tribunnews.com/nasional/7788099/seskab-letkol-teddy-jalani-sesko-tni-ad-proses-pendidikan-dilakukan-2-metode
90,Tribun News,2026-06-02,"Tragedi Siswa SD di Ngada NTT, Potret Kegagalan Negara dalam Memberikan Pendidikan Manusiawi",1,https://www.tribunnews.com/tribunners/7787618/tragedi-siswa-sd-di-ngada-ntt-potret-kegagalan-negara-dalam-memberikan-pendidikan-manusiawi
91,Tribun News,2026-05-02,"Polisi Ungkap Pemicu Siswa SD di NTT Akhiri Hidup, Ada Banyak Faktor, Termasuk Masalah Alat Tulis",0,https://www.tribunnews.com/regional/7787401/polisi-ungkap-pemicu-siswa-sd-di-ntt-akhiri-hidup-ada-banyak-faktor-termasuk-masalah-alat-tulis
92,Tribun News,2026-05-02,"Anggaran Pendidikan Dipakai untuk MBG, Guru Honorer Ajukan Gugatan ke MK",0,https://www.tribunnews.com/nasional/7787302/anggaran-pendidikan-dipakai-untuk-mbg-guru-honorer-ajukan-gugatan-ke-mk
93,Tribun News,2026-05-02,"Kisah Khoirul Anam, Satpam Bank Bergelar S2 Pecahkan Rekor MURI: Tidur Dikorbankan",0,https://www.tribunnews.com/nasional/7787253/kisah-khoirul-anam-satpam-bank-bergelar-s2-pecahkan-rekor-muri-tidur-dikorbankan
94,Tribun News,2026-04-02,Benyamin Davnie: Pendidikan Jadi Penggerak Utama Pembangunan Daerah,0,https://www.tribunnews.com/metropolitan/7786937/benyamin-davnie-pendidikan-jadi-penggerak-utama-pembangunan-daerah
95,Tribun News,2026-04-02,Tragedi Bocah SD di Ngada NTT: Cermin Kebijakan Pendidikan Belum Berpihak pada Kelompok Rentan,0,https://www.tribunnews.com/regional/7786687/tragedi-bocah-sd-di-ngada-ntt-cermin-kebijakan-pendidikan-belum-berpihak-pada-kelompok-rentan
96,Tribun News,2026-04-02,"Siswa SD Akhiri Hidup Karena Tak Mampu Beli Alat Tulis, Hetifah: Menyayat Hati, Tak Bisa Diterima",0,https://www.tribunnews.com/nasional/7786565/siswa-sd-akhiri-hidup-karena-tak-mampu-beli-alat-tulis-hetifah-menyayat-hati-tak-bisa-diterima
97,Tribun News,2026-03-02,"Tragedi Anak SD di NTT Meninggal Dunia Usai Buku Tak Terbeli, Potret Buram Pendidikan",1,https://www.tribunnews.com/nasional/7786344/tragedi-anak-sd-di-ntt-meninggal-dunia-usai-buku-tak-terbeli-potret-buram-pendidikan
98,Tribun News,2026-03-02,"Rapat dengan Mendiktisaintek, Politikus NasDem Tekankan Pemerataan Pendidikan di Daerah",0,https://www.tribunnews.com/regional/7786319/rapat-dengan-mendiktisaintek-politikus-nasdem-tekankan-pemerataan-pendidikan-di-daerah
99,Tribun News,2026-03-02,Pendidikan Vokasi Pertanian Jadi Strategi Pemerintah Perkuat Regenerasi Petani Nasional,0,https://www.tribunnews.com/nasional/7786150/pendidikan-vokasi-pertanian-jadi-strategi-pemerintah-perkuat-regenerasi-petani-nasional
100,Tribun News,2026-02-02,"Kemendikdasmen-LPDP Siapkan 6.000 Beasiswa Talenta Indonesia, Pesertanya Bisa Kuliah di Luar Negeri",0,https://www.tribunnews.com/nasional/7785734/kemendikdasmen-lpdp-siapkan-6000-beasiswa-talenta-indonesia-pesertanya-bisa-kuliah-di-luar-negeri
101,Tribun News,2026-01-28,"Pendidikan Tak Hanya di Ruang Kelas, Misi Mendekatkan Pemuda dengan Pusat Diplomasi Dunia",0,https://www.tribunnews.com/nasional/7784115/pendidikan-tak-hanya-di-ruang-kelas-misi-mendekatkan-pemuda-dengan-pusat-diplomasi-dunia
102,Tribun News,2026-01-27,"Prabowo Kembali Kumpulkan Menteri di Hambalang, Bahas Kerja Sama Pendidikan Indonesia–Inggris",0,https://www.tribunnews.com/nasional/7783684/prabowo-kembali-kumpulkan-menteri-di-hambalang-bahas-kerja-sama-pendidikan-indonesiainggris
103,Tribun News,2026-01-27,"Yayasan Toyota dan Astra Bedah Buku 50 Tahun Pengabdian, Soroti Pentingnya Pendidikan Karakter",0,https://www.tribunnews.com/bisnis/7783668/yayasan-toyota-dan-astra-bedah-buku-50-tahun-pengabdian-soroti-pentingnya-pendidikan-karakter
104,Tribun News,2026-01-27,"Dongkrak Kualitas SDM Generasi Muda Papua, Pemerintah Bisa Alokasikan Rp 9,4 Triliun",0,https://www.tribunnews.com/regional/7783388/dongkrak-kualitas-sdm-generasi-muda-papua-pemerintah-bisa-alokasikan-rp-94-triliun
105,Tribun News,2026-01-26,Kampus Berperan Mewujudkan Pendidikan Holistik dan Pembentukan Karakter Bangsa,0,https://www.tribunnews.com/nasional/7783127/kampus-berperan-mewujudkan-pendidikan-holistik-dan-pembentukan-karakter-bangsa
106,Tribun News,2026-01-26,"10 Universitas dengan Jurusan Pendidikan Terbaik di Indonesia Versi THE WUR by Subject 2026, Ada UNY",0,https://www.tribunnews.com/pendidikan/7783081/10-universitas-dengan-jurusan-pendidikan-terbaik-di-indonesia-versi-the-wur-by-subject-2026-ada-uny
107,Tribun News,2026-01-26,"Teks Ikrar Pelajar Indonesia dan Lagu Rukun Sama Teman, Wajib Dibaca saat Upacara",0,https://www.tribunnews.com/nasional/7782952/teks-ikrar-pelajar-indonesia-dan-lagu-rukun-sama-teman-wajib-dibaca-saat-upacara
108,Tribun News,2026-01-24,Kasatgas Tito Karnavian Cek Pemulihan Sekolah Pascabencana di Tapanuli Tengah,1,https://www.tribunnews.com/kilas-kementerian/7782506/kasatgas-tito-karnavian-cek-pemulihan-sekolah-pascabencana-di-tapanuli-tengah
109,Tribun News,2026-01-24,Asido Hutabarat: Advokat Berkualitas Lahir dari Pendidikan yang Benar,0,https://www.tribunnews.com/metropolitan/7782463/asido-hutabarat-advokat-berkualitas-lahir-dari-pendidikan-yang-benar
110,Tribun News,2026-01-24,"Sekolah Rakyat, Ikhtiar Memperluas Akses Pendidikan yang Setara",0,https://www.tribunnews.com/pendidikan-go/7782371/sekolah-rakyat-ikhtiar-memperluas-akses-pendidikan-yang-setara
111,Tribun News,2026-01-20,Bamsoet Dukung Langkah Prabowo Perluas Jejaring Kampus Internasional untuk Pendidikan Indonesia,0,https://www.tribunnews.com/nasional/7780561/bamsoet-dukung-langkah-prabowo-perluas-jejaring-kampus-internasional-untuk-pendidikan-indonesia
112,Tribun News,2026-01-19,"Sandang Putri Anak Indonesia Pariwista, Key Giffary Fokus Ajar Anak Jalanan",0,https://www.tribunnews.com/seleb/7780484/sandang-putri-anak-indonesia-pariwista-key-giffary-fokus-ajar-anak-jalanan
113,Tribun News,2026-01-17,"Jangan Terlewat, Ini Tata Cara Registrasi Akun SNPMB 2026 untuk Siswa",1,https://www.tribunnews.com/pendidikan-go/7779804/jangan-terlewat-ini-tata-cara-registrasi-akun-snpmb-2026-untuk-siswa
114,Tribun News,2026-01-17,"JSIT Indonesia Gelar Mukernas 2026, Teguhkan Komitmen Membangun Pendidikan Berkarakter",0,https://www.tribunnews.com/pendidikan/7779699/jsit-indonesia-gelar-mukernas-2026-teguhkan-komitmen-membangun-pendidikan-berkarakter
115,Tribun News,2026-01-15,"Tanoto Foundation Kukuhkan 176 Penerima Beasiswa TELADAN 2026, Fokus Penguatan Soft Skills",0,https://www.tribunnews.com/pendidikan/7779115/tanoto-foundation-kukuhkan-176-penerima-beasiswa-teladan-2026-fokus-penguatan-soft-skills
116,Tribun News,2026-01-15,Pemilu Musim Dingin Dinilai Berisiko Ganggu Ujian Masuk Universitas di Jepang,0,https://www.tribunnews.com/internasional/7778817/pemilu-musim-dingin-dinilai-berisiko-ganggu-ujian-masuk-universitas-di-jepang
117,Tribun News,2026-01-13,"Masuk Semester Genap, Rasa Aman Jadi Kunci Siswa Kembali Percaya Diri di Sekolah",0,https://www.tribunnews.com/pendidikan-go/7778088/masuk-semester-genap-rasa-aman-jadi-kunci-siswa-kembali-percaya-diri-di-sekolah
118,Tribun News,2026-01-13,Kemenag Terbitkan Regulasi Sekolah Widyalaya Swasta Hindu Bisa Jadi Negeri,0,https://www.tribunnews.com/nasional/7777866/kemenag-terbitkan-regulasi-sekolah-widyalaya-swasta-hindu-bisa-jadi-negeri
119,Tribun News,2026-12-01,"Dukung Pemerintah, Industri Fasilitasi Pendidikan di Perkebunan Sawit di Sampit Kalimantan Tengah",0,https://www.tribunnews.com/bisnis/7777625/dukung-pemerintah-industri-fasilitasi-pendidikan-di-perkebunan-sawit-di-sampit-kalimantan-tengah
120,Tribun News,2026-09-01,"Fokus Pendidikan Bergeser, Siswa Perlu Fokus pada Adaptabilitas, Bukan Sekadar Nilai Akademik",0,https://www.tribunnews.com/nasional/7776733/fokus-pendidikan-bergeser-siswa-perlu-fokus-pada-adaptabilitas-bukan-sekadar-nilai-akademik
121,Tribun News,2026-06-01,"Boros Tak Selalu Soal Uang, Ada Juga Boros Kata",0,https://www.tribunnews.com/pendidikan-go/7775233/boros-tak-selalu-soal-uang-ada-juga-boros-kata
122,Tribun News,2026-05-01,"Bukan hanya Fleksibel, Sejumlah Prodi Universitas Terbuka Kembali Raih Akreditasi Unggul",1,https://www.tribunnews.com/adv/7774925/bukan-hanya-fleksibel-sejumlah-prodi-universitas-terbuka-kembali-raih-akreditasi-unggul
123,Tribun News,2026-04-01,"Pernah Gagal LPDP, Amel Carla Berencana Coba Lagi Tahun Ini",0,https://www.tribunnews.com/seleb/7774615/pernah-gagal-lpdp-amel-carla-berencana-coba-lagi-tahun-ini
124,Tribun News,2025-12-31,Gibran Pastikan Fasilitas Pendidikan IKN Siap Mulai dari Tingkat SD hingga SMA,0,https://www.tribunnews.com/nasional/7773280/gibran-pastikan-fasilitas-pendidikan-ikn-siap-mulai-dari-tingkat-sd-hingga-sma
125,Tribun News,2025-12-30,"Kejar Tahun Ajaran Baru 2026, Pemerintah Fokus Pulihkan Pendidikan di Sumatera",0,https://www.tribunnews.com/nasional/7772956/kejar-tahun-ajaran-baru-2026-pemerintah-fokus-pulihkan-pendidikan-di-sumatera
126,Tribun News,2025-12-30,Orangtua Disarankan Sisihkan 5-10 Persen Penghasilan untuk Persiapan Biaya Pendidikan Anak,0,https://www.tribunnews.com/bisnis/7772812/orangtua-disarankan-sisihkan-5-10-persen-penghasilan-untuk-persiapan-biaya-pendidikan-anak
127,Tribun News,2025-12-29,"Sektor Pendidikan di Punjab jadi Sorotan, Ribuan Sekolah Diprivatisasi",0,https://www.tribunnews.com/internasional/7772480/sektor-pendidikan-di-punjab-jadi-sorotan-ribuan-sekolah-diprivatisasi
128,Tribun News,2025-12-29,"Viral Penjual Ikan Cilik, Risky Kini Menata Masa Depan di Sekolah Rakyat Medan",1,https://www.tribunnews.com/kilas-kementerian/7772476/viral-penjual-ikan-cilik-risky-kini-menata-masa-depan-di-sekolah-rakyat-medan
129,Tribun News,2025-12-29,"Pertahanan Diajarkan Sejak SD, Jepang Diuji soal Netralitas Pendidikan",0,https://www.tribunnews.com/internasional/7772394/pertahanan-diajarkan-sejak-sd-jepang-diuji-soal-netralitas-pendidikan
130,Tribun News,2025-12-28,"Dulu Jual Ikan Keliling, Risky Kini Merajut Mimpi di Sekolah Rakyat Medan",0,https://www.tribunnews.com/kilas-kementerian/7772209/dulu-jual-ikan-keliling-risky-kini-merajut-mimpi-di-sekolah-rakyat-medan
131,Tribun News,2025-12-27,Razia yang Satu Ini Malah Bikin Kamu Termotivasi!,1,https://www.tribunnews.com/pendidikan-go/7772037/razia-yang-satu-ini-malah-bikin-kamu-termotivasi
132,Tribun News,2025-12-27,"Nilai TKA 2025 'Jeblok', Sinyal Bahaya Pendidikan Kita atau Sekadar Angka di Atas Kertas?",1,https://www.tribunnews.com/tribunners/7771943/nilai-tka-2025-jeblok-sinyal-bahaya-pendidikan-kita-atau-sekadar-angka-di-atas-kertas
133,Tribun News,2025-12-26,"Refleksi Pendidikan 2025, Ketua Komisi X DPR Dorong Pergeseran Arah Kebijakan di 2026",0,https://www.tribunnews.com/nasional/7771589/refleksi-pendidikan-2025-ketua-komisi-x-dpr-dorong-pergeseran-arah-kebijakan-di-2026
134,Tribun News,2025-12-25,"Standarisasi Kompetensi Lewat Pendidikan, Arah Baru Industri Umrah dan Haji",1,https://www.tribunnews.com/haji/7771446/standarisasi-kompetensi-lewat-pendidikan-arah-baru-industri-umrah-dan-haji
135,Tribun News,2025-12-24,Bonnie Pastikan PDIP Kawal Dana Pendidikan Agar Tepat Sasaran,0,https://www.tribunnews.com/nasional/7771001/bonnie-pastikan-pdip-kawal-dana-pendidikan-agar-tepat-sasaran
136,Tribun News,2025-12-15,Mahasiswa Pascasarjana FKM Unhas Ikuti Konferensi Internasional di Thailand dan Taiwan,0,https://www.tribunnews.com/pendidikan/7767419/mahasiswa-pascasarjana-fkm-unhas-ikuti-konferensi-internasional-di-thailand-dan-taiwan
137,Tribun News,2025-12-14,"Sekolah-Kampus Sumatera Berlumpur hingga Rusak Pascabanjir: Rp13,3 M Disiapkan, Solidaritas Menguat",0,https://www.tribunnews.com/nasional/7766782/sekolah-kampus-sumatera-berlumpur-hingga-rusak-pascabanjir-rp133-m-disiapkan-solidaritas-menguat
138,Tribun News,2025-11-12,"Membentuk Generasi Adaptif, Pendidikan Karakter jadi Jawaban di Tengah Disrupsi AI",0,https://www.tribunnews.com/nasional/7765874/membentuk-generasi-adaptif-pendidikan-karakter-jadi-jawaban-di-tengah-disrupsi-ai
139,Tribun News,2025-09-12,Pertamina Salurkan Dukungan TJSL Bagi Sektor Pendidikan dan Sosial di Magelang,0,https://www.tribunnews.com/pertamina/7764745/pertamina-salurkan-dukungan-tjsl-bagi-sektor-pendidikan-dan-sosial-di-magelang
140,Tribun News,2025-04-12,Buka Akses Pendidikan Berkelanjutan bagi Pemimpin Muda Melalui Program Beasiswa Pendidikan S2,1,https://www.tribunnews.com/nasional/7763054/buka-akses-pendidikan-berkelanjutan-bagi-pemimpin-muda-melalui-program-beasiswa-pendidikan-s2
141,Tribun News,2025-04-12,Mengurai Kekosongan Talenta Pendidikan di Era Skill-Based,0,https://www.tribunnews.com/tribunners/7762896/mengurai-kekosongan-talenta-pendidikan-di-era-skill-based
142,Tribun News,2025-02-12,Kota Semarang Raih Apresiasi Kemendagri atas Perbaikan Akses Layanan Pendidikan 2025,0,https://www.tribunnews.com/kilas-daerah/7762069/kota-semarang-raih-apresiasi-kemendagri-atas-perbaikan-akses-layanan-pendidikan-2025
143,Tribun News,2025-01-12,Telkom Siapkan Program Komprehensif Dukung Digitalisasi Pembelajaran Nasional,0,https://www.tribunnews.com/adv/7761563/telkom-siapkan-program-komprehensif-dukung-digitalisasi-pembelajaran-nasional
144,Tribun News,2025-01-12,Ditjen Pesantren Kemenag Diminta Tangani Khusus Ma’had Aly,0,https://www.tribunnews.com/nasional/7761530/ditjen-pesantren-kemenag-diminta-tangani-khusus-mahad-aly
145,Tribun News,2025-11-28,"Banyak Negara Prioritaskan Pertahanan, Presiden Prabowo: Indonesia Utamakan Pendidikan",0,https://www.tribunnews.com/nasional/7760636/banyak-negara-prioritaskan-pertahanan-presiden-prabowo-indonesia-utamakan-pendidikan
146,Tribun News,2025-11-28,Kenapa Bullying di Dunia Pendidikan Masih Marak dan Apa Dampaknya ke Anak?,0,https://www.tribunnews.com/wadidaw/7760379/kenapa-bullying-di-dunia-pendidikan-masih-marak-dan-apa-dampaknya-ke-anak
147,Tribun News,2025-11-28,"7.193 Anak di Pandeglang Tidak Sekolah, Pemerintah Diminta Perkuat Beasiswa dan Subsidi Pendidikan",0,https://www.tribunnews.com/nasional/7760295/7193-anak-di-pandeglang-tidak-sekolah-pemerintah-diminta-perkuat-beasiswa-dan-subsidi-pendidikan
148,Tribun News,2025-11-25,bank bjb Salurkan Beasiswa S2 untuk Lulusan Terbaik Universitas Ekuitas Indonesia,0,https://www.tribunnews.com/pendidikan/7759232/bank-bjb-salurkan-beasiswa-s2-untuk-lulusan-terbaik-universitas-ekuitas-indonesia
149,Tribun News,2025-11-24,"Gus Ipul Tegaskan Peran Operator, Wali Asuh dan Wali Asrama sebagai Kunci Sukses Sekolah Rakyat",0,https://www.tribunnews.com/kilas-kementerian/7758678/gus-ipul-tegaskan-peran-operator-wali-asuh-dan-wali-asrama-sebagai-kunci-sukses-sekolah-rakyat
150,Tribun News,2025-11-23,Konferensi Internasional Bahas Integrasi Hukum Islam dan Krisis Lingkungan Global,0,https://www.tribunnews.com/nasional/7758280/konferensi-internasional-bahas-integrasi-hukum-islam-dan-krisis-lingkungan-global
151,Tribun News,2025-11-23,"3 Kisah Haru Pelajar Demi Sekolah: Rela Naik KA Subuh, Gunakan Baskom, Lewati Jembatan Rusak",0,https://www.tribunnews.com/regional/7758214/3-kisah-haru-pelajar-demi-sekolah-rela-naik-ka-subuh-gunakan-baskom-lewati-jembatan-rusak
152,Tribun News,2025-11-21,Dialog Gus Ipul dan Siswa Sekolah Rakyat Malang Penuh Haru dan Optimisme Masa Depan,0,https://www.tribunnews.com/kilas-kementerian/7757520/dialog-gus-ipul-dan-siswa-sekolah-rakyat-malang-penuh-haru-dan-optimisme-masa-depan
153,Tribun News,2025-11-20,Komisi VIII DPR dan UIN Sunan Kalijaga Bahas Kesejahteraan & Kualitas Guru Madrasah,0,https://www.tribunnews.com/nasional/7757359/komisi-viii-dpr-dan-uin-sunan-kalijaga-bahas-kesejahteraan-kualitas-guru-madrasah
154,Tribun News,2025-11-20,Kapasitas Mahasiswa Program Doktoral Diperkuat untuk Menghasilkan Riset Bermanfaat Bagi Masyarakat,0,https://www.tribunnews.com/nasional/7757255/kapasitas-mahasiswa-program-doktoral-diperkuat-untuk-menghasilkan-riset-bermanfaat-bagi-masyarakat
155,Tribun News,2025-11-20,Menteri Mukhtarudin Motivasi Siswa SMK Pasim untuk Siap Bersaing Secara Global,0,https://www.tribunnews.com/kilas-kementerian/7757239/menteri-mukhtarudin-motivasi-siswa-smk-pasim-untuk-siap-bersaing-secara-global
156,Tribun News,2025-11-20,Komisi X Pastikan Revisi UU Sisdiknas Libatkan Semua Pihak Demi Pemerataan Pendidikan,0,https://www.tribunnews.com/dpr-ri/7757200/komisi-x-pastikan-revisi-uu-sisdiknas-libatkan-semua-pihak-demi-pemerataan-pendidikan
157,Tribun News,2025-11-19,Gus Ipul Titip Perlindungan Siswa Rentan dan Hak Tenaga Kependidikan di Sekolah Rakyat,0,https://www.tribunnews.com/kilas-kementerian/7756712/gus-ipul-titip-perlindungan-siswa-rentan-dan-hak-tenaga-kependidikan-di-sekolah-rakyat
158,Tribun News,2025-11-18,"Era Belajar Modern di Papua, SMPN 14 Nuni Manokwari Gunakan Laptop dan PC",0,https://www.tribunnews.com/regional/7756331/era-belajar-modern-di-papua-smpn-14-nuni-manokwari-gunakan-laptop-dan-pc
159,Tribun News,2025-11-18,Akses Pendidikan Dipermudah: Pemprov DKI Tebus Ijazah Siswa yang Tertahan,0,https://www.tribunnews.com/metropolitan/7756301/akses-pendidikan-dipermudah-pemprov-dki-tebus-ijazah-siswa-yang-tertahan
160,Tribun News,2025-11-18,BINUS University Dorong Penguatan Literasi dan Etika AI bagi Dosen dalam Transformasi Pendidikan,0,https://www.tribunnews.com/adv/7756019/binus-university-dorong-penguatan-literasi-dan-etika-ai-bagi-dosen-dalam-transformasi-pendidikan
161,Tribun News,2025-12-11,Kemendikdasmen Sebut Kebijakan Redistribusi Guru ASND dan Pendidikan Inklusif Dimulai Tahun 2026,0,https://www.tribunnews.com/pendidikan/7753883/kemendikdasmen-sebut-kebijakan-redistribusi-guru-asnd-dan-pendidikan-inklusif-dimulai-tahun-2026
162,Tribun News,2025-11-11,Romo Syafi’i: Pendidikan Madrasah Harus Relevan dengan Tantangan Zaman,0,https://www.tribunnews.com/nasional/7753495/romo-syafii-pendidikan-madrasah-harus-relevan-dengan-tantangan-zaman
163,Tribun News,2025-11-11,Senator Agita Desak Evaluasi KIP Kuliah dan TKA agar Tak Bebani Mahasiswa,0,https://www.tribunnews.com/dpd-ri/7753454/senator-agita-desak-evaluasi-kip-kuliah-dan-tka-agar-tak-bebani-mahasiswa
164,Tribun News,2025-11-11,"Sebelum TKA 2025, Siswa Sulsel Telah Dibekali Strategi Belajar Efektif",0,https://www.tribunnews.com/pendidikan-go/7753394/sebelum-tka-2025-siswa-sulsel-telah-dibekali-strategi-belajar-efektif
165,Tribun News,2025-07-11,BPDP: Sekitar 15 sampai 20 Persen Tenaga Kerja Panen Sawit Berasal dari NTT,0,https://www.tribunnews.com/regional/7752062/bpdpks-sekitar-15-sampai-20-persen-tenaga-kerja-panen-sawit-berasal-dari-ntt
166,Tribun News,2025-06-11,"Biaya Pendidikan Makin Mahal dan Tak Terjangkau, Asuransi Jadi Solusinya",0,https://www.tribunnews.com/pendidikan/7751342/biaya-pendidikan-makin-mahal-dan-tak-terjangkau-asuransi-jadi-solusinya
167,Tribun News,2025-04-11,Gus Ipul Tutup Diklat Calon Kepala Sekolah Rakyat: Dorong Aksi Nyata dan Hilirisasi Pendidikan,0,https://www.tribunnews.com/kilas-kementerian/7750409/gus-ipul-tutup-diklat-calon-kepala-sekolah-rakyat-dorong-aksi-nyata-dan-hilirisasi-pendidikan
168,Tribun News,2025-04-11,"Saat Banjir Konten Kemewahan, Duo Kakak Beradik Mischka dan Devon Wujudkan Mimpi Bangun Pendidikan",0,https://www.tribunnews.com/lifestyle/7750346/saat-banjir-konten-kemewahan-duo-kakak-beradik-mischka-dan-devon-wujudkan-mimpi-bangun-pendidikan
169,Tribun News,2025-03-11,"Hari Pertama TKA, Kemendikdasmen: Jalani dengan Jujur, Tak Perlu Menyontek",0,https://www.tribunnews.com/nasional/7749871/hari-pertama-tka-kemendikdasmen-jalani-dengan-jujur-tak-perlu-menyontek
170,Tribun News,2025-01-11,"Berkat Sekolah Rakyat, Kini Merlin Tak Lagi Buta Aksara",0,https://www.tribunnews.com/kilas-kementerian/7749403/berkat-sekolah-rakyat-kini-merlin-tak-lagi-buta-aksara
171,Tribun News,2025-01-11,Wamensos Sebut Sekolah Rakyat Bagian dari Visi Presiden Bangun Indonesia Berdikari,0,https://www.tribunnews.com/kilas-kementerian/7749261/wamensos-sebut-sekolah-rakyat-bagian-dari-visi-presiden-bangun-indonesia-berdikari
172,Tribun News,2025-10-31,"Dari Jawa Timur hingga Papua, Sekolah Akan Laksanakan Tes Kemampuan Akademik 2025 Berbasis Digital",0,https://www.tribunnews.com/pendidikan/7749201/dari-jawa-timur-hingga-papua-sekolah-akan-laksanakan-tes-kemampuan-akademik-2025-berbasis-digital
173,Tribun News,2025-10-30,"Bercita-cita Jadi Ilmuwan, Siswi Sekolah Rakyat Ingin Ubah Sampah Jadi Berkah",0,https://www.tribunnews.com/nasional/7748626/bercita-cita-jadi-ilmuwan-siswi-sekolah-rakyat-ingin-ubah-sampah-jadi-berkah
174,Tribun News,2025-10-30,"Lewat KJP Plus, Gubernur Pramono Wujudkan Pemerataan Pendidikan di Jakarta",0,https://www.tribunnews.com/metropolitan/7748596/lewat-kjp-plus-gubernur-pramono-wujudkan-pemerataan-pendidikan-di-jakarta
175,Tribun News,2025-10-30,Tim Peneliti UNS Klarifikasi Penelitian Penerimaan Masyarakat terhadap PLTN di Bangka Belitung,0,https://www.tribunnews.com/pendidikan/7748418/tim-peneliti-uns-klarifikasi-penelitian-penerimaan-masyarakat-terhadap-pltn-di-bangka-belitung
176,Tribun News,2025-10-29,"Wamensos Agus Jabo Semangati Siswa Sekolah Rakyat Lebak: Raih Cita-cita, Jangan Kecewakan Orang Tua",0,https://www.tribunnews.com/kilas-kementerian/7748187/wamensos-agus-jabo-semangati-siswa-sekolah-rakyat-lebak-raih-cita-cita-jangan-kecewakan-orang-tua
177,Tribun News,2025-10-27,Kata Senator DPD Soal Alokasi Rp 13Triliun Hasil Sitaan Korupsi ke Lembaga Pengelola Dana Pendidikan,0,https://www.tribunnews.com/nasional/7747246/kata-senator-dpd-soal-alokasi-rp-13triliun-hasil-sitaan-korupsi-ke-lembaga-pengelola-dana-pendidikan
178,Tribun News,2025-10-27,Melawan Intoleransi dan Radikalisme Lewat Jalan Pendidikan,0,https://www.tribunnews.com/pendidikan/7746972/melawan-intoleransi-dan-radikalisme-lewat-jalan-pendidikan
179,Tribun News,2025-10-26,Perguruan Tinggi di Indonesia Perluas Jejaring Internasional untuk Tingkatkan Kualitas Pendidikan,0,https://www.tribunnews.com/nasional/7746811/perguruan-tinggi-di-indonesia-perluas-jejaring-internasional-untuk-tingkatkan-kualitas-pendidikan
180,Tribun News,2025-10-24,"PIP Menyasar Murid dari Jenjang Pendidikan TK, Mulai Tahun 2026",0,https://www.tribunnews.com/pendidikan/7746125/pip-menyasar-murid-dari-jenjang-pendidikan-tk-mulai-tahun-2026
181,Tribun News,2025-10-22,Prabowo Hadirkan Harapan Baru lewat Revitalisasi Sekolah di Karawang,0,https://www.tribunnews.com/nasional/7745117/prabowo-hadirkan-harapan-baru-lewat-revitalisasi-sekolah-di-karawang
182,Tribun News,2025-10-22,"Hari Santri, Literasi Dikenalkan ke Anak Madrasah di Tapanuli Tengah",0,https://www.tribunnews.com/pendidikan/7744897/hari-santri-literasi-dikenalkan-ke-anak-madrasah-di-tapanuli-tengah
183,Tribun News,2025-10-20,"Cara Instal Aplikasi e-Rapor SMA 2025, Berikut Fitur Terbaru dan Syarat Teknis Servernya",1,https://www.tribunnews.com/pendidikan/7744173/cara-instal-aplikasi-e-rapor-sma-2025-berikut-fitur-terbaru-dan-syarat-teknis-servernya
184,Tribun News,2025-10-19,Sinergi Dunia Industri dan Pendidikan Jadi Kunci Cetak SDM Unggul dan Inovatif,0,https://www.tribunnews.com/nasional/7743810/sinergi-dunia-industri-dan-pendidikan-jadi-kunci-cetak-sdm-unggul-dan-inovatif
185,Tribun News,2025-10-17,"Sekolah Rakyat Bantu Ramah Bangkit: Anak Bisa Sekolah Gratis, Ibu Bisa Berdaya",0,https://www.tribunnews.com/kilas-kementerian/7742992/sekolah-rakyat-bantu-ramah-bangkit-anak-bisa-sekolah-gratis-ibu-bisa-berdaya
186,Tribun News,2025-10-15,"Dukung Pendidikan Anak Bangsa, Pemkot Surabaya Kucurkan Rp71 Miliar untuk Beasiswa Pemuda Tangguh",0,https://www.tribunnews.com/regional/7742313/dukung-pendidikan-anak-bangsa-pemkot-surabaya-kucurkan-rp71-miliar-untuk-beasiswa-pemuda-tangguh
187,Tribun News,2025-10-14,Program Sekolah Garuda: Inovasi Presiden Prabowo untuk Pendidikan Berdaya Saing Global,0,https://www.tribunnews.com/nasional/7741727/program-sekolah-garuda-inovasi-presiden-prabowo-untuk-pendidikan-berdaya-saing-global
188,Tribun News,2025-10-10,"Lembaga Pengelola Dana Pendidikan Defisit Tiga Tahun Berturut-turut, Ini Penyebabnya",1,https://www.tribunnews.com/bisnis/7739971/lembaga-pengelola-dana-pendidikan-defisit-tiga-tahun-berturut-turut-ini-penyebabnya
189,Tribun News,2025-09-10,"Kemenkeu-Kemensos Pastikan Sekolah Rakyat Berasrama Berlanjut, Target Perluasan Hingga 2029",0,https://www.tribunnews.com/pendidikan/7739430/kemenkeu-kemensos-pastikan-sekolah-rakyat-berasrama-berlanjut-target-perluasan-hingga-2029
190,Tribun News,2025-08-10,Menag Nasaruddin Umar: Sekolah Garuda Titik Balik Anak Perbatasan Cintai Negerinya Sendiri,0,https://www.tribunnews.com/kilas-kementerian/7739263/menag-nasaruddin-umar-sekolah-garuda-titik-balik-anak-perbatasan-cintai-negerinya-sendiri
191,Detik Edu,2026-06-06,"Peringati Hari Lingkungan Hidup, Pelajar dan Petugas Bersihkan Sungai Cibanten",0,https://www.detik.com/edu/foto/d-8520530/peringati-hari-lingkungan-hidup-pelajar-dan-petugas-bersihkan-sungai-cibanten
192,Detik Edu,2026-06-06,"2.500 Guru DKI Dapat Ganti Oli Gratis, Dilayani Ratusan Siswa SMK",0,https://www.detik.com/edu/foto/d-8520512/2-500-guru-dki-dapat-ganti-oli-gratis-dilayani-ratusan-siswa-smk
193,Detik Edu,2026-06-06,"KPK Pantau SPMB 2026, Ini Langkah Disdik DKI Tutup Celah Jual-Beli Kursi",0,https://www.detik.com/edu/sekolah/d-8520497/kpk-pantau-spmb-2026-ini-langkah-disdik-dki-tutup-celah-jual-beli-kursi
194,Detik Edu,2026-06-06,Catat! Segini Bobot Nilai TKA di SPMB DKI Jakarta 2026 Jalur Prestasi,1,https://www.detik.com/edu/sekolah/d-8520460/catat-segini-bobot-nilai-tka-di-spmb-dki-jakarta-2026-jalur-prestasi
195,Detik Edu,2026-06-06,"Skor Prestasi Non-Akademik di SPMB Sekolah Maung Berubah, Disdik Klarifikasi",0,https://www.detik.com/edu/sekolah/d-8520302/skor-prestasi-non-akademik-di-spmb-sekolah-maung-berubah-disdik-klarifikasi
196,Detik Edu,2026-06-06,KPK Soroti Praktik Pungli SPMB! Ingatkan Anak Jangan Diajari Praktik Curang,0,https://www.detik.com/edu/sekolah/d-8520300/kpk-soroti-praktik-pungli-spmb-ingatkan-anak-jangan-diajari-praktik-curang
197,Detik Edu,2026-06-06,AI di Ruang Kelas Kita: Menyelamatkan 'Ruh' Pendidikan Indonesia dari Ilusi Teknokratis,0,https://www.detik.com/edu/edutainment/d-8519532/ai-di-ruang-kelas-kita-menyelamatkan-ruh-pendidikan-indonesia-dari-ilusi-teknokratis
198,Detik Edu,2026-06-06,"MAN IC Sumedang Raih Medali Perunggu di Kompetisi Dunia, Lawan Mahasiswa S1-S2",0,https://www.detik.com/edu/edutainment/d-8519753/man-ic-sumedang-raih-medali-perunggu-di-kompetisi-dunia-lawan-mahasiswa-s1-s2
199,Detik Edu,2026-06-06,"Jalur Mandiri PTN Ini Masih Dibuka hingga Pertengahan Juni 2026, Gas Daftar!",1,https://www.detik.com/edu/seleksi-masuk-pt/d-8519442/jalur-mandiri-ptn-ini-masih-dibuka-hingga-pertengahan-juni-2026-gas-daftar
200,Detik Edu,2026-06-06,"Mahasiswa ITS Kembangkan Alat Deteksi Kebakaran Listrik, Siap Wakili Indonesia ke AS",0,https://www.detik.com/edu/edutainment/d-8519759/mahasiswa-its-kembangkan-alat-deteksi-kebakaran-listrik-siap-wakili-indonesia-ke-as
201,Detik Edu,2026-06-06,Kuasai Teknik Hipnoterapi Profesional dalam 2 Hari dan Dapatkan Sertifikatnya!,1,https://www.detik.com/edu/edutainment/d-8519696/kuasai-teknik-hipnoterapi-profesional-dalam-2-hari-dan-dapatkan-sertifikatnya
202,Detik Edu,2026-05-06,"Belajar Bikin Website Pakai Lovable dan Bolt Tanpa Coding, Ini Kelas yang Tepat",1,https://www.detik.com/edu/edutainment/d-8519603/belajar-bikin-website-pakai-lovable-dan-bolt-tanpa-coding-ini-kelas-yang-tepat
203,Detik Edu,2026-05-06,"Pendidikan, Angka dan Martabat Manusia",0,https://www.detik.com/edu/edutainment/d-8519504/pendidikan-angka-dan-martabat-manusia
204,Detik Edu,2026-05-06,"Jalur Mandiri Reguler UIN Syarif Hidayatullah Jakarta 2026, Tak Ada Uang Pangkal",0,https://www.detik.com/edu/seleksi-masuk-pt/d-8519353/jalur-mandiri-reguler-uin-syarif-hidayatullah-jakarta-2026-tak-ada-uang-pangkal
205,Detik Edu,2026-05-06,"Bantuan PIP SD, SMP, SMA Cair Lagi, Simak Jadwalnya",1,https://www.detik.com/edu/beasiswa/d-8519468/bantuan-pip-sd-smp-sma-cair-lagi-simak-jadwalnya
206,Detik Edu,2026-05-06,"6 Bulan Pascabencana Aceh Barat, Siswa Masih Belajar di Tenda",0,https://www.detik.com/edu/foto/d-8519346/6-bulan-pascabencana-aceh-barat-siswa-masih-belajar-di-tenda
207,Detik Edu,2026-05-06,3 Wisudawan Ini Raih IPK 4 dari Kedokteran UGM!,1,https://www.detik.com/edu/edutainment/d-8519451/3-wisudawan-ini-raih-ipk-4-dari-kedokteran-ugm
208,Detik Edu,2026-05-06,Panitia SNPMB Jelaskan Kenapa Pengumuman UTBK Butuh Waktu Hampir Sebulan,0,https://www.detik.com/edu/seleksi-masuk-pt/d-8519564/panitia-snpmb-jelaskan-kenapa-pengumuman-utbk-butuh-waktu-hampir-sebulan
209,Detik Edu,2026-05-06,"Dana KJP Plus April Cair Bertahap Mulai 5 Juni 2026, Cek!",1,https://www.detik.com/edu/sekolah/d-8519578/dana-kjp-plus-april-cair-bertahap-mulai-5-juni-2026-cek
210,Detik Edu,2026-05-06,Siswa Terpaksa Arungi Sungai demi Ujian Sekolah,0,https://www.detik.com/edu/foto/d-8519242/siswa-terpaksa-arungi-sungai-demi-ujian-sekolah
211,Detik Edu,2026-05-06,"3 Prioritas Penerima Bantuan Revitalisasi Sekolah 2026, Targetkan 71 Ribu Sekolah",0,https://www.detik.com/edu/sekolah/d-8519486/3-prioritas-penerima-bantuan-revitalisasi-sekolah-2026-targetkan-71-ribu-sekolah
212,Detik Edu,2026-05-06,"Kemdiktisaintek Godok Beasiswa KIP Kuliah Parsial, Targetnya Siapa?",1,https://www.detik.com/edu/beasiswa/d-8519440/kemdiktisaintek-godok-beasiswa-kip-kuliah-parsial-targetnya-siapa
213,Detik Edu,2026-05-06,"Sempat Dikaji, Seleksi Gabungan PTN-PTS Terkendala Pencantuman UKT",0,https://www.detik.com/edu/seleksi-masuk-pt/d-8519295/sempat-dikaji-seleksi-gabungan-ptn-pts-terkendala-pencantuman-ukt
214,Detik Edu,2026-05-06,"SPMB Jateng 2026: Jika SHTKA Belum Terbit, Apakah Bisa Daftar?",1,https://www.detik.com/edu/sekolah/d-8519292/spmb-jateng-2026-jika-shtka-belum-terbit-apakah-bisa-daftar
215,Detik Edu,2026-05-06,"Pelopor Accounting dan Teknologi, School of Accounting BINUS Top 4 QS",0,https://www.detik.com/edu/perguruan-tinggi/d-8519261/pelopor-accounting-dan-teknologi-school-of-accounting-binus-top-4-qs
216,Detik Edu,2026-05-06,"Kementerian Hukum Buka Beasiswa S2-S3 untuk PNS, Cek Syaratnya!",1,https://www.detik.com/edu/beasiswa/d-8519173/kementerian-hukum-buka-beasiswa-s2-s3-untuk-pns-cek-syaratnya
217,Detik Edu,2026-05-06,"Uji Kompetensi Kenaikan Jenjang Guru 2026 Dibuka, Cek Syaratnya!",1,https://www.detik.com/edu/sekolah/d-8519027/uji-kompetensi-kenaikan-jenjang-guru-2026-dibuka-cek-syaratnya
218,Detik Edu,2026-05-06,Kemdiktisaintek Akan Kaji Usulan Penggabungan Seleksi Masuk PTN-PTS,0,https://www.detik.com/edu/seleksi-masuk-pt/d-8519139/kemdiktisaintek-akan-kaji-usulan-penggabungan-seleksi-masuk-ptn-pts
219,Detik Edu,2026-05-06,"44.972 Peserta Ikut Ujian Masuk UGM CBT 2026, Cek Prodi Favorit!",1,https://www.detik.com/edu/seleksi-masuk-pt/d-8519054/44-972-peserta-ikut-ujian-masuk-ugm-cbt-2026-cek-prodi-favorit
220,Detik Edu,2026-05-06,"Seleksi Mandiri SMITS ACE ITS 2026 Masih Buka, Cek Jadwal dan Syaratnya!",1,https://www.detik.com/edu/seleksi-masuk-pt/d-8518952/seleksi-mandiri-smits-ace-its-2026-masih-buka-cek-jadwal-dan-syaratnya
221,Detik Edu,2026-05-06,"Rerata Skor UTBK Lebih Rendah Bisa Lolos Tapi yang Tinggi Tidak, Cek Penjelasannya!",1,https://www.detik.com/edu/seleksi-masuk-pt/d-8518985/rerata-skor-utbk-lebih-rendah-bisa-lolos-tapi-yang-tinggi-tidak-cek-penjelasannya
222,Detik Edu,2026-05-06,"10 Beasiswa LPDP 2026 yang Masih Buka, Terakhir Tutup 30 Juni!",0,https://www.detik.com/edu/beasiswa/d-8518915/10-beasiswa-lpdp-2026-yang-masih-buka-terakhir-tutup-30-juni
223,Detik Edu,2026-05-06,Kepala BGN: MBG Sekolah Mahal Bisa Dialihkan ke 3T,0,https://www.detik.com/edu/sekolah/d-8518907/kepala-bgn-mbg-sekolah-mahal-bisa-dialihkan-ke-3t
224,Detik Edu,2026-05-06,"Jadwal Pendaftaran SPMB SMP Kota Depok 2026, Jalur Prestasi Tutup Hari Ini!",0,https://www.detik.com/edu/sekolah/d-8518777/jadwal-pendaftaran-spmb-smp-kota-depok-2026-jalur-prestasi-tutup-hari-ini
225,Detik Edu,2026-05-06,"Usia 20 Tahun Sudah Lulus S1 Kedokteran UGM, Fulviana Punya Rahasia Ini",1,https://www.detik.com/edu/edutainment/d-8518374/usia-20-tahun-sudah-lulus-s1-kedokteran-ugm-fulviana-punya-rahasia-ini
226,Detik Edu,2026-05-06,"STPN Jadi Politeknik Agraria STPN, Sekolah Kedinasan dengan Skema Ikatan Dinas?",0,https://www.detik.com/edu/perguruan-tinggi/d-8518309/stpn-jadi-politeknik-agraria-stpn-sekolah-kedinasan-dengan-skema-ikatan-dinas
227,Detik Edu,2026-05-06,"Wamendikti Stella Christie: AI Lahir dari Filsafat, Ini Penjelasan Mudahnya",1,https://www.detik.com/edu/edutainment/d-8518202/wamendikti-stella-christie-ai-lahir-dari-filsafat-ini-penjelasan-mudahnya
228,Detik Edu,2026-05-06,"Puluhan Ribu Siswa di Negara Ini 'Tertipu' Sekolah Internasional, Kok Bisa?",1,https://www.detik.com/edu/sekolah/d-8518205/puluhan-ribu-siswa-di-negara-ini-tertipu-sekolah-internasional-kok-bisa
229,Detik Edu,2026-05-06,"Ketentuan Berpakaian Peserta Ujian SSE UM-PTKIN 2026, Cek Juga Materi Tesnya!",1,https://www.detik.com/edu/seleksi-masuk-pt/d-8518200/ketentuan-berpakaian-peserta-ujian-sse-um-ptkin-2026-cek-juga-materi-tesnya
230,Detik Edu,2026-05-06,Bingung Mulai Jadi Content Creator? Ini Cara Tentukan Niche Biar Cepat Berkembang,1,https://www.detik.com/edu/edutainment/d-8518481/bingung-mulai-jadi-content-creator-ini-cara-tentukan-niche-biar-cepat-berkembang
231,Detik Edu,2026-04-06,"Bukan Cuma Mahasiswa, Bootcamp Statistik Ini Cocok buat Semua Profesi",1,https://www.detik.com/edu/edutainment/d-8518477/bukan-cuma-mahasiswa-bootcamp-statistik-ini-cocok-buat-semua-profesi
232,Detik Edu,2026-04-06,Fresh Graduate Wajib Tahu! Ini Bedanya CV yang Dilirik dan yang Langsung Dibuang,1,https://www.detik.com/edu/edutainment/d-8518415/fresh-graduate-wajib-tahu-ini-bedanya-cv-yang-dilirik-dan-yang-langsung-dibuang
233,Detik Edu,2026-04-06,"Hari Keju Sedunia 2026, Siswa SD Diedukasi Pentingnya Gizi Seimbang",0,https://www.detik.com/edu/foto/d-8518138/hari-keju-sedunia-2026-siswa-sd-diedukasi-pentingnya-gizi-seimbang
234,Detik Edu,2026-04-06,"Anggota DPR Sebut Ada Uang Pangkal Rp 1,5 M, Mendikti: Tidak Boleh, Sangat Mahal",0,https://www.detik.com/edu/seleksi-masuk-pt/d-8518295/anggota-dpr-sebut-ada-uang-pangkal-rp-1-5-m-mendikti-tidak-boleh-sangat-mahal
235,Detik Edu,2026-04-06,Incar Prodi Neuroscience? Sayangnya Belum Ada di PTN/PTS Indonesia,0,https://www.detik.com/edu/perguruan-tinggi/d-8518186/incar-prodi-neuroscience-sayangnya-belum-ada-di-ptn-pts-indonesia
236,Detik Edu,2026-04-06,Temukan Kecurangan di OSN 2026? Laporkan di Kanal Ini!,1,https://www.detik.com/edu/sekolah/d-8518033/temukan-kecurangan-di-osn-2026-laporkan-di-kanal-ini
237,Detik Edu,2026-04-06,"Sekolah Rakyat Buka Lowongan 5.127 Tenaga Kependidikan, Minimal Lulusan D3",0,https://www.detik.com/edu/detikpedia/d-8518056/sekolah-rakyat-buka-lowongan-5-127-tenaga-kependidikan-minimal-lulusan-d3
238,Detik Edu,2026-04-06,Kemendikdasmen Bakal Diskualifikasi-Blacklist Peserta Curang di OSN 2026,0,https://www.detik.com/edu/sekolah/d-8517954/kemendikdasmen-bakal-diskualifikasi-blacklist-peserta-curang-di-osn-2026
239,Detik Edu,2026-04-06,"Peserta SPMB Jateng 2026 Sudah Bisa Aktivasi Akun, Nilai TKA Otomatis Masuk Sistem",0,https://www.detik.com/edu/sekolah/d-8517942/peserta-spmb-jateng-2026-sudah-bisa-aktivasi-akun-nilai-tka-otomatis-masuk-sistem
240,Detik Edu,2026-04-06,"Universitas Trunojoyo Madura Buka Prodi Kedokteran, Pendaftaran Lewat Jalur Mandiri",0,https://www.detik.com/edu/seleksi-masuk-pt/d-8517957/universitas-trunojoyo-madura-buka-prodi-kedokteran-pendaftaran-lewat-jalur-mandiri
241,Detik Edu,2026-04-06,"Ada Beasiswa Pemerintah Denmark di Aarhus University, Kuliah S2 Gratis Plus Tunjangan Hidup",0,https://www.detik.com/edu/beasiswa/d-8517865/ada-beasiswa-pemerintah-denmark-di-aarhus-university-kuliah-s2-gratis-plus-tunjangan-hidup
242,Detik Edu,2026-04-06,"Soal Tutup Prodi Tak Relevan, Pakar: Keputusan yang Abaikan Dinamika Masa Depan",0,https://www.detik.com/edu/edutainment/d-8517877/soal-tutup-prodi-tak-relevan-pakar-keputusan-yang-abaikan-dinamika-masa-depan
243,Detik Edu,2026-04-06,"Ahli Sebut Ciri Terbentuknya El Nino, RI Punya Posisi Penting dalam Iklim Global",0,https://www.detik.com/edu/detikpedia/d-8517781/ahli-sebut-ciri-terbentuknya-el-nino-ri-punya-posisi-penting-dalam-iklim-global
244,Detik Edu,2026-04-06,"Masuk Sekolah Swasta Gratis Jakarta, Kuota Sekolah Ini Penuh dalam Sehari",1,https://www.detik.com/edu/sekolah/d-8517742/masuk-sekolah-swasta-gratis-jakarta-kuota-sekolah-ini-penuh-dalam-sehari
245,Detik Edu,2026-04-06,BRIN Buka Peluang Magang S1-Bantuan Dana Pendidikan S2-S3,0,https://www.detik.com/edu/perguruan-tinggi/d-8517638/brin-buka-peluang-magang-s1-bantuan-dana-pendidikan-s2-s3
246,Detik Edu,2026-04-06,Pendaftaran Beasiswa PMDSU 2026 Sudah Dibuka! Cek Syarat hingga Link Daftarnya,1,https://www.detik.com/edu/beasiswa/d-8517457/pendaftaran-beasiswa-pmdsu-2026-sudah-dibuka-cek-syarat-hingga-link-daftarnya
247,Detik Edu,2026-04-06,"Komisi X DPR Soroti Camaba Gagal Dapat KIP Kuliah, Berimbas Batal Masuk Kampus",0,https://www.detik.com/edu/perguruan-tinggi/d-8517485/komisi-x-dpr-soroti-camaba-gagal-dapat-kip-kuliah-berimbas-batal-masuk-kampus
248,Detik Edu,2026-04-06,"Durasi 'Nganggur' Fresh Graduate ITB, Rata-rata Berapa Bulan?",1,https://www.detik.com/edu/perguruan-tinggi/d-8517399/durasi-nganggur-fresh-graduate-itb-rata-rata-berapa-bulan
249,Detik Edu,2026-04-06,Puspresnas Temukan Praktik Kecurangan di Uji Coba OSN 2026,0,https://www.detik.com/edu/sekolah/d-8517447/puspresnas-temukan-praktik-kecurangan-di-uji-coba-osn-2026
250,Detik Edu,2026-04-06,"Ada Ekshibisi AI di OSN 2026, Siswa Siap-siap!",1,https://www.detik.com/edu/sekolah/d-8517394/ada-ekshibisi-ai-di-osn-2026-siswa-siap-siap
251,Detik Edu,2026-04-06,YPPH Lakukan Peletakan Batu Pertama Sekolah Pelita Harapan Pluit Village,0,https://www.detik.com/edu/advertorial-news-block/d-8517554/ypph-lakukan-peletakan-batu-pertama-sekolah-pelita-harapan-pluit-village
252,Detik Edu,2026-04-06,"Anggota Komisi X DPR Usul SNPMB Dibuka 2 Jalur Saja, Tanpa Seleksi Mandiri",0,https://www.detik.com/edu/seleksi-masuk-pt/d-8517330/anggota-komisi-x-dpr-usul-snpmb-dibuka-2-jalur-saja-tanpa-seleksi-mandiri
253,Detik Edu,2026-04-06,"Kucing Lucu Ini Jadi 'Asisten' Guru di Kelas, Bikin Siswa Jadi Lebih Fokus",0,https://www.detik.com/edu/sekolah/d-8516726/kucing-lucu-ini-jadi-asisten-guru-di-kelas-bikin-siswa-jadi-lebih-fokus
254,Detik Edu,2026-04-06,"Kata 'Neuroscience' Mulai Berseliweran, Belajar Ilmu Apa Sih Itu?",1,https://www.detik.com/edu/edutainment/d-8516761/kata-neuroscience-mulai-berseliweran-belajar-ilmu-apa-sih-itu
255,Detik Edu,2026-04-06,"Bantah Tutup Prodi Tak Relevan Industri, Kemdikti Tegaskan 2 Jalur Penutupan Prodi",0,https://www.detik.com/edu/perguruan-tinggi/d-8517165/bantah-tutup-prodi-tak-relevan-industri-kemdikti-tegaskan-2-jalur-penutupan-prodi
256,Detik Edu,2026-04-06,"Imbas Konflik Iran-AS, Siswa di UEA Jalani Ujian Ketat dari Rumah Tanpa HP",0,https://www.detik.com/edu/sekolah/d-8516724/imbas-konflik-iran-as-siswa-di-uea-jalani-ujian-ketat-dari-rumah-tanpa-hp
257,Detik Edu,2026-04-06,"Krisis Tenaga Kerja, Bandara Ini Mulai Pekerjakan Robot yang Menyerupai Manusia",1,https://www.detik.com/edu/detikpedia/d-8516722/krisis-tenaga-kerja-bandara-ini-mulai-pekerjakan-robot-yang-menyerupai-manusia
258,Detik Edu,2026-04-06,Peluang Beasiswa Garuda S1 Masih Dibuka! Cek Syarat dan Jadwalnya di Sini,1,https://www.detik.com/edu/beasiswa/d-8516701/peluang-beasiswa-garuda-s1-masih-dibuka-cek-syarat-dan-jadwalnya-di-sini
259,Detik Edu,2026-04-06,"Pengumuman, Sekolah Rakyat Buka 3.053 Loker Guru PPPK 2026!",0,https://www.detik.com/edu/detikpedia/d-8516738/pengumuman-sekolah-rakyat-buka-3-053-loker-guru-pppk-2026
260,Detik Edu,2026-04-06,30+ SMA Terbaik di Jakarta Buat Referensi SPMB Jakarta 2026,0,https://www.detik.com/edu/sekolah/d-8516704/30-sma-terbaik-di-jakarta-buat-referensi-spmb-jakarta-2026
261,Detik Edu,2026-04-06,"Anjing Bersikap Seperti Balita Saat Menolong Manusia, Kok Bisa?",1,https://www.detik.com/edu/detikpedia/d-8516538/anjing-bersikap-seperti-balita-saat-menolong-manusia-kok-bisa
262,Detik Edu,2026-04-06,"Beasiswa Pemerintah Australia 2026 Dibuka, Dapat Tunjangan Rp 390 Juta per Tahun",0,https://www.detik.com/edu/beasiswa/d-8516603/beasiswa-pemerintah-australia-2026-dibuka-dapat-tunjangan-rp-390-juta-per-tahun
263,Detik Edu,2026-04-06,"10 Prodi Paling Favorit UB pada SNBT 2026, Referensi untuk Jalur Mandiri!",1,https://www.detik.com/edu/seleksi-masuk-pt/d-8516533/10-prodi-paling-favorit-ub-pada-snbt-2026-referensi-untuk-jalur-mandiri
264,Detik Edu,2026-03-06,"Cegah Microsleep, Mahasiswa ITB Rancang Helmet Cerdas Berbasis IoT",0,https://www.detik.com/edu/edutainment/d-8515146/cegah-microsleep-mahasiswa-itb-rancang-helmet-cerdas-berbasis-iot
265,Detik Edu,2026-03-06,"Gegara Perubahan Iklim, Ilmuwan Prediksi Stok Ikan Dunia Makin Menipis",0,https://www.detik.com/edu/detikpedia/d-8516713/gegara-perubahan-iklim-ilmuwan-prediksi-stok-ikan-dunia-makin-menipis
266,Detik Edu,2026-03-06,"Inovatif, Peneliti ITS Ciptakan Alat Deteksi Kandungan Minyak Babi dalam Makanan",0,https://www.detik.com/edu/edutainment/d-8516703/inovatif-peneliti-its-ciptakan-alat-deteksi-kandungan-minyak-babi-dalam-makanan
267,Detik Edu,2026-03-06,"Soroti Kematian Gajah Sumatra, Pakar IPB: Banyak Habitat Berubah Jadi Kebun Sawit",0,https://www.detik.com/edu/detikpedia/d-8516557/soroti-kematian-gajah-sumatra-pakar-ipb-banyak-habitat-berubah-jadi-kebun-sawit
268,Detik Edu,2026-03-06,"Daftar Lengkap Gaji Lulusan ITB Angkatan 2018, Prodi Mana yang Tertinggi?",1,https://www.detik.com/edu/perguruan-tinggi/d-8516481/daftar-lengkap-gaji-lulusan-itb-angkatan-2018-prodi-mana-yang-tertinggi
269,Detik Edu,2026-03-06,Rifaldy Fajar Catut Nama Ibu Kandung dan UMB di 51 Riset Palsu,0,https://www.detik.com/edu/perguruan-tinggi/d-8516544/rifaldy-fajar-catut-nama-ibu-kandung-dan-umb-di-51-riset-palsu
270,Detik Edu,2026-03-06,"Pakai AI, Begini Cara Rifaldy Bikin Riset Palsu untuk Ikut Konferensi Dunia",1,https://www.detik.com/edu/perguruan-tinggi/d-8516516/pakai-ai-begini-cara-rifaldy-bikin-riset-palsu-untuk-ikut-konferensi-dunia
271,Detik Edu,2026-03-06,Mendikti: Rekrutmen Dosen PPPK Tidak Ada Lagi ke Depannya,0,https://www.detik.com/edu/perguruan-tinggi/d-8516442/mendikti-rekrutmen-dosen-pppk-tidak-ada-lagi-ke-depannya
272,Detik Edu,2026-03-06,"Rifaldy Fajar Minta Maaf ke UMB, Janji 'Riset Palsu' Bakal Ditarik",0,https://www.detik.com/edu/perguruan-tinggi/d-8516386/rifaldy-fajar-minta-maaf-ke-umb-janji-riset-palsu-bakal-ditarik
273,Detik Edu,2026-03-06,"Kemdiktisaintek Izinkan Kampus Dirikan SPPG, Tapi..",1,https://www.detik.com/edu/perguruan-tinggi/d-8516209/kemdiktisaintek-izinkan-kampus-dirikan-sppg-tapi
274,Detik Edu,2026-03-06,Komisi X DPR Minta Pemerintah Tangani Kesejahteraan Dosen-Infrastruktur PTS,0,https://www.detik.com/edu/perguruan-tinggi/d-8516128/komisi-x-dpr-minta-pemerintah-tangani-kesejahteraan-dosen-infrastruktur-pts
275,Detik Edu,2026-03-06,"Mendikti: Syarat Kelanjutan Serdos 20 JP Setahun Ditiadakan, Sampai...",1,https://www.detik.com/edu/perguruan-tinggi/d-8516088/mendikti-syarat-kelanjutan-serdos-20-jp-setahun-ditiadakan-sampai
276,Detik Edu,2026-03-06,"Jalur Mandiri UTBK Plus Unair 2026 Masih Buka, Cek Skor Minimalnya!",1,https://www.detik.com/edu/seleksi-masuk-pt/d-8516041/jalur-mandiri-utbk-plus-unair-2026-masih-buka-cek-skor-minimalnya
277,Detik Edu,2026-03-06,Ini Alasan 122 Prodi Ditutup Selama 2026,1,https://www.detik.com/edu/perguruan-tinggi/d-8515967/ini-alasan-122-prodi-ditutup-selama-2026
278,Detik Edu,2026-03-06,"Kemendikdasmen Siapkan 5 Langkah Atasi Anak Tidak Sekolah, Apa Saja?",1,https://www.detik.com/edu/sekolah/d-8515959/kemendikdasmen-siapkan-5-langkah-atasi-anak-tidak-sekolah-apa-saja
279,Detik Edu,2026-03-06,Lulusan UGM Kerja di Mana Saja? Simak Datanya,1,https://www.detik.com/edu/perguruan-tinggi/d-8515114/lulusan-ugm-kerja-di-mana-saja-simak-datanya
280,Detik Edu,2026-03-06,"11 Prodi Jadi yang Terbanyak Ditutup pada 2026, Tak Ada Pendidikan",0,https://www.detik.com/edu/perguruan-tinggi/d-8515904/11-prodi-jadi-yang-terbanyak-ditutup-pada-2026-tak-ada-pendidikan
281,Detik Edu,2026-03-06,"Pemerintah Luncurkan PP ATS, Targetkan 645 Ribu Anak Kembali Sekolah",0,https://www.detik.com/edu/sekolah/d-8515835/pemerintah-luncurkan-pp-ats-targetkan-645-ribu-anak-kembali-sekolah
282,Detik Edu,2026-03-06,Mendiktisaintek: Kasus Riset Palsu Bisa Buat Citra Negatif untuk Peneliti RI,0,https://www.detik.com/edu/perguruan-tinggi/d-8515769/mendiktisaintek-kasus-riset-palsu-bisa-buat-citra-negatif-untuk-peneliti-ri
283,Detik Edu,2026-03-06,"Tahap Pengajuan Akun SPMB SMA/SMK Jakarta 2026, Cek Langkahnya!",1,https://www.detik.com/edu/sekolah/d-8515603/tahap-pengajuan-akun-spmb-sma-smk-jakarta-2026-cek-langkahnya
284,Detik Edu,2026-03-06,Kemdiktisaintek Siapkan Proses Hukum untuk Pelaku Pemalsuan Riset!,0,https://www.detik.com/edu/perguruan-tinggi/d-8515615/kemdiktisaintek-siapkan-proses-hukum-untuk-pelaku-pemalsuan-riset
285,Detik Edu,2026-03-06,"SIMAK UI 2026 Segera Ditutup, Cek Syarat, Biaya, dan Jadwal Ujian",1,https://www.detik.com/edu/seleksi-masuk-pt/d-8515602/simak-ui-2026-segera-ditutup-cek-syarat-biaya-dan-jadwal-ujian
286,Detik Edu,2026-03-06,"Mendikti: 122 Prodi Ditutup Sepanjang 2026, Tapi...",1,https://www.detik.com/edu/perguruan-tinggi/d-8515552/mendikti-122-prodi-ditutup-sepanjang-2026-tapi
287,Detik Edu,2026-03-06,"Profil Nanik S Deyang, Kepala BGN Baru Alumnus Biologi Unsoed",0,https://www.detik.com/edu/edutainment/d-8515527/profil-nanik-s-deyang-kepala-bgn-baru-alumnus-biologi-unsoed
288,Detik Edu,2026-03-06,Gaji Tertinggi Hampir 120 Juta! Penghasilan Lulusan ITB Angkatan 2018 Versi Survei,0,https://www.detik.com/edu/perguruan-tinggi/d-8515169/gaji-tertinggi-hampir-120-juta-penghasilan-lulusan-itb-angkatan-2018-versi-survei
289,Detik Edu,2026-03-06,"Beasiswa S1 UGM Ini Dibuka buat Mahasiswi Baru 2026, Cek Prodinya",1,https://www.detik.com/edu/beasiswa/d-8515113/beasiswa-s1-ugm-ini-dibuka-buat-mahasiswi-baru-2026-cek-prodinya
290,Detik Edu,2026-03-06,"Jalur NonTes UTBK UNESA 2026 Resmi Dibuka, Berikut Skor Aman Tiap Prodi",1,https://www.detik.com/edu/seleksi-masuk-pt/d-8515014/jalur-nontes-utbk-unesa-2026-resmi-dibuka-berikut-skor-aman-tiap-prodi
291,Detik Edu,2026-03-06,"Cara Cek PIP Juni 2026 Lewat HP dengan NISN dan NIK, Kapan Cairnya?",1,https://www.detik.com/edu/beasiswa/d-8515121/cara-cek-pip-juni-2026-lewat-hp-dengan-nisn-dan-nik-kapan-cairnya
292,Detik Edu,2026-03-06,"Penulisan Nama Rekening BOSP yang Benar, Catat agar Pencairan Dana Tak Terhambat!",0,https://www.detik.com/edu/sekolah/d-8514962/penulisan-nama-rekening-bosp-yang-benar-catat-agar-pencairan-dana-tak-terhambat
293,Detik Edu,2026-03-06,"5 Jalur Mandiri PTN yang Dibuka sampai Juni 2026, Masih Banyak Kesempatan!",1,https://www.detik.com/edu/seleksi-masuk-pt/d-8514993/5-jalur-mandiri-ptn-yang-dibuka-sampai-juni-2026-masih-banyak-kesempatan
294,Detik Edu,2026-03-06,"Pendaftaran Belajar Bersama Maestro 2026 Dibuka buat Mahasiswa, Plus Uang Saku!",0,https://www.detik.com/edu/perguruan-tinggi/d-8515079/pendaftaran-belajar-bersama-maestro-2026-dibuka-buat-mahasiswa-plus-uang-saku
295,Detik Edu,2026-03-06,Mau Upgrade Skill Statistik? Bootcamp Ini Terbuka dari S1 hingga Peneliti Aktif,1,https://www.detik.com/edu/edutainment/d-8515277/mau-upgrade-skill-statistik-bootcamp-ini-terbuka-dari-s1-hingga-peneliti-aktif
296,Detik Edu,2026-02-06,CV-mu Nggak Lolos Screening ATS? Ikut Kelas Ini Biar Langsung Dipanggil Interview,1,https://www.detik.com/edu/edutainment/d-8515268/cv-mu-nggak-lolos-screening-ats-ikut-kelas-ini-biar-langsung-dipanggil-interview
297,Detik Edu,2026-02-06,Hari Terakhir! Kesempatan Dapat Tiket Allo Bank Fest buat Nonton Cortis,0,https://www.detik.com/edu/edutainment/d-8515262/hari-terakhir-kesempatan-dapat-tiket-allo-bank-fest-buat-nonton-cortis
298,Detik Edu,2026-02-06,Sanksi 15 Pelaku Kekerasan Seksual FHUI: Administratif hingga Skors 3 Semester,1,https://www.detik.com/edu/perguruan-tinggi/d-8515202/sanksi-15-pelaku-kekerasan-seksual-fhui-administratif-hingga-skors-3-semester
299,Detik Edu,2026-02-06,"Sisi Gelap AI, Berkaca dari Kasus Grok: Chatbot Jadi Alat Kekerasan Seksual",1,https://www.detik.com/edu/detikpedia/d-8515073/sisi-gelap-ai-berkaca-dari-kasus-grok-chatbot-jadi-alat-kekerasan-seksual
300,Detik Edu,2026-02-06,Lulusan Terbaik SMAU CT ARSA Diterima dan Pilih Kuliah di Kampus Belanda,0,https://www.detik.com/edu/edutainment/d-8515092/lulusan-terbaik-smau-ct-arsa-diterima-dan-pilih-kuliah-di-kampus-belanda
301,Detik Edu,2026-02-06,"Kuasa Hukum Nadiem Bantah Fakta Persidangan, Jaksa Tegaskan Ada Kerugian Negara",0,https://www.detik.com/edu/sekolah/d-8515039/kuasa-hukum-nadiem-bantah-fakta-persidangan-jaksa-tegaskan-ada-kerugian-negara
302,Detik Edu,2026-02-06,UNY Benarkan 4 Pelaku Dugaan Riset Palsu Adalah Alumninya: Itu Tindakan Individu,0,https://www.detik.com/edu/perguruan-tinggi/d-8515034/uny-benarkan-4-pelaku-dugaan-riset-palsu-adalah-alumninya-itu-tindakan-individu
303,Detik Edu,2026-02-06,"Mendikti: UNY Panggil 4 Pelaku Pemalsuan Riset, Motifnya Ingin Dapat Travel Grant",0,https://www.detik.com/edu/perguruan-tinggi/d-8514999/mendikti-uny-panggil-4-pelaku-pemalsuan-riset-motifnya-ingin-dapat-travel-grant
304,Detik Edu,2026-02-06,Pelatihan Kerja Berbasis Kompetensi untuk Tekan Pengangguran,0,https://www.detik.com/edu/foto/d-8514449/pelatihan-kerja-berbasis-kompetensi-untuk-tekan-pengangguran
305,Detik Edu,2026-02-06,"Sekolah Vokasi Unpad Kaji Kebutuhan Prodi-prodi Baru, AI Termasuk",0,https://www.detik.com/edu/perguruan-tinggi/d-8514150/sekolah-vokasi-unpad-kaji-kebutuhan-prodi-prodi-baru-ai-termasuk
306,Detik Edu,2026-02-06,"UB Buka Jalur Mandiri Nilai UTBK 2026, Cek Juga Syarat Nilai Rapornya!",1,https://www.detik.com/edu/seleksi-masuk-pt/d-8514139/ub-buka-jalur-mandiri-nilai-utbk-2026-cek-juga-syarat-nilai-rapornya
307,Detik Edu,2026-02-06,"BEM UGM Resmi Berganti Nama Jadi SEMA, Ini Alasannya",0,https://www.detik.com/edu/perguruan-tinggi/d-8514559/bem-ugm-resmi-berganti-nama-jadi-sema-ini-alasannya
308,Detik Edu,2026-02-06,"Cerita Budaya Sekolah Aman dan Nyaman di Tuban, Siswa Tantrum Kini Lebih 'Kalem'",0,https://www.detik.com/edu/sekolah/d-8514364/cerita-budaya-sekolah-aman-dan-nyaman-di-tuban-siswa-tantrum-kini-lebih-kalem
309,Detik Edu,2026-02-06,Nadiem Ungkap Tak Kenal Terdakwa Mulyatsah dan Sri Wahyuningsih Meski Sekantor,0,https://www.detik.com/edu/sekolah/d-8514579/nadiem-ungkap-tak-kenal-terdakwa-mulyatsah-dan-sri-wahyuningsih-meski-sekantor
310,Detik Edu,2026-02-06,"Ramai Kasus Riset Palsu, 2 Kampus China Beri Sanksi hingga Copot Jabatan",0,https://www.detik.com/edu/detikpedia/d-8514350/ramai-kasus-riset-palsu-2-kampus-china-beri-sanksi-hingga-copot-jabatan
311,Detik Edu,2026-02-06,"Kritiknya Dijawab Seskab Teddy, Ini Profil Dino Patti Djalal",1,https://www.detik.com/edu/edutainment/d-8514441/kritiknya-dijawab-seskab-teddy-ini-profil-dino-patti-djalal
312,Detik Edu,2026-02-06,"Nadiem Apresiasi Dukungan Guru-Klaim Hemat Anggaran, Begini Respons Jaksa",1,https://www.detik.com/edu/sekolah/d-8514397/nadiem-apresiasi-dukungan-guru-klaim-hemat-anggaran-begini-respons-jaksa
313,Detik Edu,2026-02-06,"Gandeng Australia, Kemendikdasmen Perkuat Budaya Sekolah Aman dan Nyaman",0,https://www.detik.com/edu/sekolah/d-8514275/gandeng-australia-kemendikdasmen-perkuat-budaya-sekolah-aman-dan-nyaman
314,Detik Edu,2026-02-06,"Ada Golden Ticket UPN Veteran Jatim 2026, Bisa Masuk Sains Data-Kedokteran!",1,https://www.detik.com/edu/seleksi-masuk-pt/d-8514141/ada-golden-ticket-upn-veteran-jatim-2026-bisa-masuk-sains-data-kedokteran
315,Detik Edu,2026-02-06,Kepala BRIN Soroti Pemalsuan Riset: Jangan Korbankan Kejujuran Akademik!,0,https://www.detik.com/edu/detikpedia/d-8514219/kepala-brin-soroti-pemalsuan-riset-jangan-korbankan-kejujuran-akademik
316,Detik Edu,2026-02-06,"Lowongan Kerja Ajinomoto Ini Sedang Dibuka, Fresh Grad D3-S1 Bisa Daftar",1,https://www.detik.com/edu/detikpedia/d-8514138/lowongan-kerja-ajinomoto-ini-sedang-dibuka-fresh-grad-d3-s1-bisa-daftar
317,Detik Edu,2026-02-06,"Jalur Seleksi Mandiri UPN Veteran Jatim 2026, Jalur Rapor Tutup Besok!",0,https://www.detik.com/edu/seleksi-masuk-pt/d-8514014/jalur-seleksi-mandiri-upn-veteran-jatim-2026-jalur-rapor-tutup-besok
318,Detik Edu,2026-02-06,"Sempat Salah Diunggah BRIN, Berapa Sebenarnya Jumlah Bulu Garuda Pancasila?",1,https://www.detik.com/edu/detikpedia/d-8514075/sempat-salah-diunggah-brin-berapa-sebenarnya-jumlah-bulu-garuda-pancasila
319,Detik Edu,2026-02-06,"5 Beasiswa Pemerintah Daerah Dibuka buat Mahasiswa, Kuliah S1-S3 hingga Kedinasan",0,https://www.detik.com/edu/beasiswa/d-8513175/5-beasiswa-pemerintah-daerah-dibuka-buat-mahasiswa-kuliah-s1-s3-hingga-kedinasan
320,Detik Edu,2026-02-06,"Sisa Libur Nasional dan Cuti Bersama 2026, Ada Satu Lagi di Bulan Juni",0,https://www.detik.com/edu/detikpedia/d-8513499/sisa-libur-nasional-dan-cuti-bersama-2026-ada-satu-lagi-di-bulan-juni
321,Detik Edu,2026-02-06,7 Universitas Swasta Ini Buka Beasiswa buat yang Punya Skor UTBK SNBT 2026,0,https://www.detik.com/edu/beasiswa/d-8513271/7-universitas-swasta-ini-buka-beasiswa-buat-yang-punya-skor-utbk-snbt-2026
322,Detik Edu,2026-02-06,Berapa Gaji Lulusan UGM? Ini Hasil Tracer Study 2025,1,https://www.detik.com/edu/perguruan-tinggi/d-8513468/berapa-gaji-lulusan-ugm-ini-hasil-tracer-study-2025
323,Detik Edu,2026-02-06,"LPDP Buka 3 Beasiswa Co-Funding Jenjang S2, Persaingan Lebih Longgar!",1,https://www.detik.com/edu/beasiswa/d-8513454/lpdp-buka-3-beasiswa-co-funding-jenjang-s2-persaingan-lebih-longgar
324,Detik Edu,2026-02-06,"Serba-serbi SPMB Bersama SMP-SMA-SMK Swasta Jakarta 2026, Cek Infonya!",1,https://www.detik.com/edu/sekolah/d-8513404/serba-serbi-spmb-bersama-smp-sma-smk-swasta-jakarta-2026-cek-infonya
325,Detik Edu,2026-02-06,Daftar SMA Garuda Transformasi di Jakarta: Jalur dan Jadwal Pendaftarannya,0,https://www.detik.com/edu/sekolah/d-8513264/daftar-sma-garuda-transformasi-di-jakarta-jalur-dan-jadwal-pendaftarannya
326,Detik Edu,2026-02-06,"91,61% Lulusan S1-D4 UGM Dapat Kerja Kurang dari 6 Bulan, Ini Datanya",1,https://www.detik.com/edu/perguruan-tinggi/d-8513449/91-61-lulusan-s1-d4-ugm-dapat-kerja-kurang-dari-6-bulan-ini-datanya
327,Detik Edu,2026-02-06,Skripsi Mepet Deadline tapi Data Belum Diolah? Ini Solusi Cepat untuk Mahasiswa,1,https://www.detik.com/edu/edutainment/d-8512449/skripsi-mepet-deadline-tapi-data-belum-diolah-ini-solusi-cepat-untuk-mahasiswa
328,Detik Edu,2026-01-06,Laporan Kamu Masih Berantakan? Ini Tandanya Skill Data Kamu Perlu Di-upgrade!,1,https://www.detik.com/edu/edutainment/d-8512439/laporan-kamu-masih-berantakan-ini-tandanya-skill-data-kamu-perlu-di-upgrade
329,Detik Edu,2026-01-06,"9 Fenomena Langit yang Hiasi Juni 2026, Ada Strawberry Moon-Hujan Meteor",0,https://www.detik.com/edu/detikpedia/d-8513231/9-fenomena-langit-yang-hiasi-juni-2026-ada-strawberry-moon-hujan-meteor
330,Detik Edu,2026-01-06,BRIN: Sungai Purba Paparan Sunda Kemungkinan Jadi Jalur Migrasi Manusia Prasejarah,0,https://www.detik.com/edu/detikpedia/d-8512991/brin-sungai-purba-paparan-sunda-kemungkinan-jadi-jalur-migrasi-manusia-prasejarah
331,Detik Edu,2026-01-06,"Pelindo Buka Magang buat Mahasiswa-Fresh Graduate, Daftar di Sini!",1,https://www.detik.com/edu/detikpedia/d-8513390/pelindo-buka-magang-buat-mahasiswa-fresh-graduate-daftar-di-sini
332,Detik Edu,2026-01-06,"Matahari Tepat di Atas Kakbah, Fenomena Astronomi Apa? Ada Lagi Juli 2026",1,https://www.detik.com/edu/detikpedia/d-8512970/matahari-tepat-di-atas-kakbah-fenomena-astronomi-apa-ada-lagi-juli-2026
333,Detik Edu,2026-01-06,"Ngerinya Kecanduan HP pada Anak SD di Negara Ini, Sehari Bisa Lebih dari 2-4 Jam",1,https://www.detik.com/edu/sekolah/d-8513233/ngerinya-kecanduan-hp-pada-anak-sd-di-negara-ini-sehari-bisa-lebih-dari-2-4-jam
334,Detik Edu,2026-01-06,"Seleksi Mandiri UPN Veteran Jakarta Wajibkan Tes Literasi Bela Negara, Apa Itu?",1,https://www.detik.com/edu/seleksi-masuk-pt/d-8512969/seleksi-mandiri-upn-veteran-jakarta-wajibkan-tes-literasi-bela-negara-apa-itu
335,Detik Edu,2026-01-06,"Siswa MAN IC Serpong Dapat Nilai Tertinggi Subtes PK UTBK 2026, Ini Cara Belajarnya",1,https://www.detik.com/edu/edutainment/d-8513098/siswa-man-ic-serpong-dapat-nilai-tertinggi-subtes-pk-utbk-2026-ini-cara-belajarnya
336,Detik Edu,2026-01-06,Kabar Baik! Pemerintah Siapkan BPJS Ketenagakerjaan bagi Guru Madrasah-Pesantren,0,https://www.detik.com/edu/sekolah/d-8512934/kabar-baik-pemerintah-siapkan-bpjs-ketenagakerjaan-bagi-guru-madrasah-pesantren
337,Detik Edu,2026-01-06,"Perbedaan Hari Lahir Pancasila dan Hari Kesaktian Pancasila, Sama-sama Libur?",1,https://www.detik.com/edu/detikpedia/d-8512932/perbedaan-hari-lahir-pancasila-dan-hari-kesaktian-pancasila-sama-sama-libur
338,Detik Edu,2026-01-06,"Soal Bahasa Prancis di Sekolah, Gus Nadir-Komisi X Kritisi Kesiapan-Beban Siswa",0,https://www.detik.com/edu/sekolah/d-8512918/soal-bahasa-prancis-di-sekolah-gus-nadir-komisi-x-kritisi-kesiapan-beban-siswa
339,Detik Edu,2026-01-06,"Kemenkes Buka Beasiswa SEHAT 2026, Ada Bantuan Pendidikan Rp 10 Juta per Semester",0,https://www.detik.com/edu/beasiswa/d-8512366/kemenkes-buka-beasiswa-sehat-2026-ada-bantuan-pendidikan-rp-10-juta-per-semester
340,Detik Edu,2026-01-06,"Jalur Mandiri Unsoed 2026 Tak Wajib Pakai UTBK, Ini Syarat dan Biaya Daftarnya",1,https://www.detik.com/edu/seleksi-masuk-pt/d-8512359/jalur-mandiri-unsoed-2026-tak-wajib-pakai-utbk-ini-syarat-dan-biaya-daftarnya
341,Detik Edu,2026-01-06,Pendaftaran Beasiswa Indonesia Bangkit Diperpanjang sampai 5 Juni 2026!,0,https://www.detik.com/edu/beasiswa/d-8512118/pendaftaran-beasiswa-indonesia-bangkit-diperpanjang-sampai-5-juni-2026
342,Detik Edu,2026-01-06,Rayakan Hari Lahir Pancasila 2026 dengan 10 Twibbon Keren,1,https://www.detik.com/edu/detikpedia/d-8511751/rayakan-hari-lahir-pancasila-2026-dengan-10-twibbon-keren
343,Detik Edu,2026-01-06,5 Masalah Data yang Paling Sering Terjadi dan Cara Mudah Mengatasinya,1,https://www.detik.com/edu/edutainment/d-8512402/5-masalah-data-yang-paling-sering-terjadi-dan-cara-mudah-mengatasinya
344,Detik Edu,2026-05-31,Karir Stagnan karena Takut Bicara? Latih Keberanianmu di Sini Sebagai Solusinya,1,https://www.detik.com/edu/edutainment/d-8512371/karir-stagnan-karena-takut-bicara-latih-keberanianmu-di-sini-sebagai-solusinya
345,Detik Edu,2026-05-31,"Misteri Tanggal Pertama Kalender Masehi yang Tercatat, Benarkah 6 Februari?",1,https://www.detik.com/edu/detikpedia/d-8512106/misteri-tanggal-pertama-kalender-masehi-yang-tercatat-benarkah-6-februari
346,Detik Edu,2026-05-31,Interview Formula Batch 2! Kelas yang Bisa Ubah Cara Kamu Wawancara Kerja,0,https://www.detik.com/edu/edutainment/d-8512368/interview-formula-batch-2-kelas-yang-bisa-ubah-cara-kamu-wawancara-kerja
347,Detik Edu,2026-05-31,Proyeksi Terbaru PBB Ingatkan Suhu 5 Tahun Lagi Bisa Pecah Rekor,0,https://www.detik.com/edu/detikpedia/d-8512040/proyeksi-terbaru-pbb-ingatkan-suhu-5-tahun-lagi-bisa-pecah-rekor
348,Detik Edu,2026-05-31,"Fenomena Gen Z Dipecat saat Baru Kerja, Pakar Ungkap Faktanya",1,https://www.detik.com/edu/detikpedia/d-8512025/fenomena-gen-z-dipecat-saat-baru-kerja-pakar-ungkap-faktanya
349,Detik Edu,2026-05-31,"Kemendikdasmen Serahkan 139 Arsip Statis kepada ANRI, Tentang Apa?",1,https://www.detik.com/edu/detikpedia/d-8511977/kemendikdasmen-serahkan-139-arsip-statis-kepada-anri-tentang-apa
350,Detik Edu,2026-05-31,"Hari Lahir Pancasila 2026: Tema, Logo, dan Pedoman Upacara Bendera",0,https://www.detik.com/edu/detikpedia/d-8511974/hari-lahir-pancasila-2026-tema-logo-dan-pedoman-upacara-bendera
351,Detik Edu,2026-05-31,Selamat! Putri Anies Baswedan Resmi Lulus S2 dari Harvard University,0,https://www.detik.com/edu/edutainment/d-8511968/selamat-putri-anies-baswedan-resmi-lulus-s2-dari-harvard-university
352,Detik Edu,2026-05-31,"Update Revitalisasi Sekolah Terdampak Bencana Sumatera, Sudah Sejauh Mana?",1,https://www.detik.com/edu/sekolah/d-8511945/update-revitalisasi-sekolah-terdampak-bencana-sumatera-sudah-sejauh-mana
353,Detik Edu,2026-05-31,1 Juni Ada Libur Apa? Ini Ketentuan di SKB 3 Menteri,1,https://www.detik.com/edu/detikpedia/d-8511884/1-juni-ada-libur-apa-ini-ketentuan-di-skb-3-menteri
354,Detik Edu,2026-05-31,"PPKB UI 2026 Dibuka: Ini Syarat, Biaya Pendaftaran, dan Jadwalnya",1,https://www.detik.com/edu/seleksi-masuk-pt/d-8511731/ppkb-ui-2026-dibuka-ini-syarat-biaya-pendaftaran-dan-jadwalnya
355,Detik Edu,2026-05-31,Belajar Analisis Data Kuantitatif dari Nol? Bootcamp 35 Hari Ini Jawabannya,1,https://www.detik.com/edu/edutainment/d-8511825/belajar-analisis-data-kuantitatif-dari-nol-bootcamp-35-hari-ini-jawabannya
356,Detik Edu,2026-05-31,"Guru Besar UI Ungkap Rahasia Rumah Adat Nias Tahan Gempa, Inspirasi Desain Modern",1,https://www.detik.com/edu/detikpedia/d-8511190/guru-besar-ui-ungkap-rahasia-rumah-adat-nias-tahan-gempa-inspirasi-desain-modern
357,Detik Edu,2026-05-31,"Arkeolog Prancis Pertanyakan Klaim Seni Cadas Tertua di Dunia dari RI, Ini Alasannya",1,https://www.detik.com/edu/detikpedia/d-8511189/arkeolog-prancis-pertanyakan-klaim-seni-cadas-tertua-di-dunia-dari-ri-ini-alasannya
358,Detik Edu,2026-05-31,"Belajar Data Cleaning Tanpa Rumus yang Ribet? Bisa Banget, Ini Caranya!",1,https://www.detik.com/edu/edutainment/d-8511618/belajar-data-cleaning-tanpa-rumus-yang-ribet-bisa-banget-ini-caranya
359,Detik Edu,2026-05-31,"10 Kampus Swasta Terbaik di Indonesia 2026, Binus hingga UAD",0,https://www.detik.com/edu/perguruan-tinggi/d-8511188/10-kampus-swasta-terbaik-di-indonesia-2026-binus-hingga-uad
360,Detik Edu,2026-05-31,Apa Jadinya Jika Ilmuwan Lebih Percaya AI Ketimbang Rekan Penelitinya?,1,https://www.detik.com/edu/detikpedia/d-8511187/apa-jadinya-jika-ilmuwan-lebih-percaya-ai-ketimbang-rekan-penelitinya
361,Detik Edu,2026-05-31,"Jalur Mandiri Undip 2026 Pakai Ujian Online, Materi Setara UTBK-SNBT Plus Esai!",0,https://www.detik.com/edu/seleksi-masuk-pt/d-8510890/jalur-mandiri-undip-2026-pakai-ujian-online-materi-setara-utbk-snbt-plus-esai
362,Detik Edu,2026-05-31,"Jadwal SPMB Afirmasi Disabilitas SD-SMP Kota Malang 2026, Cek Cara Daftarnya!",1,https://www.detik.com/edu/sekolah/d-8510889/jadwal-spmb-afirmasi-disabilitas-sd-smp-kota-malang-2026-cek-cara-daftarnya
363,Detik Edu,2026-05-30,Guru Besar UGM Sorot Kekhasan Orang Indonesia Saat Berbahasa Inggris,0,https://www.detik.com/edu/detikpedia/d-8510892/guru-besar-ugm-sorot-kekhasan-orang-indonesia-saat-berbahasa-inggris
364,Detik Edu,2026-05-30,Benarkah Benua Afrika Akan Terbelah Menjadi Dua? Ilmuwan Temukan Bukti Ini,1,https://www.detik.com/edu/detikpedia/d-8510798/benarkah-benua-afrika-akan-terbelah-menjadi-dua-ilmuwan-temukan-bukti-ini
365,Detik Edu,2026-05-30,Keren! Remaja 15 Tahun Ini Ciptakan Robot Kura-kura AI dan Diganjar Penghargaan,1,https://www.detik.com/edu/edutainment/d-8510797/keren-remaja-15-tahun-ini-ciptakan-robot-kura-kura-ai-dan-diganjar-penghargaan
366,Detik Edu,2026-05-30,"Heboh Kasus Riset Palsu, Periset BRIN Ungkap Sulitnya Lolos Konferensi Ilmiah Dunia",0,https://www.detik.com/edu/edutainment/d-8510948/heboh-kasus-riset-palsu-periset-brin-ungkap-sulitnya-lolos-konferensi-ilmiah-dunia
367,Detik Edu,2026-05-30,"Lulusan S2 UGM Ini Raih IPK 4.00, Hadirkan Solusi UVB untuk Embun Tepung Melon",0,https://www.detik.com/edu/edutainment/d-8510770/lulusan-s2-ugm-ini-raih-ipk-4-00-hadirkan-solusi-uvb-untuk-embun-tepung-melon
368,Detik Edu,2026-05-30,"30 Ucapan Selamat Hari Lahir Pancasila 2026, Bagikan dan Ramaikan!",1,https://www.detik.com/edu/detikpedia/d-8509838/30-ucapan-selamat-hari-lahir-pancasila-2026-bagikan-dan-ramaikan
369,Detik Edu,2026-05-30,"Peneliti BRIN Ditulis dalam Dugaan Riset Palsu, Nama Dimas Fajar Prasetyo Dicatut",0,https://www.detik.com/edu/perguruan-tinggi/d-8510711/peneliti-brin-ditulis-dalam-dugaan-riset-palsu-nama-dimas-fajar-prasetyo-dicatut
370,Detik Edu,2026-05-30,"Programnya Dicatut, Erasmus+: Rifaldy Fajar Bukan Penerima Beasiswa Erasmus Mundus",1,https://www.detik.com/edu/perguruan-tinggi/d-8510630/programnya-dicatut-erasmus-rifaldy-fajar-bukan-penerima-beasiswa-erasmus-mundus
371,Detik Edu,2026-05-30,"Namanya Ada di Dugaan Riset Palsu, Elfiany Syafruddin Ternyata Ibu Rifaldy Fajar",0,https://www.detik.com/edu/perguruan-tinggi/d-8510594/namanya-ada-di-dugaan-riset-palsu-elfiany-syafruddin-ternyata-ibu-rifaldy-fajar
372,Detik Edu,2026-05-30,"In This Economy, Ada Cara Cerdas Hemat buat Nonton Cortis!",1,https://www.detik.com/edu/edutainment/d-8510556/in-this-economy-ada-cara-cerdas-hemat-buat-nonton-cortis
373,Detik Edu,2026-05-30,"Spesies Baru 'Serangga Pembunuh' Ditemukan di Tetangga RI, Taktik Berburunya Brutal",1,https://www.detik.com/edu/detikpedia/d-8502930/spesies-baru-serangga-pembunuh-ditemukan-di-tetangga-ri-taktik-berburunya-brutal
374,Detik Edu,2026-05-30,"BGN Stop Pembagian MBG saat Siswa Libur Sekolah, Ada Apa?",1,https://www.detik.com/edu/sekolah/d-8510146/bgn-stop-pembagian-mbg-saat-siswa-libur-sekolah-ada-apa
375,Detik Edu,2026-05-30,"Pelajaran Bahasa Prancis Wajib di Sekolah, P2G Ingatkan Ada Kekurangan Guru",0,https://www.detik.com/edu/sekolah/d-8510145/pelajaran-bahasa-prancis-wajib-di-sekolah-p2g-ingatkan-ada-kekurangan-guru
376,Detik Edu,2026-05-30,"BRIN Buka Lomba Riset Mahasiswa IRIFair 2026, Hadiah Rp 20 Juta!",0,https://www.detik.com/edu/edutainment/d-8509479/brin-buka-lomba-riset-mahasiswa-irifair-2026-hadiah-rp-20-juta
377,Detik Edu,2026-05-30,"Jalur Mandiri UNJ 2026 Bisa Tes dari Rumah, Ini Jadwal dan Syaratnya",1,https://www.detik.com/edu/seleksi-masuk-pt/d-8509360/jalur-mandiri-unj-2026-bisa-tes-dari-rumah-ini-jadwal-dan-syaratnya
378,Detik Edu,2026-05-29,"Kalau Kamu Punya 5 Tanda Ini, Saatnya Ikut Pelatihan Growth Mindset Sekarang!",1,https://www.detik.com/edu/edutainment/d-8508699/kalau-kamu-punya-5-tanda-ini-saatnya-ikut-pelatihan-growth-mindset-sekarang
379,Detik Edu,2026-05-29,"Kisah Cesar, Alumnus Unair yang Berkarier Jadi Marine Biologist di Maldives",0,https://www.detik.com/edu/seleksi-masuk-pt/d-8509392/kisah-cesar-alumnus-unair-yang-berkarier-jadi-marine-biologist-di-maldives
380,Detik Edu,2026-05-29,"20 Prodi D4 dan S1 Terketat Unpad di SNBT 2026, Ada Pilihanmu?",1,https://www.detik.com/edu/seleksi-masuk-pt/d-8509974/20-prodi-d4-dan-s1-terketat-unpad-di-snbt-2026-ada-pilihanmu
381,Detik Edu,2026-05-29,"Unpad Buka Prodi Pascasarjana Baru, Ada S2 Hubungan Internasional-S3 Fisika",1,https://www.detik.com/edu/perguruan-tinggi/d-8509508/unpad-buka-prodi-pascasarjana-baru-ada-s2-hubungan-internasional-s3-fisika
382,Detik Edu,2026-05-29,"Namanya Dicatut Prihantini dan Rifaldy untuk Riset Palsu, Alumnus UNY Ini Buka Suara",0,https://www.detik.com/edu/perguruan-tinggi/d-8510105/namanya-dicatut-prihantini-dan-rifaldy-untuk-riset-palsu-alumnus-uny-ini-buka-suara
383,Detik Edu,2026-05-29,Siswa di Tangsel Belajar Olah Sampah Organik Jadi Ekoenzim,0,https://www.detik.com/edu/foto/d-8509777/siswa-di-tangsel-belajar-olah-sampah-organik-jadi-ekoenzim
384,Detik Edu,2026-05-29,"Hasil Asesmen Nasional Diumumkan Oktober 2026, Bersamaan Skor PISA",0,https://www.detik.com/edu/sekolah/d-8509763/hasil-asesmen-nasional-diumumkan-oktober-2026-bersamaan-skor-pisa
385,Detik Edu,2026-05-29,"Universitas Internasional Semen Indonesia Terseret Dugaan Riset Palsu, Begini Klarifikasinya",0,https://www.detik.com/edu/perguruan-tinggi/d-8509975/universitas-internasional-semen-indonesia-terseret-dugaan-riset-palsu-begini-klarifikasinya
386,Detik Edu,2026-05-29,"216 Relawan Pendidikan Ditugaskan Kemendikdasmen ke 10 Kabupaten/Kota, Ini Perannya",1,https://www.detik.com/edu/sekolah/d-8509636/216-relawan-pendidikan-ditugaskan-kemendikdasmen-ke-10-kabupaten-kota-ini-perannya
387,Detik Edu,2026-05-29,"Daftar SMA-SMK Swasta Jabar, Gratis buat Calon Murid Kategori Ini!",1,https://www.detik.com/edu/sekolah/d-8509815/daftar-sma-smk-swasta-jabar-gratis-buat-calon-murid-kategori-ini
388,Detik Edu,2026-05-29,"Ahli BRIN Prediksi Masalah Sampah di RI Selesai pada 2029, Asalkan...",1,https://www.detik.com/edu/detikpedia/d-8509823/ahli-brin-prediksi-masalah-sampah-di-ri-selesai-pada-2029-asalkan
389,Detik Edu,2026-05-29,"Jalur Mandiri IPB 2026 Ini Punya Syarat Skor UTBK Minimum buat Daftar S1, Cek!",1,https://www.detik.com/edu/seleksi-masuk-pt/d-8509452/jalur-mandiri-ipb-2026-ini-punya-syarat-skor-utbk-minimum-buat-daftar-s1-cek
390,Detik Edu,2026-05-29,"Pendaftaran UM-PTKIN 2026 Ditutup 30 Mei Jam 3 Sore, Ayo Selesaikan Registrasinya!",0,https://www.detik.com/edu/seleksi-masuk-pt/d-8509480/pendaftaran-um-ptkin-2026-ditutup-30-mei-jam-3-sore-ayo-selesaikan-registrasinya
391,Detik Edu,2026-05-29,ITS Klarifikasi Pencatutan Nama Lembaga di Kasus Dugaan Riset Palsu!,0,https://www.detik.com/edu/perguruan-tinggi/d-8509622/its-klarifikasi-pencatutan-nama-lembaga-di-kasus-dugaan-riset-palsu
392,Detik Edu,2026-05-29,"Tepatkah Usia 5,5 Tahun Sudah Masuk SD? Pakar Pendidikan Soroti Kompetensi Guru",1,https://www.detik.com/edu/sekolah/d-8509542/tepatkah-usia-5-5-tahun-sudah-masuk-sd-pakar-pendidikan-soroti-kompetensi-guru
393,Detik Edu,2026-05-29,"Hampir 100 Ribu Sekolah Jadi Target Revitalisasi, SMA Unik di Papua Termasuk",1,https://www.detik.com/edu/sekolah/d-8509441/hampir-100-ribu-sekolah-jadi-target-revitalisasi-sma-unik-di-papua-termasuk
394,Detik Edu,2026-05-29,"Pedoman Upacara Hari Lahir Pancasila 1 Juni 2026 di Sekolah, Siswa Catat Ya",1,https://www.detik.com/edu/detikpedia/d-8509302/pedoman-upacara-hari-lahir-pancasila-1-juni-2026-di-sekolah-siswa-catat-ya
395,Detik Edu,2026-05-29,"Daftar Dokumen yang Wajib Disiapkan Buat Daftar Ulang SNBT UGM, Catat Ya!",1,https://www.detik.com/edu/seleksi-masuk-pt/d-8509254/daftar-dokumen-yang-wajib-disiapkan-buat-daftar-ulang-snbt-ugm-catat-ya
396,Detik Edu,2026-05-29,"Soal Usia Masuk SD, Kata Pakar Ini Beda Kesiapan Anak Usia 7 Tahun atau di Bawahnya",0,https://www.detik.com/edu/sekolah/d-8508741/soal-usia-masuk-sd-kata-pakar-ini-beda-kesiapan-anak-usia-7-tahun-atau-di-bawahnya
397,Detik Edu,2026-05-29,"SPMB Jatim Buka Kuota Khusus Anak Buruh buat Masuk SMA-SMK, Cek Syaratnya!",1,https://www.detik.com/edu/sekolah/d-8509188/spmb-jatim-buka-kuota-khusus-anak-buruh-buat-masuk-sma-smk-cek-syaratnya
398,Detik Edu,2026-05-29,Prihantini dan Riana Dwi Kurniawati Tercatat Presentasi di Korsel Hari Ini dan Besok!,0,https://www.detik.com/edu/perguruan-tinggi/d-8509243/prihantini-dan-riana-dwi-kurniawati-tercatat-presentasi-di-korsel-hari-ini-dan-besok
399,Detik Edu,2026-05-29,"Daftar Jalur Mandiri PTN Pakai Nilai UTBK 2026, Buruan Daftar Sebelum Tutup!",1,https://www.detik.com/edu/seleksi-masuk-pt/d-8509064/daftar-jalur-mandiri-ptn-pakai-nilai-utbk-2026-buruan-daftar-sebelum-tutup
400,Detik Edu,2026-05-29,Prabowo Instruksikan Belajar Bahasa Prancis di Semua Tingkatan Sekolah,0,https://www.detik.com/edu/sekolah/d-8509148/prabowo-instruksikan-belajar-bahasa-prancis-di-semua-tingkatan-sekolah
401,Detik Edu,2026-05-29,"Unesa Terima 8.292 Camaba SNBT, Ini 20 Prodi dengan Persaingan Paling Ketat!",1,https://www.detik.com/edu/seleksi-masuk-pt/d-8505378/unesa-terima-8-292-camaba-snbt-ini-20-prodi-dengan-persaingan-paling-ketat
402,Detik Edu,2026-05-29,"Mata Pelajaran Pilihan TKA SMA/SMK 2026 Bertambah Jadi 69 Mapel, Ini Daftarnya",0,https://www.detik.com/edu/sekolah/d-8508739/mata-pelajaran-pilihan-tka-sma-smk-2026-bertambah-jadi-69-mapel-ini-daftarnya
403,Detik Edu,2026-05-29,"30 SMA Unggul Garuda Transformasi 2026, Cek Nama Sekolahmu di Sini!",1,https://www.detik.com/edu/sekolah/d-8508737/30-sma-unggul-garuda-transformasi-2026-cek-nama-sekolahmu-di-sini
404,Detik Edu,2026-05-29,"Kisah Rozi, Penyandang Disabilitas yang Raih S3 di Unair dengan IPK 4.00",0,https://www.detik.com/edu/edutainment/d-8508736/kisah-rozi-penyandang-disabilitas-yang-raih-s3-di-unair-dengan-ipk-4-00
405,Detik Edu,2026-05-29,"Kuliah di Harvard Jangan Cuma Fokus Nilai, Ini Tips dari Mahasiswa Indonesia",1,https://www.detik.com/edu/edutainment/d-8508010/kuliah-di-harvard-jangan-cuma-fokus-nilai-ini-tips-dari-mahasiswa-indonesia
406,Detik Edu,2026-05-29,Puncak Kemarau 2026 pada Bulan Apa? Begini Perkiraan BMKG,1,https://www.detik.com/edu/detikpedia/d-8508723/puncak-kemarau-2026-pada-bulan-apa-begini-perkiraan-bmkg
407,Detik Edu,2026-05-29,"Kemenkeu Buka Lowongan Magang Mahasiswa di 34 Provinsi, Ada 1.084 Formasi!",0,https://www.detik.com/edu/detikpedia/d-8508024/kemenkeu-buka-lowongan-magang-mahasiswa-di-34-provinsi-ada-1-084-formasi
408,Detik Edu,2026-05-29,"Revitalisasi Sekolah Sentuh Tanah Papua Barat Daya, Rumah Kedua 160 Ribu Murid",0,https://www.detik.com/edu/sekolah/d-8508700/revitalisasi-sekolah-sentuh-tanah-papua-barat-daya-rumah-kedua-160-ribu-murid
409,Detik Edu,2026-05-29,"Cara Mudah Mengolah Data Jadi Informasi Berguna, Ini Skill yang Harus Kamu Punya",1,https://www.detik.com/edu/edutainment/d-8508694/cara-mudah-mengolah-data-jadi-informasi-berguna-ini-skill-yang-harus-kamu-punya
410,Detik Edu,2026-05-28,"Bukan Cuma Data Analyst, Ini 7 Skill Excel hingga Python yang Wajib Kamu Kuasai",1,https://www.detik.com/edu/edutainment/d-8508687/bukan-cuma-data-analyst-ini-7-skill-excel-hingga-python-yang-wajib-kamu-kuasai
411,Detik Edu,2026-05-28,"Kasus Dugaan Riset Palsu, UMB Somasi Elfiany Syafruddin",0,https://www.detik.com/edu/perguruan-tinggi/d-8508667/kasus-dugaan-riset-palsu-umb-somasi-elfiany-syafruddin
412,Detik Edu,2026-05-28,UNY dan UMB Mengaku Dicatut Dugaan Riset Palsu di Konferensi Dunia,0,https://www.detik.com/edu/perguruan-tinggi/d-8508591/uny-dan-umb-mengaku-dicatut-dugaan-riset-palsu-di-konferensi-dunia
413,Detik Edu,2026-05-28,"Ketentuan Baru TKA SMA/SMK 2026, Mata Pelajaran Wajib Diuji Sehari Satu!",0,https://www.detik.com/edu/sekolah/d-8508018/ketentuan-baru-tka-sma-smk-2026-mata-pelajaran-wajib-diuji-sehari-satu
414,Detik Edu,2026-05-28,"Dikeluhkan Murid, Kemendikdasmen Ubah Jumlah Soal Matematika TKA SMA/SMK 2026",0,https://www.detik.com/edu/sekolah/d-8508031/dikeluhkan-murid-kemendikdasmen-ubah-jumlah-soal-matematika-tka-sma-smk-2026
415,Detik Edu,2026-05-28,"Bersiap Pendaftar TKA SMA/SMK 2026 Dimulai Agustus, Cek Jadwal Lengkapnya!",1,https://www.detik.com/edu/sekolah/d-8507985/bersiap-pendaftar-tka-sma-smk-2026-dimulai-agustus-cek-jadwal-lengkapnya
416,Detik Edu,2026-05-28,"Telisik 3 Nama Alumni Terseret Dugaan Riset Palsu, UNY Dapat Jawaban Template",0,https://www.detik.com/edu/perguruan-tinggi/d-8508311/telisik-3-nama-alumni-terseret-dugaan-riset-palsu-uny-dapat-jawaban-template
417,Detik Edu,2026-05-28,Berapa Lama Daging Kurban Tahan di Freezer atau Kulkas? Ini Jawaban Pakar,1,https://www.detik.com/edu/detikpedia/d-8508122/berapa-lama-daging-kurban-tahan-di-freezer-atau-kulkas-ini-jawaban-pakar
418,Detik Edu,2026-05-28,"Prihantini Terseret Dugaan Riset Palsu di Konferensi Dunia, ITB-LPDP Buka Suara",0,https://www.detik.com/edu/perguruan-tinggi/d-8508157/prihantini-terseret-dugaan-riset-palsu-di-konferensi-dunia-itb-lpdp-buka-suara
419,Detik Edu,2026-05-28,"Daftar Rerata Nilai TKA Mapel Matematika SD-SMP Per Provinsi, Cek Daerahmu!",1,https://www.detik.com/edu/sekolah/d-8507956/daftar-rerata-nilai-tka-mapel-matematika-sd-smp-per-provinsi-cek-daerahmu
420,Detik Edu,2026-05-28,"Diterima di Harvard, Mahasiswa Ini Cerita Cara Nabung dan Cari Dana Kuliah",0,https://www.detik.com/edu/edutainment/d-8507936/diterima-di-harvard-mahasiswa-ini-cerita-cara-nabung-dan-cari-dana-kuliah
421,Detik Edu,2026-05-28,1.751 Pelanggaran SNBT 2026 yang Tak Perlu Diulang! Ini Kasus Terbanyak,1,https://www.detik.com/edu/seleksi-masuk-pt/d-8507719/1-751-pelanggaran-snbt-2026-yang-tak-perlu-diulang-ini-kasus-terbanyak
422,Detik Edu,2026-05-28,Prasmul New Look: Transformasi Pendidikan untuk Cetak Pemimpin Masa Depan,0,https://www.detik.com/edu/perguruan-tinggi/d-8507932/prasmul-new-look-transformasi-pendidikan-untuk-cetak-pemimpin-masa-depan
423,Detik Edu,2026-05-28,"BSKAP Kemendikdasmen Ganti Nama Jadi BKPDM, Penyusun Rekomendasi Kebijakan Pendidikan",0,https://www.detik.com/edu/sekolah/d-8507717/bskap-kemendikdasmen-ganti-nama-jadi-bkpdm-penyusun-rekomendasi-kebijakan-pendidikan
424,Detik Edu,2026-05-28,"Sosok Angel, Lulusan Termuda ITB yang Masih Berusia 20 Tahun",0,https://www.detik.com/edu/edutainment/d-8507716/sosok-angel-lulusan-termuda-itb-yang-masih-berusia-20-tahun
425,Detik Edu,2026-05-28,"Kronologi Dugaan Skandal Riset Palsu yang Libatkan WNI, Terungkap Karena Ini",1,https://www.detik.com/edu/perguruan-tinggi/d-8507760/kronologi-dugaan-skandal-riset-palsu-yang-libatkan-wni-terungkap-karena-ini
426,Detik Edu,2026-05-28,"Kekerasan Seksual di Pesantren Jadi Sorotan, Akademisi Ingatkan Ini",1,https://www.detik.com/edu/detikpedia/d-8507715/kekerasan-seksual-di-pesantren-jadi-sorotan-akademisi-ingatkan-ini
427,Detik Edu,2026-05-27,"Dugaan Skandal Riset Palsu, 'Peneliti' Dikenal Berprestasi saat Mahasiswa",0,https://www.detik.com/edu/perguruan-tinggi/d-8507666/dugaan-skandal-riset-palsu-peneliti-dikenal-berprestasi-saat-mahasiswa
428,Detik Edu,2026-05-27,Kenapa Data Kamu Bikin Bingung Atasan? Ini Solusinya Lewat Data Storytelling,1,https://www.detik.com/edu/edutainment/d-8506551/kenapa-data-kamu-bikin-bingung-atasan-ini-solusinya-lewat-data-storytelling
429,Detik Edu,2026-05-27,Dugaan Riset Palsu dari Indonesia Terungkap di Konferensi Ilmiah Internasional,0,https://www.detik.com/edu/perguruan-tinggi/d-8507525/dugaan-riset-palsu-dari-indonesia-terungkap-di-konferensi-ilmiah-internasional
430,Detik Edu,2026-05-27,"Stres pada Hewan Kurban Pengaruhi Kualitas Daging, Ini Penjelasan Pakar IPB",1,https://www.detik.com/edu/detikpedia/d-8507398/stres-pada-hewan-kurban-pengaruhi-kualitas-daging-ini-penjelasan-pakar-ipb
431,Detik Edu,2026-05-27,"Beasiswa Doktoral Dosen Vokasi 2026 Dibuka, Batas Usia sampai 50 Tahun",0,https://www.detik.com/edu/beasiswa/d-8507246/beasiswa-doktoral-dosen-vokasi-2026-dibuka-batas-usia-sampai-50-tahun
432,Detik Edu,2026-05-27,"SPMB TK-SMP Kota Depok 2026 Dibuka Besok, Cek Jadwalnya di Sini!",1,https://www.detik.com/edu/sekolah/d-8507176/spmb-tk-smp-kota-depok-2026-dibuka-besok-cek-jadwalnya-di-sini
433,Detik Edu,2026-05-27,"Daftar Rerata Nilai TKA Mapel Bahasa Indonesia SD-SMP Per Provinsi, DIY Tertinggi!",0,https://www.detik.com/edu/sekolah/d-8507157/daftar-rerata-nilai-tka-mapel-bahasa-indonesia-sd-smp-per-provinsi-diy-tertinggi
434,Detik Edu,2026-05-27,"Cerita Kristina Zai, Mahasiswi Non-Muslim yang Raih Cumlaude di UIN Jakarta",0,https://www.detik.com/edu/edutainment/d-8507078/cerita-kristina-zai-mahasiswi-non-muslim-yang-raih-cumlaude-di-uin-jakarta
435,Detik Edu,2026-05-27,Lolos SNBT 2026 di UI? Ini Jadwal dan Tahapan Daftar Ulang untuk Maba,1,https://www.detik.com/edu/perguruan-tinggi/d-8507067/lolos-snbt-2026-di-ui-ini-jadwal-dan-tahapan-daftar-ulang-untuk-maba
436,Detik Edu,2026-05-27,"BSI Scholarship untuk Maba Jalur SNBT 2026 Dibuka, Bebas UKT-Uang Saku!",0,https://www.detik.com/edu/beasiswa/d-8506960/bsi-scholarship-untuk-maba-jalur-snbt-2026-dibuka-bebas-ukt-uang-saku
437,Detik Edu,2026-05-27,"Nilai Rapor 6-7, Sekarang Mahasiswa Ini Kuliah di Harvard University",0,https://www.detik.com/edu/edutainment/d-8506476/nilai-rapor-6-7-sekarang-mahasiswa-ini-kuliah-di-harvard-university
438,Detik Edu,2026-05-27,"Erina Gudono Raih Gelar MSc UPenn dengan IPK 4, Sealmamater dengan Trump-Elon Musk",0,https://www.detik.com/edu/edutainment/d-8506397/erina-gudono-raih-gelar-msc-upenn-dengan-ipk-4-sealmamater-dengan-trump-elon-musk
439,Detik Edu,2026-05-27,"Seleksi Mandiri UNJ 2026 Dibuka, Ada 9 Jalur Masuk Mulai Prestasi-Nilai UTBK!",0,https://www.detik.com/edu/seleksi-masuk-pt/d-8506036/seleksi-mandiri-unj-2026-dibuka-ada-9-jalur-masuk-mulai-prestasi-nilai-utbk
440,Detik Edu,2026-05-27,"Cara Ariel Berhasil Masuk Harvard, Meski Nilai di Sekolah Tak Menonjol",0,https://www.detik.com/edu/edutainment/d-8505569/cara-ariel-berhasil-masuk-harvard-meski-nilai-di-sekolah-tak-menonjol
441,Detik Edu,2026-05-27,Mau Ikut Cerdas Hemat Anti Minus 5? Berhadiah Tiket Allo Bank Festival!,1,https://www.detik.com/edu/edutainment/d-8506763/mau-ikut-cerdas-hemat-anti-minus-5-berhadiah-tiket-allo-bank-festival
442,Detik Edu,2026-05-27,Daging Kurban Harus Dicuci Dulu atau Tidak? Pakar Beri 5 Tips Mengolah Agar Empuk,0,https://www.detik.com/edu/detikpedia/d-8506004/daging-kurban-harus-dicuci-dulu-atau-tidak-pakar-beri-5-tips-mengolah-agar-empuk
443,Detik Edu,2026-05-27,"Kisah Ariel Adhidevara, Anak IPS yang Kuliah Arsitektur-Desain di AS",0,https://www.detik.com/edu/edutainment/d-8506361/kisah-ariel-adhidevara-anak-ips-yang-kuliah-arsitektur-desain-di-as
444,Detik Edu,2026-05-27,"Peneliti IPB Ungkap Evolusi Buatan Kini Sudah Dipakai di Dunia Nyata, Kok Bisa?",1,https://www.detik.com/edu/detikpedia/d-8506395/peneliti-ipb-ungkap-evolusi-buatan-kini-sudah-dipakai-di-dunia-nyata-kok-bisa
445,Detik Edu,2026-05-26,Kerja Keras Tapi Hidup Stagnan? Saatnya Upgrade Mindsetmu Lewat Acara Ini!,1,https://www.detik.com/edu/edutainment/d-8506544/kerja-keras-tapi-hidup-stagnan-saatnya-upgrade-mindsetmu-lewat-acara-ini
446,Detik Edu,2026-05-26,Belajar Google Looker Studio di Sini! Ubah Data Jadi Dashboard Insightful,0,https://www.detik.com/edu/edutainment/d-8506284/belajar-google-looker-studio-di-sini-ubah-data-jadi-dashboard-insightful
447,Detik Edu,2026-05-26,"PTS Bakal Dapat Bantuan Internet Gratis, Bisa Akses Materi Belajar Antar Kampus",0,https://www.detik.com/edu/perguruan-tinggi/d-8506379/pts-bakal-dapat-bantuan-internet-gratis-bisa-akses-materi-belajar-antar-kampus
448,Detik Edu,2026-05-26,"Unpad Terima 3.196 Maba Jalur SNBT 2026, Cek Jadwal Daftar Ulangnya!",1,https://www.detik.com/edu/seleksi-masuk-pt/d-8506236/unpad-terima-3-196-maba-jalur-snbt-2026-cek-jadwal-daftar-ulangnya
449,Detik Edu,2026-05-26,"192 Siswa SMA CT Arsa Diterima Jalur SNBT, Lulus Masuk UGM hingga UI",0,https://www.detik.com/edu/edutainment/d-8506101/192-siswa-sma-ct-arsa-diterima-jalur-snbt-lulus-masuk-ugm-hingga-ui
450,Detik Edu,2026-05-26,Apa Itu Restraining Box yang Digunakan untuk Penyembelihan Sapi? Ini Karya Dosen UGM,1,https://www.detik.com/edu/detikpedia/d-8506294/apa-itu-restraining-box-yang-digunakan-untuk-penyembelihan-sapi-ini-karya-dosen-ugm
451,Detik Edu,2026-05-26,"Rerata Nilai UTBK Tembus 730,45, Ini Prodi Unair dengan Persaingan Tertinggi",0,https://www.detik.com/edu/seleksi-masuk-pt/d-8505351/rerata-nilai-utbk-tembus-730-45-ini-prodi-unair-dengan-persaingan-tertinggi
452,Detik Edu,2026-05-26,10 Prodi Terketat di UNS Jenjang Sarjana dan Diploma pada SNBT 2026,0,https://www.detik.com/edu/seleksi-masuk-pt/d-8505921/10-prodi-terketat-di-uns-jenjang-sarjana-dan-diploma-pada-snbt-2026
453,Detik Edu,2026-05-26,"ITS Terima 2.468 Maba Jalur SNBT 2026, Ini 3 Prodi Paling Diminati",0,https://www.detik.com/edu/seleksi-masuk-pt/d-8505585/its-terima-2-468-maba-jalur-snbt-2026-ini-3-prodi-paling-diminati
454,Detik Edu,2026-05-26,Sekarang Kualitas Menu MBG Bisa Dicek Guru via Aplikasi Ini,1,https://www.detik.com/edu/sekolah/d-8505757/sekarang-kualitas-menu-mbg-bisa-dicek-guru-via-aplikasi-ini
455,Detik Edu,2026-05-26,"Lengkap! Ini Rerata Nilai TKA SD-SMP Nasional, Ada Perbandingan Negeri-Swasta",1,https://www.detik.com/edu/sekolah/d-8506061/lengkap-ini-rerata-nilai-tka-sd-smp-nasional-ada-perbandingan-negeri-swasta
456,Detik Edu,2026-05-26,"Seleksi PKN STAN 2026 Bakal Ada 3 Jalur, Kapan Dibuka?",1,https://www.detik.com/edu/seleksi-masuk-pt/d-8505706/seleksi-pkn-stan-2026-bakal-ada-3-jalur-kapan-dibuka
457,Detik Edu,2026-05-26,"Nilai TKA Bahasa Indonesia SD-SMP Lebih Tinggi Dibanding SMA-SMK, Ini Alasannya",1,https://www.detik.com/edu/sekolah/d-8505851/nilai-tka-bahasa-indonesia-sd-smp-lebih-tinggi-dibanding-sma-smk-ini-alasannya
458,Detik Edu,2026-05-26,"RI Disebut Punya Banyak 'World-Class Problems', Australia Diajak Kolaborasi Riset",0,https://www.detik.com/edu/perguruan-tinggi/d-8505145/ri-disebut-punya-banyak-world-class-problems-australia-diajak-kolaborasi-riset
459,Detik Edu,2026-05-26,"8.500 Murid SD-SMP Dapat Nilai 100 di TKA 2026 Mapel Ini, Simak Datanya!",1,https://www.detik.com/edu/sekolah/d-8505710/8-500-murid-sd-smp-dapat-nilai-100-di-tka-2026-mapel-ini-simak-datanya
460,Detik Edu,2026-05-26,Posko SPMB Sekolah Maung di Cimahi Diserbu Orang Tua Siswa,0,https://www.detik.com/edu/foto/d-8505527/posko-spmb-sekolah-maung-di-cimahi-diserbu-orang-tua-siswa
461,Detik Edu,2026-05-26,"Sederet Manfaat Sertifikat TKA 2026, Bisa Untuk Daftar SPMB!",0,https://www.detik.com/edu/sekolah/d-8504909/sederet-manfaat-sertifikat-tka-2026-bisa-untuk-daftar-spmb
462,Detik Edu,2026-05-26,Ketua Komisi XI DPR Usul Awardee LPDP Jurusan Ini Tak Harus Balik ke RI,1,https://www.detik.com/edu/beasiswa/d-8505433/ketua-komisi-xi-dpr-usul-awardee-lpdp-jurusan-ini-tak-harus-balik-ke-ri
463,Detik Edu,2026-05-26,"Rerata Nilai TKA SD-SMP Bahasa Indonesia 60, Matematika 40-43",0,https://www.detik.com/edu/sekolah/d-8505463/rerata-nilai-tka-sd-smp-bahasa-indonesia-60-matematika-40-43
464,Detik Edu,2026-05-26,"Manfaat Sertifikat UTBK Meski Belum Lolos SNBT, Catat Tanggal Unduhnya!",0,https://www.detik.com/edu/seleksi-masuk-pt/d-8505292/manfaat-sertifikat-utbk-meski-belum-lolos-snbt-catat-tanggal-unduhnya
465,Detik Edu,2026-05-26,Libur Idul Adha 2026 Berapa Hari? Ini Jadwal Tanggal Merah Menurut SKB 3 Menteri,1,https://www.detik.com/edu/detikpedia/d-8505307/libur-idul-adha-2026-berapa-hari-ini-jadwal-tanggal-merah-menurut-skb-3-menteri
466,Detik Edu,2026-05-26,"Skor LBI di Sertifikat UTBK 2026 Dipecah Saintek-Soshum, SNPMB Jelaskan Mengapa",0,https://www.detik.com/edu/seleksi-masuk-pt/d-8505258/skor-lbi-di-sertifikat-utbk-2026-dipecah-saintek-soshum-snpmb-jelaskan-mengapa
467,Detik Edu,2026-05-26,Pengumuman TKA SD/MI-SMP/MTs Rilis Hari Ini Jam 1 Siang!,1,https://www.detik.com/edu/sekolah/d-8505250/pengumuman-tka-sd-mi-smp-mts-rilis-hari-ini-jam-1-siang
468,Detik Edu,2026-05-26,detikcom Raih Penghargaan Media Terinformatif Bidang Pendidikan,0,https://www.detik.com/edu/edutainment/d-8505020/detikcom-raih-penghargaan-media-terinformatif-bidang-pendidikan
469,Detik Edu,2026-05-26,"Mendikdasmen Akui Bullying Masih Terjadi, Faktor Gaya Hidup Picu Rivalitas Murid",0,https://www.detik.com/edu/sekolah/d-8504905/mendikdasmen-akui-bullying-masih-terjadi-faktor-gaya-hidup-picu-rivalitas-murid
470,Detik Edu,2026-05-26,"Terbaru, BRIN Bakal Update Isi Buku Pelajaran Sekolah soal Sains Terkini",0,https://www.detik.com/edu/edutainment/d-8504907/terbaru-brin-bakal-update-isi-buku-pelajaran-sekolah-soal-sains-terkini
471,Detik Edu,2026-05-26,Gagal SNBT 2026? Ini 5 Jalur Alternatif Masuk Kampus Negeri yang Bisa Dicoba,1,https://www.detik.com/edu/seleksi-masuk-pt/d-8504902/gagal-snbt-2026-ini-5-jalur-alternatif-masuk-kampus-negeri-yang-bisa-dicoba
472,Detik Edu,2026-05-26,"Mendikdasmen Tekankan Pentingnya Murid Punya Ruang untuk Didengar, Guru Catat Nih!",1,https://www.detik.com/edu/sekolah/d-8504792/mendikdasmen-tekankan-pentingnya-murid-punya-ruang-untuk-didengar-guru-catat-nih
473,Detik Edu,2026-05-26,"Kampus Australia di RI Fokus Kolaborasi Industri, Siapkan Lulusan Siap Kerja",0,https://www.detik.com/edu/perguruan-tinggi/d-8504935/kampus-australia-di-ri-fokus-kolaborasi-industri-siapkan-lulusan-siap-kerja
474,Detik Edu,2026-05-26,"Kemendikdasmen Siap Gelar Program Bedah Buku Rutin, Buku Pertama Bahas Masa Depan RI",0,https://www.detik.com/edu/sekolah/d-8504873/kemendikdasmen-siap-gelar-program-bedah-buku-rutin-buku-pertama-bahas-masa-depan-ri
475,Detik Edu,2026-05-26,"39.662 Peserta KIP yang Diterima SNBT 2026 Dinyatakan Eligible, Bagaimana yang Lain?",1,https://www.detik.com/edu/seleksi-masuk-pt/d-8504881/39-662-peserta-kip-yang-diterima-snbt-2026-dinyatakan-eligible-bagaimana-yang-lain
476,Detik Edu,2026-05-26,Pengumuman Hasil TKA SD-SMP 2026 Hari Ini! Ini Cara Cek Nilainya,1,https://www.detik.com/edu/sekolah/d-8504868/pengumuman-hasil-tka-sd-smp-2026-hari-ini-ini-cara-cek-nilainya
477,Detik Edu,2026-05-25,Kreativitas Teknologi Anak Muda Dipamerkan di Bali,0,https://www.detik.com/edu/foto/d-8503961/kreativitas-teknologi-anak-muda-dipamerkan-di-bali
478,Detik Edu,2026-05-25,"Mendikdasmen Soroti Sebagian Guru Masih Judgemental Murid, Beri Peringatan Ini",0,https://www.detik.com/edu/sekolah/d-8504774/mendikdasmen-soroti-sebagian-guru-masih-judgemental-murid-beri-peringatan-ini
479,Detik Edu,2026-05-25,"Tepis Isu Rasio Dosen-Mahasiswa di PTN Tak Berimbang, Ketua MRPTNI: Semua Terukur",0,https://www.detik.com/edu/seleksi-masuk-pt/d-8504646/tepis-isu-rasio-dosen-mahasiswa-di-ptn-tak-berimbang-ketua-mrptni-semua-terukur
480,Detik Edu,2026-05-25,Mau Tiket Allo Bank Festival 2026 Gratis? Yuk Ikut Kuis Cerdas Hemat detikEdu!,0,https://www.detik.com/edu/edutainment/d-8504766/mau-tiket-allo-bank-festival-2026-gratis-yuk-ikut-kuis-cerdas-hemat-detikedu
481,Detik Edu,2026-05-25,"Hasil TKA SD-SMP Diumumkan Besok, Begini Cara Unduh Sertifikatnya",0,https://www.detik.com/edu/sekolah/d-8504518/hasil-tka-sd-smp-diumumkan-besok-begini-cara-unduh-sertifikatnya
482,Detik Edu,2026-05-25,"SIBI Digabung ke SLiMS, Sistem Perpustakaan Kemendikdasmen yang Diadopsi Negara Lain",0,https://www.detik.com/edu/detikpedia/d-8503752/sibi-digabung-ke-slims-sistem-perpustakaan-kemendikdasmen-yang-diadopsi-negara-lain
483,Detik Edu,2026-05-25,"BRIN Matangkan Peta Jalan Bioprospeksi SDA Indonesia, Apa Itu?",1,https://www.detik.com/edu/detikpedia/d-8503691/brin-matangkan-peta-jalan-bioprospeksi-sda-indonesia-apa-itu
484,Detik Edu,2026-05-25,"Perkuat Pendidikan Generasi Digital, UT Raih Digital Innovation Awards 2026",0,https://www.detik.com/edu/edutainment/d-8504567/perkuat-pendidikan-generasi-digital-ut-raih-digital-innovation-awards-2026
485,Detik Edu,2026-05-25,Panitia SNPMB: Ada Banyak Anak Rektor PTN Tak Lolos SNBT,0,https://www.detik.com/edu/seleksi-masuk-pt/d-8504545/panitia-snpmb-ada-banyak-anak-rektor-ptn-tak-lolos-snbt
486,Detik Edu,2026-05-25,"10 Kampus dengan Penerima KIP Terbanyak pada SNBT 2026, Unesa hingga UPI",0,https://www.detik.com/edu/seleksi-masuk-pt/d-8504517/10-kampus-dengan-penerima-kip-terbanyak-pada-snbt-2026-unesa-hingga-upi
487,Detik Edu,2026-05-25,Mayoritas Klien Joki UTBK 2026 Daftar Fakultas Kedokteran,0,https://www.detik.com/edu/seleksi-masuk-pt/d-8504425/mayoritas-klien-joki-utbk-2026-daftar-fakultas-kedokteran
488,Detik Edu,2026-05-25,"20 PTN dengan Eligible KIP-K Jalur SNBT 2026 Terbanyak, Ada Kampusmu?",1,https://www.detik.com/edu/seleksi-masuk-pt/d-8504308/20-ptn-dengan-eligible-kip-k-jalur-snbt-2026-terbanyak-ada-kampusmu
489,Detik Edu,2026-05-25,"Pelaku Curang UTBK 2026 Kena Blacklist Masuk PTN, Ada Potensi Sanksi Permanen",0,https://www.detik.com/edu/seleksi-masuk-pt/d-8504300/pelaku-curang-utbk-2026-kena-blacklist-masuk-ptn-ada-potensi-sanksi-permanen
490,Detik Edu,2026-05-25,"Pengguna Joki UTBK Sudah Jadi Mahasiswa, Bisa Dikeluarkan dari Kampus",0,https://www.detik.com/edu/seleksi-masuk-pt/d-8504267/pengguna-joki-utbk-sudah-jadi-mahasiswa-bisa-dikeluarkan-dari-kampus
491,Detik Edu,2026-05-25,"38 Peserta Curang Pakai Joki-Alat di UTBK SNBT 2026, Semua Kena Blacklist!",0,https://www.detik.com/edu/seleksi-masuk-pt/d-8504228/38-peserta-curang-pakai-joki-alat-di-utbk-snbt-2026-semua-kena-blacklist
492,Detik Edu,2026-05-25,Panitia SNPMB: Peserta UTBK 2026 yang Didiskualifikasi Boleh Daftar Jalur Mandiri,0,https://www.detik.com/edu/seleksi-masuk-pt/d-8504172/panitia-snpmb-peserta-utbk-2026-yang-didiskualifikasi-boleh-daftar-jalur-mandiri
493,Detik Edu,2026-05-25,Pengumuman SNBT 2026 Sudah Keluar! Ini 41 Link Resmi & Cara Ceknya,0,https://www.detik.com/edu/seleksi-masuk-pt/d-8503230/pengumuman-snbt-2026-sudah-keluar-ini-41-link-resmi-cara-ceknya
494,Detik Edu,2026-05-25,"10 Jurusan dengan Peminat Terbanyak pada SNBT 2026, Didominasi Prodi Vokasi",0,https://www.detik.com/edu/seleksi-masuk-pt/d-8504009/10-jurusan-dengan-peminat-terbanyak-pada-snbt-2026-didominasi-prodi-vokasi
495,Detik Edu,2026-05-25,"Pemprov Jabar Buka SPMB Sekolah Maung 2026, Daftar Online Mulai Hari Ini",1,https://www.detik.com/edu/sekolah/d-8503998/pemprov-jabar-buka-spmb-sekolah-maung-2026-daftar-online-mulai-hari-ini
496,Detik Edu,2026-05-25,"10 PTN Akademik & Vokasi Paling Favorit di SNBT 2026, UI-Polban Teratas!",0,https://www.detik.com/edu/seleksi-masuk-pt/d-8503959/10-ptn-akademik-vokasi-paling-favorit-di-snbt-2026-ui-polban-teratas
497,Detik Edu,2026-05-25,Selamat! 256.369 Peserta Lolos UTBK SNBT 2026,0,https://www.detik.com/edu/seleksi-masuk-pt/d-8503905/selamat-256-369-peserta-lolos-utbk-snbt-2026
498,Detik Edu,2026-05-25,"Kemdiktisaintek: 289 Ribu Mahasiswa RI Putus Kuliah per 2025, Terbanyak dari PTS",0,https://www.detik.com/edu/perguruan-tinggi/d-8503719/kemdiktisaintek-289-ribu-mahasiswa-ri-putus-kuliah-per-2025-terbanyak-dari-pts
499,Detik Edu,2026-05-25,"Kepala BRIN: RI Punya 9.600 Tanaman Obat, Tapi Baru 20 Jenis yang Dimanfaatkan",0,https://www.detik.com/edu/detikpedia/d-8503623/kepala-brin-ri-punya-9-600-tanaman-obat-tapi-baru-20-jenis-yang-dimanfaatkan
500,Detik Edu,2026-05-25,Pengumuman UTBK SNBT 2026 Resmi Dibuka Hari Ini! Catat Link Cek Hasil & Mirror,1,https://www.detik.com/edu/seleksi-masuk-pt/d-8503216/pengumuman-utbk-snbt-2026-resmi-dibuka-hari-ini-catat-link-cek-hasil-mirror
501,Detik Edu,2026-05-25,"Erina Gudono Kabarkan Lulus dari University of Pennsylvania dengan IPK 4,0",0,https://www.detik.com/edu/edutainment/d-8503631/erina-gudono-kabarkan-lulus-dari-university-of-pennsylvania-dengan-ipk-4-0
502,Detik Edu,2026-05-25,"Beasiswa S2 di Tailan Dibuka di Kampus Ini, Plus Uang Saku-Akomodasi",1,https://www.detik.com/edu/beasiswa/d-8503104/beasiswa-s2-di-tailan-dibuka-di-kampus-ini-plus-uang-saku-akomodasi
503,Detik Edu,2026-05-25,"Kata Ahli, Ini yang Perlu Dilakukan Supaya Anak Siap Masuk SD",1,https://www.detik.com/edu/sekolah/d-8503511/kata-ahli-ini-yang-perlu-dilakukan-supaya-anak-siap-masuk-sd
504,Detik Edu,2026-05-25,"Tak Perlu Impor Mahal, ITB Sulap Mobil Biasa Jadi Kendaraan Tanpa Awak",0,https://www.detik.com/edu/edutainment/d-8503114/tak-perlu-impor-mahal-itb-sulap-mobil-biasa-jadi-kendaraan-tanpa-awak
505,Detik Edu,2026-05-25,"Jadwal SPMB Kota Surabaya 2026 Jalur Afirmasi Disabilitas, Cek Syarat di Sini!",1,https://www.detik.com/edu/sekolah/d-8503103/jadwal-spmb-kota-surabaya-2026-jalur-afirmasi-disabilitas-cek-syarat-di-sini
506,Detik Edu,2026-05-25,"Jelang Pengumuman SNBT 2026, Ini PTN Penerima Peserta Terbanyak dari Tahun ke Tahun",1,https://www.detik.com/edu/seleksi-masuk-pt/d-8503408/jelang-pengumuman-snbt-2026-ini-ptn-penerima-peserta-terbanyak-dari-tahun-ke-tahun
507,Detik Edu,2026-05-25,"Beasiswa Aperti BUMN 2026 D3-S1 di 6 Kampus: Syarat, Jadwal, Cara Daftar",0,https://www.detik.com/edu/beasiswa/d-8503100/beasiswa-aperti-bumn-2026-d3-s1-di-6-kampus-syarat-jadwal-cara-daftar
508,Detik Edu,2026-05-25,"Anak Manajemen Masih Rajai Kampus Indonesia, Ini Data 10 Prodi Terfavorit 2025",1,https://www.detik.com/edu/perguruan-tinggi/d-8503085/anak-manajemen-masih-rajai-kampus-indonesia-ini-data-10-prodi-terfavorit-2025
509,Detik Edu,2026-05-25,"Dewan Transportasi Kota Jakarta Buka Magang buat Mahasiswa, Cek Formasinya!",1,https://www.detik.com/edu/edutainment/d-8502974/dewan-transportasi-kota-jakarta-buka-magang-buat-mahasiswa-cek-formasinya
510,Detik Edu,2026-05-25,Berapa Rata-rata Usia Masuk SD di Negara Lain? Ini Beberapa di Antaranya,1,https://www.detik.com/edu/sekolah/d-8502324/berapa-rata-rata-usia-masuk-sd-di-negara-lain-ini-beberapa-di-antaranya
511,Detik Edu,2026-05-25,"SPMB Sumut 2026 Jalur Afirmasi Disabilitas Dibuka, Cek Jadwal-Syarat Lengkapnya",1,https://www.detik.com/edu/sekolah/d-8503083/spmb-sumut-2026-jalur-afirmasi-disabilitas-dibuka-cek-jadwal-syarat-lengkapnya
512,Detik Edu,2026-05-25,"40+ Link Pengumuman Hasil SNBT 2026, Cek Pukul 3 Sore!",1,https://www.detik.com/edu/seleksi-masuk-pt/d-8502896/40-link-pengumuman-hasil-snbt-2026-cek-pukul-3-sore
513,Detik Edu,2026-05-24,Perpustakaan Keliling Jadi Ruang Belajar dan Literasi Anak di Kediri,0,https://www.detik.com/edu/foto/d-8502912/perpustakaan-keliling-jadi-ruang-belajar-dan-literasi-anak-di-kediri
514,Detik Edu,2026-05-24,Menteri PPPA Arifatul Choiri Fauzi Dukung Ruang Ekspresi Kreatif Anak,0,https://www.detik.com/edu/foto/d-8502985/menteri-pppa-arifatul-choiri-fauzi-dukung-ruang-ekspresi-kreatif-anak
515,Detik Edu,2026-05-24,"Beasiswa BCA Finance 2026 buat Mahasiswa, Bantuan Rp 3,5 Juta Per Semester",0,https://www.detik.com/edu/beasiswa/d-8502712/beasiswa-bca-finance-2026-buat-mahasiswa-bantuan-rp-3-5-juta-per-semester
516,Detik Edu,2026-05-24,"Menurut Pakar, Ini Lho 6 Tandanya Anak Sudah Siap Masuk SD!",1,https://www.detik.com/edu/sekolah/d-8502894/menurut-pakar-ini-lho-6-tandanya-anak-sudah-siap-masuk-sd
517,Detik Edu,2026-05-24,"Istana Kepresidenan Cipanas Buka Magang buat Siswa-Mahasiswa, Yuk Daftar!",1,https://www.detik.com/edu/edutainment/d-8502745/istana-kepresidenan-cipanas-buka-magang-buat-siswa-mahasiswa-yuk-daftar
518,Detik Edu,2026-05-24,"Politeknik Agraria STPN Buka Pendaftaran Maba, Kesempatan Jadi ASN Nih!",1,https://www.detik.com/edu/seleksi-masuk-pt/d-8502649/politeknik-agraria-stpn-buka-pendaftaran-maba-kesempatan-jadi-asn-nih
519,Detik Edu,2026-05-24,"Anak Belum Berusia 7 Tahun Bisa Daftar Masuk SD, Tapi Cek Dulu Ketentuannya",1,https://www.detik.com/edu/sekolah/d-8502606/anak-belum-berusia-7-tahun-bisa-daftar-masuk-sd-tapi-cek-dulu-ketentuannya
520,Detik Edu,2026-05-24,"Kemensetneg Buka Lowongan Magang 2026, Mahasiswa-Siswa SMK Merapat!",1,https://www.detik.com/edu/edutainment/d-8502276/kemensetneg-buka-lowongan-magang-2026-mahasiswa-siswa-smk-merapat
521,Detik Edu,2026-05-24,"Prof Elfahmi, Guru Besar ITB yang Terpilih Jadi Rektor Itera 2026-2030",0,https://www.detik.com/edu/perguruan-tinggi/d-8502431/prof-elfahmi-guru-besar-itb-yang-terpilih-jadi-rektor-itera-2026-2030
522,Detik Edu,2026-05-24,"IPB Teken Perubahan Nomenklatur, Kini Ada Fakultas Ilmu Sosial dan Ekologi Manusia",0,https://www.detik.com/edu/perguruan-tinggi/d-8502337/ipb-teken-perubahan-nomenklatur-kini-ada-fakultas-ilmu-sosial-dan-ekologi-manusia
523,Detik Edu,2026-05-24,"Amunisi Gen-Z Tembus Dunia Kerja: Tambah Skill, Portofolio, dan Adaptif",0,https://www.detik.com/edu/edutainment/d-8502236/amunisi-gen-z-tembus-dunia-kerja-tambah-skill-portofolio-dan-adaptif
524,Detik Edu,2026-05-24,Berapa Idealnya Usia Anak Masuk SD Menurut Psikologi?,1,https://www.detik.com/edu/sekolah/d-8501970/berapa-idealnya-usia-anak-masuk-sd-menurut-psikologi
525,Detik Edu,2026-05-24,"SPMB Jabar 2026 Berlakukan Verifikasi Lapangan, Pemalsu Dokumen Bakal Gugur",0,https://www.detik.com/edu/sekolah/d-8501975/spmb-jabar-2026-berlakukan-verifikasi-lapangan-pemalsu-dokumen-bakal-gugur
526,Detik Edu,2026-05-24,"Raih 2 Emas di Olimpiade Fisika Asia, Indonesia Ungguli Jepang dan Israel",0,https://www.detik.com/edu/edutainment/d-8501955/raih-2-emas-di-olimpiade-fisika-asia-indonesia-ungguli-jepang-dan-israel
527,Detik Edu,2026-05-24,"Mengabdi di Desa, Guru SD Pangandaran Raih Beasiswa Guruku Unpad",0,https://www.detik.com/edu/edutainment/d-8501992/mengabdi-di-desa-guru-sd-pangandaran-raih-beasiswa-guruku-unpad
528,Detik Edu,2026-05-24,"Disdik Jabar Pastikan Seluruh Peserta Akan Dapat Akun SPMB, Dibagikan Bertahap",0,https://www.detik.com/edu/sekolah/d-8501959/disdik-jabar-pastikan-seluruh-peserta-akan-dapat-akun-spmb-dibagikan-bertahap
529,Detik Edu,2026-05-23,Kenapa Muridmu Cepat Lupa? Ini Teknik Mengajar yang Belum Kamu Tahu,1,https://www.detik.com/edu/edutainment/d-8500668/kenapa-muridmu-cepat-lupa-ini-teknik-mengajar-yang-belum-kamu-tahu
530,Detik Edu,2026-05-23,"Shopee Campus Cup Dimulai, Menangkan Hadiah Rp 100 Juta & Konser Gratis",0,https://www.detik.com/edu/perguruan-tinggi/d-8501800/shopee-campus-cup-dimulai-menangkan-hadiah-rp-100-juta-konser-gratis
531,Detik Edu,2026-05-23,Mahasiswa Wajib Tahu! Ini Cara Lulus Tepat Waktu dan Siap Kerja,1,https://www.detik.com/edu/edutainment/d-8500655/mahasiswa-wajib-tahu-ini-cara-lulus-tepat-waktu-dan-siap-kerja
532,Detik Edu,2026-05-23,Danica Odelia Cetak Sejarah! Raih Emas Pertama Indonesia di Kompetisi Matematika EGMO,0,https://www.detik.com/edu/edutainment/d-8501674/danica-odelia-cetak-sejarah-raih-emas-pertama-indonesia-di-kompetisi-matematika-egmo
533,Detik Edu,2026-05-23,"Pendaftaran SPMB Sekolah Maung Dimulai 25 Mei, Cek Lagi Daftar SMA/SMK Pilihannya!",1,https://www.detik.com/edu/sekolah/d-8501619/pendaftaran-spmb-sekolah-maung-dimulai-25-mei-cek-lagi-daftar-sma-smk-pilihannya
534,Detik Edu,2026-05-23,"BRIN Ungkap Spesies Baru Terong Berduri, Daun-Kuncupnya Bisa untuk Obat Kanker",0,https://www.detik.com/edu/detikpedia/d-8501494/brin-ungkap-spesies-baru-terong-berduri-daun-kuncupnya-bisa-untuk-obat-kanker
535,Detik Edu,2026-05-23,"H-2 Pengumuman SNBT 2026, Cek Lagi Ketentuan Kelulusannya di Sini!",1,https://www.detik.com/edu/seleksi-masuk-pt/d-8501378/h-2-pengumuman-snbt-2026-cek-lagi-ketentuan-kelulusannya-di-sini
536,Detik Edu,2026-05-23,"Gegara Kasus Viral, Banyak Siswa Baru Tahu Ada Beasiswa LPDP",0,https://www.detik.com/edu/beasiswa/d-8501372/gegara-kasus-viral-banyak-siswa-baru-tahu-ada-beasiswa-lpdp
537,Detik Edu,2026-05-23,Kapan Hari Raya Idul Adha 2026? Cek Juga Jadwal Libur untuk Anak Sekolah,1,https://www.detik.com/edu/detikpedia/d-8501266/kapan-hari-raya-idul-adha-2026-cek-juga-jadwal-libur-untuk-anak-sekolah
538,Detik Edu,2026-05-23,"Usia 6 Tahun Sudah Bisa Daftar SD, Tak Boleh Ada Tes Calistung",0,https://www.detik.com/edu/sekolah/d-8501106/usia-6-tahun-sudah-bisa-daftar-sd-tak-boleh-ada-tes-calistung
539,Detik Edu,2026-05-23,"Simpanse di Uganda Terlibat 'Perang Saudara' Mematikan, Peneliti Temukan Hal Ini",1,https://www.detik.com/edu/detikpedia/d-8501025/simpanse-di-uganda-terlibat-perang-saudara-mematikan-peneliti-temukan-hal-ini
540,Detik Edu,2026-05-23,"Anak 6 Tahun Bisa Daftar SD, tapi Kuota Prioritas untuk Usia 7 Tahun",0,https://www.detik.com/edu/sekolah/d-8501054/anak-6-tahun-bisa-daftar-sd-tapi-kuota-prioritas-untuk-usia-7-tahun
541,Detik Edu,2026-05-23,Kemendikdasmen Bakal Luncurkan Program Sertifikasi Bahasa Asing Khusus Siswa SMK,0,https://www.detik.com/edu/sekolah/d-8500614/kemendikdasmen-bakal-luncurkan-program-sertifikasi-bahasa-asing-khusus-siswa-smk
542,Detik Edu,2026-05-23,Statistik Daya Tampung SNBT dari Tahun ke Tahun? Ini Datanya,1,https://www.detik.com/edu/seleksi-masuk-pt/d-8500671/statistik-daya-tampung-snbt-dari-tahun-ke-tahun-ini-datanya
543,Detik Edu,2026-05-23,Jangan 'Dibuang' Kalau Belum Lolos! Ini Manfaat Sertifikat UTBK 2026,1,https://www.detik.com/edu/seleksi-masuk-pt/d-8500676/jangan-dibuang-kalau-belum-lolos-ini-manfaat-sertifikat-utbk-2026
544,Detik Edu,2026-05-23,Daftar Jalur Mandiri PTN yang Masih Dibuka Bila Tak Lolos SNBT,0,https://www.detik.com/edu/seleksi-masuk-pt/d-8500669/daftar-jalur-mandiri-ptn-yang-masih-dibuka-bila-tak-lolos-snbt
545,Detik Edu,2026-05-23,"Beasiswa Guru Unpad Buka Peluang S2 Gratis, Begini Cara Daftarnya!",1,https://www.detik.com/edu/beasiswa/d-8500439/beasiswa-guru-unpad-buka-peluang-s2-gratis-begini-cara-daftarnya
546,Detik Edu,2026-05-23,Bikin Video Viral Cuma Modal HP? Capcut Mastery Class Jawabannya,1,https://www.detik.com/edu/edutainment/d-8500645/bikin-video-viral-cuma-modal-hp-capcut-mastery-class-jawabannya
547,Detik Edu,2026-05-22,5 Jam Belajar Teknik Komunikasi yang Bikin Audiens Fokus Sampai Akhir,1,https://www.detik.com/edu/edutainment/d-8500410/5-jam-belajar-teknik-komunikasi-yang-bikin-audiens-fokus-sampai-akhir
548,Detik Edu,2026-05-22,"Hewan Ini Dijuluki 'Insinyur Alam' karena Ikut Melawan Krisis Iklim, Kok Bisa?",1,https://www.detik.com/edu/detikpedia/d-8494150/hewan-ini-dijuluki-insinyur-alam-karena-ikut-melawan-krisis-iklim-kok-bisa
549,Detik Edu,2026-05-22,"Meski Geopolitik Membara, Banyak Pendaftar LPDP Tetap Pilih AS",0,https://www.detik.com/edu/beasiswa/d-8500629/meski-geopolitik-membara-banyak-pendaftar-lpdp-tetap-pilih-as
550,Detik Edu,2026-05-22,"SMM PTN-Barat 2026 Dibuka, Ada Kampus Terima Ijazah SMA 5-10 Tahun Terakhir",0,https://www.detik.com/edu/seleksi-masuk-pt/d-8500436/smm-ptn-barat-2026-dibuka-ada-kampus-terima-ijazah-sma-5-10-tahun-terakhir
551,Detik Edu,2026-05-22,"Pelatihan Vokasi Nasional Batch 2 Dibuka untuk Lulusan SMA/SMK, Ayo Daftar!",1,https://www.detik.com/edu/detikpedia/d-8499971/pelatihan-vokasi-nasional-batch-2-dibuka-untuk-lulusan-sma-smk-ayo-daftar
552,Detik Edu,2026-05-22,"KemenPANRB Buka Magang buat Pelajar-Fresh Graduate, Daftar di Sini!",1,https://www.detik.com/edu/edutainment/d-8500353/kemenpanrb-buka-magang-buat-pelajar-fresh-graduate-daftar-di-sini
553,Detik Edu,2026-05-22,"LPDP Buka Beasiswa Dokter Spesialis RSPPU 2026, Ini Syarat dan Cara Daftarnya",1,https://www.detik.com/edu/beasiswa/d-8500232/lpdp-buka-beasiswa-dokter-spesialis-rsppu-2026-ini-syarat-dan-cara-daftarnya
554,Detik Edu,2026-05-22,Rektor UGM Sebut Sekitar 75% Mahasiswanya Dapat Beasiswa,0,https://www.detik.com/edu/perguruan-tinggi/d-8500350/rektor-ugm-sebut-sekitar-75-mahasiswanya-dapat-beasiswa
555,Detik Edu,2026-05-22,Sekolah Rakyat Terbesar Bakal Dibangun: Luas 16 Hektare-Tampung 3.000 Siswa,0,https://www.detik.com/edu/edutainment/d-8500233/sekolah-rakyat-terbesar-bakal-dibangun-luas-16-hektare-tampung-3-000-siswa
556,Detik Edu,2026-05-22,"SPMB SLB Jakarta 2026: Jadwal, Syarat, Daya Tampung, Bantuan Pendidikan",0,https://www.detik.com/edu/sekolah/d-8500015/spmb-slb-jakarta-2026-jadwal-syarat-daya-tampung-bantuan-pendidikan
557,Detik Edu,2026-05-22,"Ada yang Baru, Ini Acuan Perhitungan SPMB SMP Surabaya 2026 Jalur Prestasi",1,https://www.detik.com/edu/sekolah/d-8500035/ada-yang-baru-ini-acuan-perhitungan-spmb-smp-surabaya-2026-jalur-prestasi
558,Detik Edu,2026-05-22,Siswa SMA Juga Sorot Situasi Ekonomi di Indonesia,0,https://www.detik.com/edu/detikpedia/d-8500183/siswa-sma-juga-sorot-situasi-ekonomi-di-indonesia
559,Detik Edu,2026-05-22,Tak Lolos Seleksi Sekolah Maung? Masih Bisa Daftar SPMB Jabar 2026 Tahap 1 dan 2,0,https://www.detik.com/edu/sekolah/d-8499916/tak-lolos-seleksi-sekolah-maung-masih-bisa-daftar-spmb-jabar-2026-tahap-1-dan-2
560,Detik Edu,2026-05-22,Menkeu Purbaya Dicecar 2 Anak SMA soal Perekonomian RI,0,https://www.detik.com/edu/edutainment/d-8500043/menkeu-purbaya-dicecar-2-anak-sma-soal-perekonomian-ri
561,Detik Edu,2026-05-22,UNAIR Terima Penghargaan Simpul Jaringan Terbaik Nasional 2026 dari ANRI,0,https://www.detik.com/edu/perguruan-tinggi/d-8499975/unair-terima-penghargaan-simpul-jaringan-terbaik-nasional-2026-dari-anri
562,Detik Edu,2026-05-22,"Ancaman Pidana di SPMB 2026 buat Pemalsu Dokumen-Data, Ini Kata Kepolisian",1,https://www.detik.com/edu/sekolah/d-8499965/ancaman-pidana-di-spmb-2026-buat-pemalsu-dokumen-data-ini-kata-kepolisian
563,Detik Edu,2026-05-22,"Kekerasan Seksual di UPN ""Veteran"" Yogyakarta, Terduga Pelaku Dosen-dosen",0,https://www.detik.com/edu/perguruan-tinggi/d-8499871/kekerasan-seksual-di-upn-veteran-yogyakarta-terduga-pelaku-dosen-dosen
564,Detik Edu,2026-05-22,"Kemendikdasmen Hadirkan Program SMK 3+1, Bisa Kerja Setahun di Luar Negeri!",0,https://www.detik.com/edu/sekolah/d-8499660/kemendikdasmen-hadirkan-program-smk-3-1-bisa-kerja-setahun-di-luar-negeri
565,Detik Edu,2026-05-22,"SPMB Sekolah Maung: Jalur, Dokumen, Seleksi, Pendaftaran Dibuka Senin 25 Mei!",0,https://www.detik.com/edu/sekolah/d-8499635/spmb-sekolah-maung-jalur-dokumen-seleksi-pendaftaran-dibuka-senin-25-mei
566,Detik Edu,2026-05-22,"H-3 Pengumuman SNBT 2026, Ini Cara Cek dan Hal yang Harus Disiapkan!",1,https://www.detik.com/edu/seleksi-masuk-pt/d-8499675/h-3-pengumuman-snbt-2026-ini-cara-cek-dan-hal-yang-harus-disiapkan
567,Detik Edu,2026-05-22,"Pendaftaran Beasiswa ADik 2026 Tutup Hari Ini, Segera Daftar di Sini!",1,https://www.detik.com/edu/beasiswa/d-8499781/pendaftaran-beasiswa-adik-2026-tutup-hari-ini-segera-daftar-di-sini
568,Detik Edu,2026-05-22,"Potret Jogja Financial Festival, Dihadiri Rektor UGM hingga Menkeu",0,https://www.detik.com/edu/foto/d-8499728/potret-jogja-financial-festival-dihadiri-rektor-ugm-hingga-menkeu
569,Detik Edu,2026-05-22,"Tes TOEFL Kini Bisa Online dari Rumah, Soal Tesnya Makin Nggak Bias Budaya",0,https://www.detik.com/edu/detikpedia/d-8499589/tes-toefl-kini-bisa-online-dari-rumah-soal-tesnya-makin-nggak-bias-budaya
570,Detik Edu,2026-05-22,"Jalur Afirmasi SPMB Jateng 2026 Tak Perlu Lampirkan SKTM, Data Diambil dari DTSEN",0,https://www.detik.com/edu/sekolah/d-8499556/jalur-afirmasi-spmb-jateng-2026-tak-perlu-lampirkan-sktm-data-diambil-dari-dtsen
571,Detik Edu,2026-05-22,Cara Aktivasi Rekening SimPel agar Dana PIP Tidak Hangus,0,https://www.detik.com/edu/beasiswa/d-8499004/cara-aktivasi-rekening-simpel-agar-dana-pip-tidak-hangus
572,Detik Edu,2026-05-22,Alur SPMB SMA dan SMK Jawa Tengah 2026 Lengkap Beserta Jadwalnya,0,https://www.detik.com/edu/sekolah/d-8499130/alur-spmb-sma-dan-smk-jawa-tengah-2026-lengkap-beserta-jadwalnya
573,Detik Edu,2026-05-22,Cara Unduh Sertifikat Hasil UTBK SNBT 2026 untuk Daftar Jalur Mandiri,0,https://www.detik.com/edu/seleksi-masuk-pt/d-8499126/cara-unduh-sertifikat-hasil-utbk-snbt-2026-untuk-daftar-jalur-mandiri
574,Detik Edu,2026-05-22,"Perjuangan Siham, Mahasiswa Autis Lulus Fapet UGM dan Rintis Usaha Ternak Domba",0,https://www.detik.com/edu/edutainment/d-8499131/perjuangan-siham-mahasiswa-autis-lulus-fapet-ugm-dan-rintis-usaha-ternak-domba
575,Detik Edu,2026-05-22,"Strategi Rebut Kursi Sekolah Maung Jabar, Ini Persiapan yang Harus Dilakukan",1,https://www.detik.com/edu/sekolah/d-8499144/strategi-rebut-kursi-sekolah-maung-jabar-ini-persiapan-yang-harus-dilakukan
576,Detik Edu,2026-05-22,"Bukan Masalah IQ, Ternyata Ini Alasan Anak Sulit Belajar Membaca",1,https://www.detik.com/edu/detikpedia/d-8499122/bukan-masalah-iq-ternyata-ini-alasan-anak-sulit-belajar-membaca
577,Detik Edu,2026-05-22,"Gagal SNBT? ITS ACE Jalur Mandiri 2026 Buka, Ini Bedanya dengan Jalur Lain",1,https://www.detik.com/edu/seleksi-masuk-pt/d-8499116/gagal-snbt-its-ace-jalur-mandiri-2026-buka-ini-bedanya-dengan-jalur-lain
578,Detik Edu,2026-05-21,Anak Penjual Lemper Asal Kebumen Lulusan SMA CT Arsa Ini Lolos Kampus Luar Negeri,0,https://www.detik.com/edu/edutainment/d-8499127/anak-penjual-lemper-asal-kebumen-lulusan-sma-ct-arsa-ini-lolos-kampus-luar-negeri
579,Detik Edu,2026-05-21,"Studi Ungkap Manusia Modern Semakin Sedikit Berbicara, Berkurang 338 Kata Tiap Tahun",0,https://www.detik.com/edu/detikpedia/d-8499071/studi-ungkap-manusia-modern-semakin-sedikit-berbicara-berkurang-338-kata-tiap-tahun
580,Detik Edu,2026-05-21,"Kisah 11 Teman Tuli di NASA, Jadi Pahlawan Tersembunyi Misi Artemis II",0,https://www.detik.com/edu/edutainment/d-8498942/kisah-11-teman-tuli-di-nasa-jadi-pahlawan-tersembunyi-misi-artemis-ii
581,Detik Edu,2026-05-21,"Kemendikdasmen Saksikan Peluncuran Beasiswa Guru Unpad, Fokus Dua Hal Ini",1,https://www.detik.com/edu/perguruan-tinggi/d-8498940/kemendikdasmen-saksikan-peluncuran-beasiswa-guru-unpad-fokus-dua-hal-ini
582,Detik Edu,2026-05-21,Mobil 'Ajaib' CT Arsa: Bagi-bagi Makanan Bergizi-Ajarkan Membaca untuk Anak Tak Mampu,0,https://www.detik.com/edu/edutainment/d-8498874/mobil-ajaib-ct-arsa-bagi-bagi-makanan-bergizi-ajarkan-membaca-untuk-anak-tak-mampu
583,Detik Edu,2026-05-21,"Pemprov Jateng Buka 139 Sekolah Swasta Gratis di SPMB 2026, Cek Lokasinya!",1,https://www.detik.com/edu/sekolah/d-8498832/pemprov-jateng-buka-139-sekolah-swasta-gratis-di-spmb-2026-cek-lokasinya
584,Detik Edu,2026-05-21,"Kepsek Dapat Gratifikasi di SPMB 2026? KPK: Terima-Laporkan, Maksimal 30 Hari",1,https://www.detik.com/edu/sekolah/d-8498721/kepsek-dapat-gratifikasi-di-spmb-2026-kpk-terima-laporkan-maksimal-30-hari
585,Detik Edu,2026-05-21,"9,4 Juta Anak Ikut SPMB 2026, Sekolah Wajib Umumkan Daya Tampung",0,https://www.detik.com/edu/sekolah/d-8498669/9-4-juta-anak-ikut-spmb-2026-sekolah-wajib-umumkan-daya-tampung
586,Detik Edu,2026-05-21,"Potret Pelepasan Siswa Angkatan VI SMAU CT Arsa Sukoharjo, Mayoritas Diterima PTN",0,https://www.detik.com/edu/foto/d-8498611/potret-pelepasan-siswa-angkatan-vi-smau-ct-arsa-sukoharjo-mayoritas-diterima-ptn
587,Detik Edu,2026-05-21,"Antisipasi Jual-Beli Kursi SPMB 2026, Kemendikdasmen: Daya Tampung Dikunci",0,https://www.detik.com/edu/sekolah/d-8498509/antisipasi-jual-beli-kursi-spmb-2026-kemendikdasmen-daya-tampung-dikunci
588,Detik Edu,2026-05-21,"Pejabat-Anggota DPRD Titip Kursi di SPMB, Kemendikdasmen: Laporkan",0,https://www.detik.com/edu/sekolah/d-8498293/pejabat-anggota-dprd-titip-kursi-di-spmb-kemendikdasmen-laporkan
589,Detik Edu,2026-05-21,"Kecurangan di SPMB 2026 Bisa Langsung Dilaporkan ke Kantor Staf Presiden, Ini Nomornya",1,https://www.detik.com/edu/sekolah/d-8498218/kecurangan-di-spmb-2026-bisa-langsung-dilaporkan-ke-kantor-staf-presiden-ini-nomornya
590,Detik Edu,2026-05-21,"3 Siswa SMAU CT Arsa Sukoharjo Lolos Kampus LN, Anita Tanjung: Semua Anak Berhak Sukses",0,https://www.detik.com/edu/sekolah/d-8498398/3-siswa-smau-ct-arsa-sukoharjo-lolos-kampus-ln-anita-tanjung-semua-anak-berhak-sukses
591,Detik Edu,2026-05-21,"Usia Masuk SD Tidak Harus 7 Tahun, Kemendikdasmen: Tidak Wajib Punya Ijazah TK",0,https://www.detik.com/edu/sekolah/d-8498380/usia-masuk-sd-tidak-harus-7-tahun-kemendikdasmen-tidak-wajib-punya-ijazah-tk
592,Detik Edu,2026-05-21,Komisi X DPR Minta Sistem SPMB Pusat-Daerah Sinkron untuk Minimalisir Kecurangan,0,https://www.detik.com/edu/sekolah/d-8498198/komisi-x-dpr-minta-sistem-spmb-pusat-daerah-sinkron-untuk-minimalisir-kecurangan
593,Detik Edu,2026-05-21,"Komisi X DPR Beberkan Kecurangan dan Kendala SPMB, Manipulasi hingga Pungli",0,https://www.detik.com/edu/sekolah/d-8498182/komisi-x-dpr-beberkan-kecurangan-dan-kendala-spmb-manipulasi-hingga-pungli
594,Detik Edu,2026-05-21,"Bobot TKA di SPMB Daerah Berbeda-beda , Dirjen Kemendikdasmen: Silakan, Tapi...",1,https://www.detik.com/edu/sekolah/d-8498147/bobot-tka-di-spmb-daerah-berbeda-beda-dirjen-kemendikdasmen-silakan-tapi
595,Detik Edu,2026-05-21,"Batas Usia Murid Baru SD Kini Tak Lagi Harus 7 Tahun, Juga Diatur di RUU Sisdiknas",0,https://www.detik.com/edu/sekolah/d-8498096/batas-usia-murid-baru-sd-kini-tak-lagi-harus-7-tahun-juga-diatur-di-ruu-sisdiknas
596,Detik Edu,2026-05-21,"Jalur Mandiri UPN Veteran Jatim 2026 Bisa Ujian dari Rumah, Catat Jadwalnya!",1,https://www.detik.com/edu/seleksi-masuk-pt/d-8497427/jalur-mandiri-upn-veteran-jatim-2026-bisa-ujian-dari-rumah-catat-jadwalnya
597,Detik Edu,2026-05-21,"Rekrutmen Dosen Tetap Non-PNS ITS 2026, Pendaftaran Ditutup 22 Mei Jam 3 Sore!",1,https://www.detik.com/edu/perguruan-tinggi/d-8497998/rekrutmen-dosen-tetap-non-pns-its-2026-pendaftaran-ditutup-22-mei-jam-3-sore
598,Detik Edu,2026-05-21,"Kejaksaan RI Ingatkan Jangan Ada Kecurangan di SPMB 2026, Tekankan soal Mitigasi",0,https://www.detik.com/edu/sekolah/d-8497951/kejaksaan-ri-ingatkan-jangan-ada-kecurangan-di-spmb-2026-tekankan-soal-mitigasi
599,Detik Edu,2026-05-21,"Pendaftaran Gerakan Seniman Masuk Sekolah 2026 Dibuka, Simak Jadwalnya!",1,https://www.detik.com/edu/sekolah/d-8497289/pendaftaran-gerakan-seniman-masuk-sekolah-2026-dibuka-simak-jadwalnya
600,Detik Edu,2026-05-21,"Kemendagri Rilis Jumlah Penduduk RI: Hampir 290 Juta, Gen-Z Terbanyak!",0,https://www.detik.com/edu/detikpedia/d-8497882/kemendagri-rilis-jumlah-penduduk-ri-hampir-290-juta-gen-z-terbanyak
601,Detik Edu,2026-05-21,"3 Negara Ini Dinilai Gagal Memindahkan Ibu Kota Baru, Bagaimana dengan IKN?",1,https://www.detik.com/edu/detikpedia/d-8497408/3-negara-ini-dinilai-gagal-memindahkan-ibu-kota-baru-bagaimana-dengan-ikn
602,Detik Edu,2026-05-21,"Unej Buka Prodi Baru S1 Sains Data, Ini Jalur Seleksi dan Biaya Kuliahnya",0,https://www.detik.com/edu/seleksi-masuk-pt/d-8497474/unej-buka-prodi-baru-s1-sains-data-ini-jalur-seleksi-dan-biaya-kuliahnya
603,Detik Edu,2026-05-21,"Prediksi Kampus Terfavorit SNBT 2026, Siap-siap Pengumuman SNBT 25 Mei!",1,https://www.detik.com/edu/seleksi-masuk-pt/d-8497393/prediksi-kampus-terfavorit-snbt-2026-siap-siap-pengumuman-snbt-25-mei
604,Detik Edu,2026-05-21,"Prestasi yang Diakui di SPMB Jakarta 2026, Tak Semua Sertifikat Lomba Bisa Dipakai",0,https://www.detik.com/edu/sekolah/d-8497394/prestasi-yang-diakui-di-spmb-jakarta-2026-tak-semua-sertifikat-lomba-bisa-dipakai
605,Detik Edu,2026-05-21,"SPMB Sekolah Maung Jawa Barat 2026: Syarat, Jadwal, dan Daftar Sekolah",0,https://www.detik.com/edu/sekolah/d-8497242/spmb-sekolah-maung-jawa-barat-2026-syarat-jadwal-dan-daftar-sekolah
606,Detik Edu,2026-05-21,"Serba-serbi Seleksi Mandiri UPI 2026: Jalur, Biaya, hingga Alur Pendaftarannya",0,https://www.detik.com/edu/seleksi-masuk-pt/d-8496623/serba-serbi-seleksi-mandiri-upi-2026-jalur-biaya-hingga-alur-pendaftarannya
607,Detik Edu,2026-05-21,"Jadwal SPMB Afirmasi Disabilitas Kota Cimahi 2026, Cek Syarat SD-SMP!",1,https://www.detik.com/edu/sekolah/d-8496568/jadwal-spmb-afirmasi-disabilitas-kota-cimahi-2026-cek-syarat-sd-smp
608,Detik Edu,2026-05-21,"Kuasai Excel dan Google Spreadsheet Sekaligus, Harga Bundling Hemat 5.5",0,https://www.detik.com/edu/edutainment/d-8497445/kuasai-excel-dan-google-spreadsheet-sekaligus-harga-bundling-hemat-5-5
609,Detik Edu,2026-05-20,"Sertifikasi BNSP Trainer Level 4, Cara Cepat Naik Kelas Jadi Trainer Diakui!",1,https://www.detik.com/edu/edutainment/d-8497424/sertifikasi-bnsp-trainer-level-4-cara-cepat-naik-kelas-jadi-trainer-diakui
610,Detik Edu,2026-05-20,"Siap-siap Magang Nasional Batch 4, Kemnaker Targetkan Digelar Juli",0,https://www.detik.com/edu/detikpedia/d-8497422/siap-siap-magang-nasional-batch-4-kemnaker-targetkan-digelar-juli
611,Detik Edu,2026-05-20,"Ciptakan Sepatu Bot Khusus, NASA Proyeksikan Ada Jejak Kaki Baru di Bulan",0,https://www.detik.com/edu/detikpedia/d-8497391/ciptakan-sepatu-bot-khusus-nasa-proyeksikan-ada-jejak-kaki-baru-di-bulan
612,Detik Edu,2026-05-20,"Di Usia 68 Tahun, Djoko Raih Gelar Master Teknik Fisika dari UGM",0,https://www.detik.com/edu/edutainment/d-8497248/di-usia-68-tahun-djoko-raih-gelar-master-teknik-fisika-dari-ugm
613,Detik Edu,2026-05-20,"Hasil TKA SD-SMP Diumumkan 26 Mei 2026, Ketahui Cara Baca Nilainya!",1,https://www.detik.com/edu/sekolah/d-8497196/hasil-tka-sd-smp-diumumkan-26-mei-2026-ketahui-cara-baca-nilainya
614,Detik Edu,2026-05-20,"BINUS Hadirkan Ekosistem AI, Siapkan Mahasiswa Masuki Dunia Kerja",0,https://www.detik.com/edu/perguruan-tinggi/d-8497362/binus-hadirkan-ekosistem-ai-siapkan-mahasiswa-masuki-dunia-kerja
615,Detik Edu,2026-05-20,Legenda NBA Shaquille O'Neal Raih Gelar Master Kedua,0,https://www.detik.com/edu/edutainment/d-8496683/legenda-nba-shaquille-oneal-raih-gelar-master-kedua
616,Detik Edu,2026-05-20,DPR Dukung SE Mendikdasmen 7/2026: Untuk Selamatkan Guru-guru,0,https://www.detik.com/edu/sekolah/d-8497015/dpr-dukung-se-mendikdasmen-7-2026-untuk-selamatkan-guru-guru
617,Detik Edu,2026-05-20,"Lowongan Magang Kemendagri Batch 2 2026 Tutup 22 Mei, Daftar Sekarang!",1,https://www.detik.com/edu/detikpedia/d-8497221/lowongan-magang-kemendagri-batch-2-2026-tutup-22-mei-daftar-sekarang
618,Detik Edu,2026-05-20,"10 PTN Ini Buka Jalur Mandiri Pakai Skor UTBK 2026, Cek Daftarnya!",1,https://www.detik.com/edu/seleksi-masuk-pt/d-8496630/10-ptn-ini-buka-jalur-mandiri-pakai-skor-utbk-2026-cek-daftarnya
619,Detik Edu,2026-05-20,"Kemenag Buka PKDP Dosen PTKI 2026, Daftar untuk Syarat Sertifikasi!",0,https://www.detik.com/edu/perguruan-tinggi/d-8496423/kemenag-buka-pkdp-dosen-ptki-2026-daftar-untuk-syarat-sertifikasi
620,Detik Edu,2026-05-20,"Nama Prodi Teknik Diubah Jadi Rekayasa, FT UGM: Tetap Pakai Istilah Teknik",0,https://www.detik.com/edu/perguruan-tinggi/d-8496552/nama-prodi-teknik-diubah-jadi-rekayasa-ft-ugm-tetap-pakai-istilah-teknik
621,Detik Edu,2026-05-20,Peminat Profesi Guru Berkurang Usai Formasi Diperketat? Begini Respons Pakar,1,https://www.detik.com/edu/sekolah/d-8496912/peminat-profesi-guru-berkurang-usai-formasi-diperketat-begini-respons-pakar
622,Detik Edu,2026-05-20,Apakah Hari Kebangkitan Nasional 20 Mei Libur? Ini Ketentuannya,1,https://www.detik.com/edu/detikpedia/d-8496884/apakah-hari-kebangkitan-nasional-20-mei-libur-ini-ketentuannya
623,Detik Edu,2026-05-20,Teatrikal Hari Kebangkitan Nasional Warnai Balai Kota Bandung,0,https://www.detik.com/edu/foto/d-8496477/teatrikal-hari-kebangkitan-nasional-warnai-balai-kota-bandung
624,Detik Edu,2026-05-20,"Rencana Awal Rp 335 T, Prabowo Bakal Pangkas Anggaran MBG Jadi Rp 268 T",0,https://www.detik.com/edu/edutainment/d-8496874/rencana-awal-rp-335-t-prabowo-bakal-pangkas-anggaran-mbg-jadi-rp-268-t
625,Detik Edu,2026-05-20,"Posko SPMB Jakarta 2026 Dibuka, Cek Lokasinya di Sini!",1,https://www.detik.com/edu/sekolah/d-8496518/posko-spmb-jakarta-2026-dibuka-cek-lokasinya-di-sini
626,Detik Edu,2026-05-20,Prabowo di Rapat Paripurna DPR: Perbaiki Kondisi Kehidupan Guru Prioritas,0,https://www.detik.com/edu/sekolah/d-8496618/prabowo-di-rapat-paripurna-dpr-perbaiki-kondisi-kehidupan-guru-prioritas
627,Detik Edu,2026-05-20,Kapan Puncak Musim Kemarau 2026? Ini Prediksi Resmi BMKG,1,https://www.detik.com/edu/detikpedia/d-8496402/kapan-puncak-musim-kemarau-2026-ini-prediksi-resmi-bmkg
628,Detik Edu,2026-05-20,"Daftar Jurusan SMK di SPMB Jakarta 2026, Perhatikan Syarat Khusus!",1,https://www.detik.com/edu/sekolah/d-8496278/daftar-jurusan-smk-di-spmb-jakarta-2026-perhatikan-syarat-khusus
629,Detik Edu,2026-05-20,"Jadwal SPMB Afirmasi Disabilitas TK-SD-SMP Kota Yogyakarta 2026, Simak!",1,https://www.detik.com/edu/sekolah/d-8495528/jadwal-spmb-afirmasi-disabilitas-tk-sd-smp-kota-yogyakarta-2026-simak
630,Detik Edu,2026-05-20,"20 Kota Paling Panas Menurut Data Terbaru BMKG, Tembus 35 Derajat Celsius!",1,https://www.detik.com/edu/detikpedia/d-8496389/20-kota-paling-panas-menurut-data-terbaru-bmkg-tembus-35-derajat-celsius
631,Detik Edu,2026-05-20,"SPMB DKI Jakarta 2026: Ini Syarat Jenjang SKB untuk Sekolah Paket A, B, dan C",0,https://www.detik.com/edu/sekolah/d-8495699/spmb-dki-jakarta-2026-ini-syarat-jenjang-skb-untuk-sekolah-paket-a-b-dan-c
632,Detik Edu,2026-05-20,Kemdiktisaintek: Proses Pemeriksaan Dugaan Kekerasan Seksual di UI Masih Berjalan,0,https://www.detik.com/edu/perguruan-tinggi/d-8496262/kemdiktisaintek-proses-pemeriksaan-dugaan-kekerasan-seksual-di-ui-masih-berjalan
633,Detik Edu,2026-05-20,"Dua Kampus Top Inggris Ini Akan Merger, Satunya Punya Cabang di RI",1,https://www.detik.com/edu/perguruan-tinggi/d-8495792/dua-kampus-top-inggris-ini-akan-merger-satunya-punya-cabang-di-ri
634,Detik Edu,2026-05-20,"Pendaftaran Beasiswa Serbia 2026 S1-S3 Dibuka, Plus Uang Saku-Akomodasi!",0,https://www.detik.com/edu/beasiswa/d-8495702/pendaftaran-beasiswa-serbia-2026-s1-s3-dibuka-plus-uang-saku-akomodasi
635,Detik Edu,2026-05-20,"Unhas Buka Seleksi Mandiri Jalur Afirmasi Disabilitas 2026, Cek Jadwalnya!",1,https://www.detik.com/edu/seleksi-masuk-pt/d-8495703/unhas-buka-seleksi-mandiri-jalur-afirmasi-disabilitas-2026-cek-jadwalnya
636,Detik Edu,2026-05-20,"Disdik Bandung Buka SPMB Jalur Afirmasi 2026, Ini Kuota dan Alur Pendaftarannya",1,https://www.detik.com/edu/sekolah/d-8495522/disdik-bandung-buka-spmb-jalur-afirmasi-2026-ini-kuota-dan-alur-pendaftarannya
637,Detik Edu,2026-05-20,Hari Kebangkitan Nasional: Para Tokoh yang Mayoritas Pelajar dan Perannya,0,https://www.detik.com/edu/detikpedia/d-8495874/hari-kebangkitan-nasional-para-tokoh-yang-mayoritas-pelajar-dan-perannya
638,Detik Edu,2026-05-20,Jadwal SPMB Kota Bekasi 2026: Pra Pendaftaran SD-SMP Dibuka!,0,https://www.detik.com/edu/sekolah/d-8495531/jadwal-spmb-kota-bekasi-2026-pra-pendaftaran-sd-smp-dibuka
639,Detik Edu,2026-05-20,Hari Kebangkitan Nasional 20 Mei dan Fakta-fakta Menariknya,0,https://www.detik.com/edu/detikpedia/d-8495821/hari-kebangkitan-nasional-20-mei-dan-fakta-fakta-menariknya
640,Detik Edu,2026-05-20,Bukan Sekadar Self Healing! Hypnotherapy Membantu Perubahan yang Lebih Dalam,1,https://www.detik.com/edu/edutainment/d-8495711/bukan-sekadar-self-healing-hypnotherapy-membantu-perubahan-yang-lebih-dalam
641,Detik Edu,2026-05-19,Taman Anak Pesisir Tebar Asa Pendidikan di Cilincing,0,https://www.detik.com/edu/foto/d-8495806/taman-anak-pesisir-tebar-asa-pendidikan-di-cilincing
642,Detik Edu,2026-05-19,Sering Dighosting Calon Buyer? Ini Strategi WhatsApp Marketing Biar Chat Jadi Cuan,1,https://www.detik.com/edu/edutainment/d-8495698/sering-dighosting-calon-buyer-ini-strategi-whatsapp-marketing-biar-chat-jadi-cuan
643,Detik Edu,2026-05-19,Mengenang Lahirnya Boedi Oetomo di Museum Kebangkitan Nasional,0,https://www.detik.com/edu/foto/d-8495778/mengenang-lahirnya-boedi-oetomo-di-museum-kebangkitan-nasional
644,Detik Edu,2026-05-19,"Kisah 7 Jejak Kaki di Danau Purba Arab dari 115.000 Tahun Lalu, Ternyata...",1,https://www.detik.com/edu/detikpedia/d-8495689/kisah-7-jejak-kaki-di-danau-purba-arab-dari-115-000-tahun-lalu-ternyata
645,Detik Edu,2026-05-19,Bagaimana Jika Pelaku Kekerasan Seksual adalah Rektor? Ini Penegasan Kemendikti,1,https://www.detik.com/edu/perguruan-tinggi/d-8495681/bagaimana-jika-pelaku-kekerasan-seksual-adalah-rektor-ini-penegasan-kemendikti
646,Detik Edu,2026-05-19,"Arkeolog Temukan 'Pesan Singkat' Masyarakat Mesir Kuno Ribuan Tahun Lalu, Ini Isinya",1,https://www.detik.com/edu/detikpedia/d-8495636/arkeolog-temukan-pesan-singkat-masyarakat-mesir-kuno-ribuan-tahun-lalu-ini-isinya
647,Detik Edu,2026-05-19,Kemendikti: Pelaku Kekerasan Seksual FH UI Tidak Tergolong Sanksi Berat,0,https://www.detik.com/edu/perguruan-tinggi/d-8495634/kemendikti-pelaku-kekerasan-seksual-fh-ui-tidak-tergolong-sanksi-berat
648,Detik Edu,2026-05-19,"Jadwal SPMB Kota Bandung 2026 TK-SD-SMP, Pendataan Sedang Dibuka!",0,https://www.detik.com/edu/sekolah/d-8495506/jadwal-spmb-kota-bandung-2026-tk-sd-smp-pendataan-sedang-dibuka
649,Detik Edu,2026-05-19,Kemendikdasmen Siap Tambahkan Dua Mapel Ini pada TKA SD dan SMP,1,https://www.detik.com/edu/sekolah/d-8495471/kemendikdasmen-siap-tambahkan-dua-mapel-ini-pada-tka-sd-dan-smp
650,Detik Edu,2026-05-19,"Jalur Disabilitas UNJ 2026 Resmi Dibuka, Ini 10 Jurusan Paling Favorit!",0,https://www.detik.com/edu/seleksi-masuk-pt/d-8495382/jalur-disabilitas-unj-2026-resmi-dibuka-ini-10-jurusan-paling-favorit
651,Detik Edu,2026-05-19,Pengumuman SNBT 2026 Bisa Dilihat di Mana? Cek Link dan Ketentuan Unduh Sertifikat,1,https://www.detik.com/edu/seleksi-masuk-pt/d-8495320/pengumuman-snbt-2026-bisa-dilihat-di-mana-cek-link-dan-ketentuan-unduh-sertifikat
652,Detik Edu,2026-05-19,"SPMB Kota Bandung 2026 Jalur Afirmasi Murid Berkebutuhan Khusus, Catat Tanggalnya",1,https://www.detik.com/edu/sekolah/d-8495205/spmb-kota-bandung-2026-jalur-afirmasi-murid-berkebutuhan-khusus-catat-tanggalnya
653,Detik Edu,2026-05-19,"Kemendikdasmen Revitalisasi 124 Sekolah di NTB, Ada yang Tak Lagi Belajar Shift",0,https://www.detik.com/edu/sekolah/d-8495164/kemendikdasmen-revitalisasi-124-sekolah-di-ntb-ada-yang-tak-lagi-belajar-shift
654,Detik Edu,2026-05-19,"Bantargebang Penghasil Metana Terbesar Kedua di Dunia, Pakar Ungkap Potensinya",1,https://www.detik.com/edu/detikpedia/d-8495094/bantargebang-penghasil-metana-terbesar-kedua-di-dunia-pakar-ungkap-potensinya
655,Detik Edu,2026-05-19,"Amanda Askell, Lulusan Filsafat di Pusat Pengembangan AI",0,https://www.detik.com/edu/edutainment/d-8495080/amanda-askell-lulusan-filsafat-di-pusat-pengembangan-ai
656,Detik Edu,2026-05-19,"Jadwal Lengkap SPMB Jakarta 2026 Jenjang SD-SMA, Daftar di https://spmb.jakarta.go.id/",0,https://www.detik.com/edu/sekolah/d-8494972/jadwal-lengkap-spmb-jakarta-2026-jenjang-sd-sma-daftar-di-https-spmb-jakarta-go-id
657,Detik Edu,2026-05-19,Taman Anak Pesisir Hadirkan Ruang Belajar di Kawasan Nelayan,0,https://www.detik.com/edu/foto/d-8494607/taman-anak-pesisir-hadirkan-ruang-belajar-di-kawasan-nelayan
658,Detik Edu,2026-05-19,"Peneliti UI Temukan Bakteri Baru dari Jawa, Bisa Hidup di Suhu 100°C",0,https://www.detik.com/edu/detikpedia/d-8494922/peneliti-ui-temukan-bakteri-baru-dari-jawa-bisa-hidup-di-suhu-1000c
659,Detik Edu,2026-05-19,"Jalur Mandiri UNY Ini Bisa Tes dari Rumah, Cek Jadwal dan Cara Daftarnya",1,https://www.detik.com/edu/seleksi-masuk-pt/d-8494819/jalur-mandiri-uny-ini-bisa-tes-dari-rumah-cek-jadwal-dan-cara-daftarnya
660,Detik Edu,2026-05-19,"Link Download SPTJM SPMB DKI Jakarta 2026, Untuk Syarat Prapendaftaran!",1,https://www.detik.com/edu/sekolah/d-8494773/link-download-sptjm-spmb-dki-jakarta-2026-untuk-syarat-prapendaftaran
661,Detik Edu,2026-05-19,"Mengenal Global Sumud Flotilla yang Dicegat Israel, Beberapa Kapalnya Bawa Jurnalis",0,https://www.detik.com/edu/detikpedia/d-8494700/mengenal-global-sumud-flotilla-yang-dicegat-israel-beberapa-kapalnya-bawa-jurnalis
662,Detik Edu,2026-05-19,Skema Baru Guru Honorer 2027: Antara Kepastian Hukum dan Keadilan yang Memanusiakan,0,https://www.detik.com/edu/sekolah/d-8494644/skema-baru-guru-honorer-2027-antara-kepastian-hukum-dan-keadilan-yang-memanusiakan
663,Detik Edu,2026-05-19,SPMB Jatim 2026 Punya Golden Ticket buat Ketua OSIS-Penghafal Kitab Suci!,0,https://www.detik.com/edu/sekolah/d-8494224/spmb-jatim-2026-punya-golden-ticket-buat-ketua-osis-penghafal-kitab-suci
664,Detik Edu,2026-05-19,"Kemendikdasmen Rilis Panduan Bulan Buku Nasional 2026, Ini Rangkaian Kegiatannya",1,https://www.detik.com/edu/detikpedia/d-8494541/kemendikdasmen-rilis-panduan-bulan-buku-nasional-2026-ini-rangkaian-kegiatannya
665,Detik Edu,2026-05-19,"Perkenalkan 'Nagatitan', Dinosaurus Terbesar Asia Tenggara yang Ditemukan di Tailan",0,https://www.detik.com/edu/detikpedia/d-8494144/perkenalkan-nagatitan-dinosaurus-terbesar-asia-tenggara-yang-ditemukan-di-tailan
666,Detik Edu,2026-05-19,"6 Hal yang Dimiliki Orang dengan Kesehatan Mental Baik, Kamu Punya?",1,https://www.detik.com/edu/detikpedia/d-8494135/6-hal-yang-dimiliki-orang-dengan-kesehatan-mental-baik-kamu-punya
667,Detik Edu,2026-05-19,Malas Sekolah Setelah Long Weekend? Hati-hati Terkena Post Holiday Blues,1,https://www.detik.com/edu/detikpedia/d-8494134/malas-sekolah-setelah-long-weekend-hati-hati-terkena-post-holiday-blues
668,Detik Edu,2026-05-19,Info Beasiswa Garuda 2026: Syarat Kuliah Gratis di Luar Negeri dan Pembiayaannya,0,https://www.detik.com/edu/beasiswa/d-8494119/info-beasiswa-garuda-2026-syarat-kuliah-gratis-di-luar-negeri-dan-pembiayaannya
669,Detik Edu,2026-05-19,"Pendaftaran Jalur Mandiri UTBK Plus UNAIR 2026 Dibuka, Ini Syarat dan Jadwalnya",1,https://www.detik.com/edu/seleksi-masuk-pt/d-8493921/pendaftaran-jalur-mandiri-utbk-plus-unair-2026-dibuka-ini-syarat-dan-jadwalnya
670,Detik Edu,2026-05-19,"Pendaftaran Beasiswa Santri Jateng 2026 Masih Dibuka, Bisa S1 di Luar Negeri",0,https://www.detik.com/edu/beasiswa/d-8493922/pendaftaran-beasiswa-santri-jateng-2026-masih-dibuka-bisa-s1-di-luar-negeri
671,Detik Edu,2026-05-19,"Pemkot Tangerang Buka SPMB SD-SMP 2026 Jalur Disabilitas, Kapan Jadwalnya?",1,https://www.detik.com/edu/sekolah/d-8493918/pemkot-tangerang-buka-spmb-sd-smp-2026-jalur-disabilitas-kapan-jadwalnya
672,Detik Edu,2026-05-19,Sering Dighosting Calon Buyer? Ini Strategi WhatsApp Marketing Chat Jadi Cuan,1,https://www.detik.com/edu/edutainment/d-8494040/sering-dighosting-calon-buyer-ini-strategi-whatsapp-marketing-chat-jadi-cuan
673,Detik Edu,2026-05-18,"Tren Buket Bunga Korea Makin Digemari, Ini Cara Belajarnya di Jakarta!",1,https://www.detik.com/edu/edutainment/d-8493908/tren-buket-bunga-korea-makin-digemari-ini-cara-belajarnya-di-jakarta
674,Detik Edu,2026-05-18,Potret Dinding Makam Tutankhamun Jadi Sorotan di Luxor,0,https://www.detik.com/edu/foto/d-8493997/potret-dinding-makam-tutankhamun-jadi-sorotan-di-luxor
675,Detik Edu,2026-05-18,"SPMB Jabar 2026 Terapkan Pemetaan Calon Murid Baru, Apa Itu?",1,https://www.detik.com/edu/sekolah/d-8494066/spmb-jabar-2026-terapkan-pemetaan-calon-murid-baru-apa-itu
676,Detik Edu,2026-05-18,2 Link dan Jadwal SPMB Jabar 2026: Tahap 1-2 dan Sekolah Maung,0,https://www.detik.com/edu/sekolah/d-8494107/2-link-dan-jadwal-spmb-jabar-2026-tahap-1-2-dan-sekolah-maung
677,Detik Edu,2026-05-18,Dugaan Child Grooming oleh Kepsek Tambah Deretan Kasus Kekerasan di Sekolah,0,https://www.detik.com/edu/sekolah/d-8493916/dugaan-child-grooming-oleh-kepsek-tambah-deretan-kasus-kekerasan-di-sekolah
678,Detik Edu,2026-05-18,5 Link Download SPTJM SPMB 2026: Surat Dokumen Wajib agar Akun Siswa Terverifkasi,0,https://www.detik.com/edu/sekolah/d-8493766/5-link-download-sptjm-spmb-2026-surat-dokumen-wajib-agar-akun-siswa-terverifkasi
679,Detik Edu,2026-05-18,AHY: Indonesia Harus Reformasi Pendidikan Kalau Ingin Jadi Negara Maju,0,https://www.detik.com/edu/edutainment/d-8493738/ahy-indonesia-harus-reformasi-pendidikan-kalau-ingin-jadi-negara-maju
680,Detik Edu,2026-05-18,"UMY Larang Dosen Rangkap Tugas, Pilih Salah Satu: Meneliti, Ngajar atau Pengmas",0,https://www.detik.com/edu/perguruan-tinggi/d-8493726/umy-larang-dosen-rangkap-tugas-pilih-salah-satu-meneliti-ngajar-atau-pengmas
681,Detik Edu,2026-05-18,"Tinggi Peminat, Apakah UI Akan Membuka Prodi Terkait Green Jobs?",1,https://www.detik.com/edu/perguruan-tinggi/d-8493727/tinggi-peminat-apakah-ui-akan-membuka-prodi-terkait-green-jobs
682,Detik Edu,2026-05-18,"Vokasi UI Kasih Kisi-kisi Prodi Terketat di UTBK SNBT 2026, Ada Pilihanmu?",1,https://www.detik.com/edu/perguruan-tinggi/d-8493721/vokasi-ui-kasih-kisi-kisi-prodi-terketat-di-utbk-snbt-2026-ada-pilihanmu
683,Detik Edu,2026-05-18,MAN IC Serpong Madrasah Pertama RI yang Pakai Program International Baccalaureate,0,https://www.detik.com/edu/sekolah/d-8493571/man-ic-serpong-madrasah-pertama-ri-yang-pakai-program-international-baccalaureate
684,Detik Edu,2026-05-18,"Aturan Jalur Reguler PPDB Madrasah 2026, Usia Minimal, dan Mekanisme Seleksi",0,https://www.detik.com/edu/sekolah/d-8493478/aturan-jalur-reguler-ppdb-madrasah-2026-usia-minimal-dan-mekanisme-seleksi
685,Detik Edu,2026-05-18,Kreativitas Pelajar SMK Curi Perhatian di Pameran Pendidikan Bandung,0,https://www.detik.com/edu/foto/d-8493158/kreativitas-pelajar-smk-curi-perhatian-di-pameran-pendidikan-bandung
686,Detik Edu,2026-05-18,"10 Provinsi dengan Masyarakat yang Paling Hobi Membaca, Tidak Ada dari Pulau Jawa",0,https://www.detik.com/edu/detikpedia/d-8493456/10-provinsi-dengan-masyarakat-yang-paling-hobi-membaca-tidak-ada-dari-pulau-jawa
687,Detik Edu,2026-05-18,Panduan Daftar Beasiswa Indonesia Bangkit 2026 Plus Jadwal Seleksi,1,https://www.detik.com/edu/beasiswa/d-8493419/panduan-daftar-beasiswa-indonesia-bangkit-2026-plus-jadwal-seleksi
688,Detik Edu,2026-05-18,"Beasiswa MEXT Dibuka di Kampus Jepang Ini, Ada Uang Saku-Asrama",0,https://www.detik.com/edu/beasiswa/d-8493382/beasiswa-mext-dibuka-di-kampus-jepang-ini-ada-uang-saku-asrama
689,Detik Edu,2026-05-18,"Cerita Revano, Siswa Katolik Lulusan SMK Muhammadiyah yang Dapat Beasiswa ke Jepang",0,https://www.detik.com/edu/edutainment/d-8493287/cerita-revano-siswa-katolik-lulusan-smk-muhammadiyah-yang-dapat-beasiswa-ke-jepang
690,Detik Edu,2026-05-18,Apa UI Bakal Ganti Teknik Jadi Rekayasa? Begini Jawaban Rektor,1,https://www.detik.com/edu/perguruan-tinggi/d-8493250/apa-ui-bakal-ganti-teknik-jadi-rekayasa-begini-jawaban-rektor
691,Detik Edu,2026-05-18,"Prapendaftaran SPMB SMP-SMA DKI Jakarta 2026 Dibuka Besok, Siapkan Ini!",1,https://www.detik.com/edu/sekolah/d-8493166/prapendaftaran-spmb-smp-sma-dki-jakarta-2026-dibuka-besok-siapkan-ini
692,Detik Edu,2026-05-18,"Syarat SPMB Jabar 2026 Jalur Domisili, Begini Ketentuan Kartu Keluarga",1,https://www.detik.com/edu/sekolah/d-8493024/syarat-spmb-jabar-2026-jalur-domisili-begini-ketentuan-kartu-keluarga
693,Detik Edu,2026-05-18,Kapan Bisa Unduh Sertifikat UTBK 2026? Ketahui Juga Kegunaannya!,1,https://www.detik.com/edu/seleksi-masuk-pt/d-8493092/kapan-bisa-unduh-sertifikat-utbk-2026-ketahui-juga-kegunaannya
694,Detik Edu,2026-05-18,"Usai Misi ke Bulan, Banyak Mahasiswa Incar Peluang Karier di Bidang Antariksa",0,https://www.detik.com/edu/edutainment/d-8492474/usai-misi-ke-bulan-banyak-mahasiswa-incar-peluang-karier-di-bidang-antariksa
695,Detik Edu,2026-05-18,"Prasmul Raih AACSB, Perkuat Posisi di Pendidikan Bisnis Global",0,https://www.detik.com/edu/perguruan-tinggi/d-8493044/prasmul-raih-aacsb-perkuat-posisi-di-pendidikan-bisnis-global
696,Detik Edu,2026-05-18,"Kemendikdasmen Rilis Pedoman Pendidikan Keamanan Siber buat Siswa, Unduh di Sini!",1,https://www.detik.com/edu/sekolah/d-8493021/kemendikdasmen-rilis-pedoman-pendidikan-keamanan-siber-buat-siswa-unduh-di-sini
697,Detik Edu,2026-05-18,Kapan Pengumuman UTBK SNBT 2026? Simak Cara Cek dan Link Hasilnya,1,https://www.detik.com/edu/seleksi-masuk-pt/d-8492950/kapan-pengumuman-utbk-snbt-2026-simak-cara-cek-dan-link-hasilnya
698,Detik Edu,2026-05-18,"10 Negara Paling Bebas Korupsi di Dunia, Ada Indonesia atau Tidak?",1,https://www.detik.com/edu/detikpedia/d-8492370/10-negara-paling-bebas-korupsi-di-dunia-ada-indonesia-atau-tidak
699,Detik Edu,2026-05-18,"Hewan Ini Ternyata Bisa Pecahkan Puzzle untuk Seru-seruan, Kok Bisa?",1,https://www.detik.com/edu/detikpedia/d-8492327/hewan-ini-ternyata-bisa-pecahkan-puzzle-untuk-seru-seruan-kok-bisa
700,Detik Edu,2026-05-18,"Beasiswa S2-S3 University of Melbourne, Plus Tunjangan Hidup",0,https://www.detik.com/edu/beasiswa/d-8492226/beasiswa-s2-s3-university-of-melbourne-plus-tunjangan-hidup
701,Detik Edu,2026-05-18,"Unesa Buka Jalur Mandiri Pakai Prestasi Pramuka, Ini Cara Daftarnya",1,https://www.detik.com/edu/seleksi-masuk-pt/d-8492268/unesa-buka-jalur-mandiri-pakai-prestasi-pramuka-ini-cara-daftarnya
702,Detik Edu,2026-05-18,Beasiswa PMDSU 2026 Segera Dibuka! Ini Skema dan Jadwalnya,1,https://www.detik.com/edu/beasiswa/d-8492225/beasiswa-pmdsu-2026-segera-dibuka-ini-skema-dan-jadwalnya
703,Detik Edu,2026-05-18,"Jadwal SPMB TK-SD-SMP Tangerang Selatan 2026, Ini Tanggalnya!",1,https://www.detik.com/edu/sekolah/d-8492266/jadwal-spmb-tk-sd-smp-tangerang-selatan-2026-ini-tanggalnya
704,Detik Edu,2026-05-17,"Deretan Peristiwa Langit Menakjubkan pada 2026, Akhir Mei Ada Blue Moon",0,https://www.detik.com/edu/detikpedia/d-8492018/deretan-peristiwa-langit-menakjubkan-pada-2026-akhir-mei-ada-blue-moon
705,Detik Edu,2026-05-17,"Prodi 'Teknik' Jadi 'Rekayasa', Waka Komisi X DPR: Jangan Berhenti di Nama, Tapi...",1,https://www.detik.com/edu/perguruan-tinggi/d-8492344/prodi-teknik-jadi-rekayasa-waka-komisi-x-dpr-jangan-berhenti-di-nama-tapi
706,Detik Edu,2026-05-17,Komnas HAM Dorong Kampus-Pesantren Bentuk Satgas Kekerasan Seksual,0,https://www.detik.com/edu/detikpedia/d-8492282/komnas-ham-dorong-kampus-pesantren-bentuk-satgas-kekerasan-seksual
707,Detik Edu,2026-05-17,Nobar Pesta Babi Bareng Dosen di ITS-UWG,0,https://www.detik.com/edu/perguruan-tinggi/d-8492146/nobar-pesta-babi-bareng-dosen-di-its-uwg
708,Detik Edu,2026-05-17,"Rajin Baca Jurnal 10 Menit Sehari, Siti Jadi Lulusan Terbaik UPI dengan IPK 3,98",0,https://www.detik.com/edu/edutainment/d-8491930/rajin-baca-jurnal-10-menit-sehari-siti-jadi-lulusan-terbaik-upi-dengan-ipk-3-98
709,Detik Edu,2026-05-17,"Beasiswa S1 ke Oxford Resmi Dibuka, Dapat Biaya Kuliah Plus Pengalaman Magang",0,https://www.detik.com/edu/beasiswa/d-8491988/beasiswa-s1-ke-oxford-resmi-dibuka-dapat-biaya-kuliah-plus-pengalaman-magang
710,Detik Edu,2026-05-17,"Soal Nasib Guru Non-ASN pada 2027, DPR Minta Pemerintah Fokus Pengangkatan Jadi ASN",0,https://www.detik.com/edu/sekolah/d-8492034/soal-nasib-guru-non-asn-pada-2027-dpr-minta-pemerintah-fokus-pengangkatan-jadi-asn
711,Detik Edu,2026-05-17,"Beasiswa S2 Double Degree Kampus LN dari Kemenag Buka sampai Akhir Mei, Ini Syaratnya",1,https://www.detik.com/edu/beasiswa/d-8491371/beasiswa-s2-double-degree-kampus-ln-dari-kemenag-buka-sampai-akhir-mei-ini-syaratnya
712,Detik Edu,2026-05-17,Studi: Anak yang Bantu Pekerjaan Rumah Tangga Lebih Berpeluang Sukses,0,https://www.detik.com/edu/detikpedia/d-8491373/studi-anak-yang-bantu-pekerjaan-rumah-tangga-lebih-berpeluang-sukses
713,Detik Edu,2026-05-17,"10 Negara dengan Penegakan Hukum Terlemah di Asia, Indonesia Nomor Berapa?",1,https://www.detik.com/edu/detikpedia/d-8491781/10-negara-dengan-penegakan-hukum-terlemah-di-asia-indonesia-nomor-berapa
714,Detik Edu,2026-05-17,"10 Kampus RI dengan Permohonan Paten Terbanyak, Ada Kampusmu?",1,https://www.detik.com/edu/perguruan-tinggi/d-8491370/10-kampus-ri-dengan-permohonan-paten-terbanyak-ada-kampusmu
715,Detik Edu,2026-05-17,Cara Akses Aplikasi Cek Bansos untuk Pencairan Mei 2026,0,https://www.detik.com/edu/detikpedia/d-8491368/cara-akses-aplikasi-cek-bansos-untuk-pencairan-mei-2026
716,Detik Edu,2026-05-17,Benda Ini Jadi Penyebab Anak Zaman Sekarang Sulit Bersosial dan Berkomunikasi,1,https://www.detik.com/edu/detikpedia/d-8491326/benda-ini-jadi-penyebab-anak-zaman-sekarang-sulit-bersosial-dan-berkomunikasi
717,Detik Edu,2026-05-16,Mitos atau Fakta Kucing Bisa Memprediksi Cuaca? Ini Jawaban Sainsnya,1,https://www.detik.com/edu/detikpedia/d-8491252/mitos-atau-fakta-kucing-bisa-memprediksi-cuaca-ini-jawaban-sainsnya
718,Detik Edu,2026-05-16,Cara Unik Burung Maleo dari Sulawesi Mengerami Telur: Pakai Panas Bumi,0,https://www.detik.com/edu/detikpedia/d-8491247/cara-unik-burung-maleo-dari-sulawesi-mengerami-telur-pakai-panas-bumi
719,Detik Edu,2026-05-16,"Beasiswa Telkom University untuk Maba 2026, Bisa Kuliah Gratis sampai Lulus!",0,https://www.detik.com/edu/beasiswa/d-8491182/beasiswa-telkom-university-untuk-maba-2026-bisa-kuliah-gratis-sampai-lulus
720,Detik Edu,2026-05-16,"30 SMA Negeri dengan Nilai TKA Tertinggi di Jabar, Persiapan SPMB 2026!",0,https://www.detik.com/edu/sekolah/d-8491063/30-sma-negeri-dengan-nilai-tka-tertinggi-di-jabar-persiapan-spmb-2026
721,Detik Edu,2026-05-16,"Sejarah Gelar Insinyur di Indonesia, Cikal Bakal Istilahnya sejak Zaman Belanda",0,https://www.detik.com/edu/detikpedia/d-8491054/sejarah-gelar-insinyur-di-indonesia-cikal-bakal-istilahnya-sejak-zaman-belanda
722,Detik Edu,2026-05-16,Ketika Negara Mengulurkan Tangan: Refleksi Kritis atas SE Mendikdasmen 7/2026,0,https://www.detik.com/edu/sekolah/d-8491001/ketika-negara-mengulurkan-tangan-refleksi-kritis-atas-se-mendikdasmen-7-2026
723,Detik Edu,2026-05-16,Pakar UGM Khawatirkan Hal Ini Kalau Kampus Ikut Buka Dapur MBG,0,https://www.detik.com/edu/detikpedia/d-8490823/pakar-ugm-khawatirkan-hal-ini-kalau-kampus-ikut-buka-dapur-mbg
724,Detik Edu,2026-05-16,Kemendikti Tegaskan Kampus Tidak Wajib Ubah Nama Prodi Teknik Jadi Rekayasa,0,https://www.detik.com/edu/perguruan-tinggi/d-8490897/kemendikti-tegaskan-kampus-tidak-wajib-ubah-nama-prodi-teknik-jadi-rekayasa
725,Detik Edu,2026-05-16,"Komdigi Ungkap 200 Ribu Anak Indonesia Terpapar Judol, Banyak di Bawah 10 Tahun",0,https://www.detik.com/edu/perguruan-tinggi/d-8490810/komdigi-ungkap-200-ribu-anak-indonesia-terpapar-judol-banyak-di-bawah-10-tahun
726,Detik Edu,2026-05-16,"SMAN Olahraga Jateng Buka Pendaftaran Siswa Atlet, Gratis dan Berasrama",0,https://www.detik.com/edu/sekolah/d-8490747/sman-olahraga-jateng-buka-pendaftaran-siswa-atlet-gratis-dan-berasrama
727,Detik Edu,2026-05-16,Raih Prestasi Lebih Tinggi di Tahun Ajaran Baru bersama Penerbit Erlangga,0,https://www.detik.com/edu/edutainment/d-8490231/raih-prestasi-lebih-tinggi-di-tahun-ajaran-baru-bersama-penerbit-erlangga
728,Detik Edu,2026-05-16,Strategi China Cetak Talenta AI: Update Kurikulum-Rombak Syarat Jadi Guru,0,https://www.detik.com/edu/sekolah/d-8490467/strategi-china-cetak-talenta-ai-update-kurikulum-rombak-syarat-jadi-guru
729,Detik Edu,2026-05-16,"Jadwal dan Syarat Lengkap SPMB SMA-SMK Jateng 2026, Cek Aturannya di Sini!",1,https://www.detik.com/edu/sekolah/d-8490445/jadwal-dan-syarat-lengkap-spmb-sma-smk-jateng-2026-cek-aturannya-di-sini
730,Detik Edu,2026-05-16,"NEO-1, Satelit Baru dari BRIN yang Rencananya Rampung Akhir 2026",0,https://www.detik.com/edu/detikpedia/d-8490066/neo-1-satelit-baru-dari-brin-yang-rencananya-rampung-akhir-2026
731,Detik Edu,2026-05-16,Kuasai Excel Akuntansi dalam 4 Hari dan Percepat Karier Keuanganmu,0,https://www.detik.com/edu/edutainment/d-8489365/kuasai-excel-akuntansi-dalam-4-hari-dan-percepat-karier-keuanganmu
732,Detik Edu,2026-05-15,Upgrade Skill Era AI! Pelatihan Ini Bantu Kamu Kuasai Automasi Kerja Tanpa Coding,1,https://www.detik.com/edu/edutainment/d-8489353/upgrade-skill-era-ai-pelatihan-ini-bantu-kamu-kuasai-automasi-kerja-tanpa-coding
733,Detik Edu,2026-05-15,"Ferdy Sambo Tulis Artikel Ilmiah saat Studi S2 dari Lapas Cibinong, Ini Isinya",1,https://www.detik.com/edu/perguruan-tinggi/d-8490340/ferdy-sambo-tulis-artikel-ilmiah-saat-studi-s2-dari-lapas-cibinong-ini-isinya
734,Detik Edu,2026-05-15,"Diam-diam Ferdy Sambo Kuliah S2 di Lapas Cibinong, Jurusan Ini yang Dipilih",1,https://www.detik.com/edu/edutainment/d-8490238/diam-diam-ferdy-sambo-kuliah-s2-di-lapas-cibinong-jurusan-ini-yang-dipilih
735,Detik Edu,2026-05-15,Mau Jadi Pengusaha? Pegadaian Buka Beasiswa Wirausaha buat Anak Muda!,1,https://www.detik.com/edu/beasiswa/d-8490057/mau-jadi-pengusaha-pegadaian-buka-beasiswa-wirausaha-buat-anak-muda
736,Detik Edu,2026-05-15,"Mahasiswa ITS Bikin Sistem Aduan Kekerasan Seksual, Bisa Deteksi Area Rawan!",0,https://www.detik.com/edu/edutainment/d-8490033/mahasiswa-its-bikin-sistem-aduan-kekerasan-seksual-bisa-deteksi-area-rawan
737,Detik Edu,2026-05-15,"Pendaftaran Bintara TNI AU 2026 Gelombang 2 Segera Dibuka, Cek Syaratnya!",1,https://www.detik.com/edu/edutainment/d-8489890/pendaftaran-bintara-tni-au-2026-gelombang-2-segera-dibuka-cek-syaratnya
738,Detik Edu,2026-05-15,"Magang Bakti BCA 2026 buat Pelajar Dibuka, Ada Uang Saku-Beasiswa!",0,https://www.detik.com/edu/edutainment/d-8489740/magang-bakti-bca-2026-buat-pelajar-dibuka-ada-uang-saku-beasiswa
739,Detik Edu,2026-05-15,"Lowongan Asisten Bahasa Indonesia di Australia, Lulusan S1 Bisa Daftar",0,https://www.detik.com/edu/edutainment/d-8489394/lowongan-asisten-bahasa-indonesia-di-australia-lulusan-s1-bisa-daftar
740,Detik Edu,2026-05-15,"Ashanty Gaet Gelar Doktor Unair, Teliti Nasib Musisi Senior di Era Digital",1,https://www.detik.com/edu/edutainment/d-8489647/ashanty-gaet-gelar-doktor-unair-teliti-nasib-musisi-senior-di-era-digital
741,Detik Edu,2026-05-15,"Menkes BGS Dilaporkan soal Pakai Gelar Insinyur, ITB Bilang Begini",1,https://www.detik.com/edu/edutainment/d-8489753/menkes-bgs-dilaporkan-soal-pakai-gelar-insinyur-itb-bilang-begini
742,Detik Edu,2026-05-15,"Kemdiktisaintek Ubah Istilah Prodi Teknik Jadi Rekayasa, Cek Daftar Lengkapnya!",1,https://www.detik.com/edu/perguruan-tinggi/d-8489627/kemdiktisaintek-ubah-istilah-prodi-teknik-jadi-rekayasa-cek-daftar-lengkapnya
743,Detik Edu,2026-05-15,"UNS Buka Seleksi Mandiri Jalur Disabilitas 2026, Cek Jadwal dan Syarat di Sini!",1,https://www.detik.com/edu/seleksi-masuk-pt/d-8489383/uns-buka-seleksi-mandiri-jalur-disabilitas-2026-cek-jadwal-dan-syarat-di-sini
744,Detik Edu,2026-05-15,"Pendaftaran Jalur Mandiri ITS SMITS ACE 2026 Resmi Dibuka, Gap Year Bisa Daftar",0,https://www.detik.com/edu/seleksi-masuk-pt/d-8487509/pendaftaran-jalur-mandiri-its-smits-ace-2026-resmi-dibuka-gap-year-bisa-daftar
745,Detik Edu,2026-05-15,Membaca Ulang Makna 'Cum Laude',0,https://www.detik.com/edu/perguruan-tinggi/d-8489380/membaca-ulang-makna-cum-laude
746,Detik Edu,2026-05-15,"5 Fakta Sekolah Maung yang Digagas KDM di Jabar, 41 Sekolah Dilibatkan",0,https://www.detik.com/edu/sekolah/d-8489286/5-fakta-sekolah-maung-yang-digagas-kdm-di-jabar-41-sekolah-dilibatkan
747,Detik Edu,2026-05-15,"Beasiswa SCG 2026 untuk Pelajar-Mahasiswa, Ada Skema untuk Anak Tukang Bangunan",0,https://www.detik.com/edu/beasiswa/d-8489117/beasiswa-scg-2026-untuk-pelajar-mahasiswa-ada-skema-untuk-anak-tukang-bangunan
748,Detik Edu,2026-05-15,"Bootcamp DevOps Online 3 Bulan! Kuasai AWS, Docker, dan Kubernetes",0,https://www.detik.com/edu/edutainment/d-8489349/bootcamp-devops-online-3-bulan-kuasai-aws-docker-dan-kubernetes
749,Detik Edu,2026-05-14,"Bootcamp Digital Marketing 3 Bulan, Dari Riset Pasar hingga Running Ads!",0,https://www.detik.com/edu/edutainment/d-8489343/bootcamp-digital-marketing-3-bulan-dari-riset-pasar-hingga-running-ads
750,Detik Edu,2026-05-14,Ini yang Terjadi pada Tubuh Jika Manusia Tinggal di Bulan,0,https://www.detik.com/edu/detikpedia/d-8489171/ini-yang-terjadi-pada-tubuh-jika-manusia-tinggal-di-bulan
751,Detik Edu,2026-05-14,SMAN 1 Pontianak Mundur dari Final Ulang LCC 4 Pilar di Kalbar,0,https://www.detik.com/edu/sekolah/d-8489194/sman-1-pontianak-mundur-dari-final-ulang-lcc-4-pilar-di-kalbar
752,Detik Edu,2026-05-14,"Sejarah Cerdas Cermat di Indonesia, Mulai Ada Sejak Era Orde Baru",0,https://www.detik.com/edu/detikpedia/d-8488946/sejarah-cerdas-cermat-di-indonesia-mulai-ada-sejak-era-orde-baru
753,Detik Edu,2026-05-14,"FSGI: Final LCC Empat Pilar Kalbar Tak Perlu Diulang, Asal Jangan Terulang Lagi",0,https://www.detik.com/edu/sekolah/d-8488848/fsgi-final-lcc-empat-pilar-kalbar-tak-perlu-diulang-asal-jangan-terulang-lagi
754,Detik Edu,2026-05-14,Rekrutmen Petugas Penjaga Perlintasan KAI buat Lulusan SMA Bernilai Minimal 6,0,https://www.detik.com/edu/detikpedia/d-8488772/rekrutmen-petugas-penjaga-perlintasan-kai-buat-lulusan-sma-bernilai-minimal-6
755,Detik Edu,2026-05-14,"Tanggalan Mei 2026 versi Libur Anak Sekolah, Satu Long Weekend Tersisa",0,https://www.detik.com/edu/detikpedia/d-8488598/tanggalan-mei-2026-versi-libur-anak-sekolah-satu-long-weekend-tersisa
756,Detik Edu,2026-05-14,"Bulu Mata Palsu dari Pelepah Pisang, Inovasi Dosen UNP yang Ramah Lingkungan",0,https://www.detik.com/edu/edutainment/d-8486614/bulu-mata-palsu-dari-pelepah-pisang-inovasi-dosen-unp-yang-ramah-lingkungan
757,Detik Edu,2026-05-14,"Kemenpora Buka Pendaftaran Delegasi ASEAN Youth Fellowship, Ditutup 17 Mei!",1,https://www.detik.com/edu/detikpedia/d-8487287/kemenpora-buka-pendaftaran-delegasi-asean-youth-fellowship-ditutup-17-mei
758,Detik Edu,2026-05-14,"Ini yang Terjadi pada Bumi Jika Matahari Mendadak Hilang, Ada Hewan yang Selamat!",1,https://www.detik.com/edu/detikpedia/d-8488130/ini-yang-terjadi-pada-bumi-jika-matahari-mendadak-hilang-ada-hewan-yang-selamat
759,Detik Edu,2026-05-14,"Nasib Terkini 4 Terdakwa Kasus Korupsi Chromebook, Nadiem Dituntut 18 Tahun Bui",0,https://www.detik.com/edu/detikpedia/d-8488554/nasib-terkini-4-terdakwa-kasus-korupsi-chromebook-nadiem-dituntut-18-tahun-bui
760,Detik Edu,2026-05-14,"Status Guru Honorer 2027 Belum Jelas, Pakar Unair Khawatirkan Dampak Ini",1,https://www.detik.com/edu/sekolah/d-8488115/status-guru-honorer-2027-belum-jelas-pakar-unair-khawatirkan-dampak-ini
761,Detik Edu,2026-05-14,"Jalur Mandiri UNS 2026 Dibuka: Jadwal, Biaya, dan Materi Ujian Tulis",0,https://www.detik.com/edu/seleksi-masuk-pt/d-8488108/jalur-mandiri-uns-2026-dibuka-jadwal-biaya-dan-materi-ujian-tulis
762,Detik Edu,2026-05-14,"Final LCC 4 Pilar Kalbar Segera Diulang, Juri Independen, Diawasi Pimpinan MPR",0,https://www.detik.com/edu/sekolah/d-8488137/final-lcc-4-pilar-kalbar-segera-diulang-juri-independen-diawasi-pimpinan-mpr
763,Detik Edu,2026-05-14,Profesi Langka Gaji Tinggi! Jadi Fullstack Developer Bisa Dikuasai 3 Bulan!,1,https://www.detik.com/edu/edutainment/d-8487508/profesi-langka-gaji-tinggi-jadi-fullstack-developer-bisa-dikuasai-3-bulan
764,Detik Edu,2026-05-13,Kerja Sudah Maksimal Tapi Tetap Tidak Lolos Probation? Mungkin Ini yang Salah,1,https://www.detik.com/edu/edutainment/d-8487457/kerja-sudah-maksimal-tapi-tetap-tidak-lolos-probation-mungkin-ini-yang-salah
765,Detik Edu,2026-05-13,Capek Bisnis Jalan di Tempat? Ikuti Workshop Bisnis Ini untuk Solusinya,1,https://www.detik.com/edu/edutainment/d-8487488/capek-bisnis-jalan-di-tempat-ikuti-workshop-bisnis-ini-untuk-solusinya
766,Detik Edu,2026-05-13,"BRIN Buat Inovasi Pelat Karet untuk Rel Kereta, Diklaim Lebih Aman-Tahan Lama",0,https://www.detik.com/edu/detikpedia/d-8488017/brin-buat-inovasi-pelat-karet-untuk-rel-kereta-diklaim-lebih-aman-tahan-lama
767,Detik Edu,2026-05-13,"Banyak Kasus Mobil Mati di Rel KA, Peneliti BRIN: Bukan karena Medan Magnet!",0,https://www.detik.com/edu/detikpedia/d-8487795/banyak-kasus-mobil-mati-di-rel-ka-peneliti-brin-bukan-karena-medan-magnet
768,Detik Edu,2026-05-13,"Kenaikan Yesus Kristus 14 Mei, Apa Bedanya dengan Paskah?",1,https://www.detik.com/edu/detikpedia/d-8487405/kenaikan-yesus-kristus-14-mei-apa-bedanya-dengan-paskah
769,Detik Edu,2026-05-13,KemenPPPA dan Tanoto Foundation Rilis Buku Cerita Anak 'Misi untuk Raka',0,https://www.detik.com/edu/edutainment/d-8488133/kemenpppa-dan-tanoto-foundation-rilis-buku-cerita-anak-misi-untuk-raka
770,Detik Edu,2026-05-13,Tuntutan 18 Tahun Penjara untuk Mantan Mendikbudristek Nadiem Makarim,0,https://www.detik.com/edu/detikpedia/d-8488119/tuntutan-18-tahun-penjara-untuk-mantan-mendikbudristek-nadiem-makarim
771,Detik Edu,2026-05-13,"Unpad Buka 2 Beasiswa S2-S3, Plus Dana Riset hingga Rp 30 Juta Per Tahun",0,https://www.detik.com/edu/beasiswa/d-8487477/unpad-buka-2-beasiswa-s2-s3-plus-dana-riset-hingga-rp-30-juta-per-tahun
772,Detik Edu,2026-05-13,"Ada MAN IC Baru di Sumedang, Daya Tampung Angkatan Pertama 48 Siswa",0,https://www.detik.com/edu/sekolah/d-8487707/ada-man-ic-baru-di-sumedang-daya-tampung-angkatan-pertama-48-siswa
773,Detik Edu,2026-05-13,"Kemenag Wajibkan PTKIN Sediakan Asrama Mahasiswa, Ada Tiga Opsi Tipe",0,https://www.detik.com/edu/perguruan-tinggi/d-8487801/kemenag-wajibkan-ptkin-sediakan-asrama-mahasiswa-ada-tiga-opsi-tipe
774,Detik Edu,2026-05-13,Peneliti ITB-BRIN Temukan Spesies Baru Talas-talasan di Kalimantan Barat,0,https://www.detik.com/edu/detikpedia/d-8487718/peneliti-itb-brin-temukan-spesies-baru-talas-talasan-di-kalimantan-barat
775,Detik Edu,2026-05-13,Mengapa Kendaraan Mati Mendadak di Rel Kereta? Pakar BRIN Ungkap 3 Penyebabnya,1,https://www.detik.com/edu/detikpedia/d-8487691/mengapa-kendaraan-mati-mendadak-di-rel-kereta-pakar-brin-ungkap-3-penyebabnya
776,Detik Edu,2026-05-13,"Ramai Hapus Prodi yang Kurang Relevan dengan Industri, PTKIN Mulai Pemetaan",0,https://www.detik.com/edu/perguruan-tinggi/d-8487673/ramai-hapus-prodi-yang-kurang-relevan-dengan-industri-ptkin-mulai-pemetaan
777,Detik Edu,2026-05-13,"Diserbu 60 Ribu Pendaftar, Ini Daftar Sementara Kampus Terfavorit di UM-PTKIN",1,https://www.detik.com/edu/seleksi-masuk-pt/d-8487445/diserbu-60-ribu-pendaftar-ini-daftar-sementara-kampus-terfavorit-di-um-ptkin
778,Detik Edu,2026-05-13,Meksiko Batal Liburkan Sekolah Lebih Awal Saat Piala Dunia 2026,0,https://www.detik.com/edu/edutainment/d-8486651/meksiko-batal-liburkan-sekolah-lebih-awal-saat-piala-dunia-2026
779,Detik Edu,2026-05-13,Anggota DPR Minta Mahasiswa Pengguna Joki UTBK Dikeluarkan,0,https://www.detik.com/edu/seleksi-masuk-pt/d-8487217/anggota-dpr-minta-mahasiswa-pengguna-joki-utbk-dikeluarkan
780,Detik Edu,2026-05-13,"Antisipasi Kecurangan, UM-PTKIN Terapkan Alat Detektor-Pengawas SSE",0,https://www.detik.com/edu/seleksi-masuk-pt/d-8487370/antisipasi-kecurangan-um-ptkin-terapkan-alat-detektor-pengawas-sse
781,Detik Edu,2026-05-13,"Usai Sidang Tuntutan Hari Ini, Eks Mendikbud Nadiem Langsung ke RS untuk Operasi",0,https://www.detik.com/edu/detikpedia/d-8487374/usai-sidang-tuntutan-hari-ini-eks-mendikbud-nadiem-langsung-ke-rs-untuk-operasi
782,Detik Edu,2026-05-13,"Motivasi Pria Punya 14 Gelar S1 dan 3 Gelar S2, Nggak Stop Kuliah dari 1999-2026",0,https://www.detik.com/edu/edutainment/d-8486584/motivasi-pria-punya-14-gelar-s1-dan-3-gelar-s2-nggak-stop-kuliah-dari-1999-2026
783,Detik Edu,2026-05-13,"Pendaftaran UM-PTKIN 2026 Masih Dibuka hingga 30 Mei, Prodi Kegamaan-Umum Bisa Dipilih",0,https://www.detik.com/edu/seleksi-masuk-pt/d-8487171/pendaftaran-um-ptkin-2026-masih-dibuka-hingga-30-mei-prodi-kegamaan-umum-bisa-dipilih
784,Detik Edu,2026-05-13,DPR Dorong Lomba Cerdas Cermat Empat Pilar Kalbar Diulang,0,https://www.detik.com/edu/edutainment/d-8487211/dpr-dorong-lomba-cerdas-cermat-empat-pilar-kalbar-diulang
785,Detik Edu,2026-05-13,"Soal SE Guru Honorer, DPR: Peluang Percepat Pengangkatan Jadi ASN",0,https://www.detik.com/edu/sekolah/d-8487118/soal-se-guru-honorer-dpr-peluang-percepat-pengangkatan-jadi-asn
786,Detik Edu,2026-05-13,"MPR Bakal Evaluasi Skema Penilaian Cerdas Cermat 4 Pilar, Juri dan MC Dinonaktifkan",0,https://www.detik.com/edu/sekolah/d-8487121/mpr-bakal-evaluasi-skema-penilaian-cerdas-cermat-4-pilar-juri-dan-mc-dinonaktifkan
787,Detik Edu,2026-05-13,"Siswa Bisa Usul Menu MBG Agar Sesuai Selera, Simak Caranya Nih!",1,https://www.detik.com/edu/sekolah/d-8486430/siswa-bisa-usul-menu-mbg-agar-sesuai-selera-simak-caranya-nih
788,Detik Edu,2026-05-13,"Josepha Alexandra, Siswa Viral Protes LCC Empat Pilar Ditawari Beasiswa ke China",0,https://www.detik.com/edu/edutainment/d-8487041/josepha-alexandra-siswa-viral-protes-lcc-empat-pilar-ditawari-beasiswa-ke-china
789,Detik Edu,2026-05-13,Mengapa Gunung Berapi Bisa Tiba-tiba Meletus Tanpa Peringatan? Ini Temuan Ilmuwan,1,https://www.detik.com/edu/detikpedia/d-8484931/mengapa-gunung-berapi-bisa-tiba-tiba-meletus-tanpa-peringatan-ini-temuan-ilmuwan
790,Detik Edu,2026-05-13,KSP: Program Revitalisasi Sekolah Serap 380 Ribu Tenaga Kerja,0,https://www.detik.com/edu/sekolah/d-8486339/ksp-program-revitalisasi-sekolah-serap-380-ribu-tenaga-kerja
791,Detik Edu,2026-05-13,Seperti Apa Rasanya Kuliah Fast Track S1-S2? Launa Silky Bagikan Pengalamannya,1,https://www.detik.com/edu/edutainment/d-8486627/seperti-apa-rasanya-kuliah-fast-track-s1-s2-launa-silky-bagikan-pengalamannya
792,Detik Edu,2026-05-13,"Punya 14 Gelar S1 dan 3 Gelar S2, Welin Tak Pernah Absen Sakit: Flu Tetap Kuliah!",0,https://www.detik.com/edu/edutainment/d-8486329/punya-14-gelar-s1-dan-3-gelar-s2-welin-tak-pernah-absen-sakit-flu-tetap-kuliah
793,Detik Edu,2026-05-13,Anak-anak TK di Koja Heboh Jadi 'Damkar Cilik',0,https://www.detik.com/edu/foto/d-8486082/anak-anak-tk-di-koja-heboh-jadi-damkar-cilik
794,Detik Edu,2026-05-13,Gen Z Malas Membaca? Ketua IKAPI Ungkap Faktanya,1,https://www.detik.com/edu/edutainment/d-8486715/gen-z-malas-membaca-ketua-ikapi-ungkap-faktanya
795,Detik Edu,2026-05-13,"Kemendikdasmen Sebut SMK Harus Punya Mitra Industri, Tingkatkan Peluang Kerja Lulusan",0,https://www.detik.com/edu/sekolah/d-8486605/kemendikdasmen-sebut-smk-harus-punya-mitra-industri-tingkatkan-peluang-kerja-lulusan
796,Detik Edu,2026-05-13,Belajar Merangkai Buket Bunga ala Korea Ini Cocok buat Pemula!,1,https://www.detik.com/edu/edutainment/d-8486581/belajar-merangkai-buket-bunga-ala-korea-ini-cocok-buat-pemula
797,Detik Edu,2026-12-05,Bisnis Sudah Jalan Bertahun-tahun tapi Masih Stuck? Ini yang Perlu Kamu Benahi,1,https://www.detik.com/edu/edutainment/d-8486556/bisnis-sudah-jalan-bertahun-tahun-tapi-masih-stuck-ini-yang-perlu-kamu-benahi
798,Detik Edu,2026-12-05,Rieke Diah Pitaloka: Perpustakaan Masuk Rancangan Pembangunan Nasional sejak 1960-an,0,https://www.detik.com/edu/detikpedia/d-8486540/rieke-diah-pitaloka-perpustakaan-masuk-rancangan-pembangunan-nasional-sejak-1960-an
799,Detik Edu,2026-12-05,"Vonis 4 Tahun Ibam Eks Konsultan Kemendikbud, Tak Terbukti Terima Aliran Dana Langsung",0,https://www.detik.com/edu/detikpedia/d-8486596/vonis-4-tahun-ibam-eks-konsultan-kemendikbud-tak-terbukti-terima-aliran-dana-langsung
800,Detik Edu,2026-12-05,"4.700 Perpustakaan Direvitalisasi, Ingin Tingkatkan Literasi-Jadi Tempat Belajar Baru",0,https://www.detik.com/edu/sekolah/d-8486372/4-700-perpustakaan-direvitalisasi-ingin-tingkatkan-literasi-jadi-tempat-belajar-baru
801,Detik Edu,2026-12-05,"Dana Revitalisasi Sekolah Langsung Ditransfer ke Kepsek, KSP: Cegah Korupsi",0,https://www.detik.com/edu/sekolah/d-8486280/dana-revitalisasi-sekolah-langsung-ditransfer-ke-kepsek-ksp-cegah-korupsi
802,Detik Edu,2026-12-05,"7.586 Ruang Praktik SMK Direvitalisasi, Upaya Siapkan Murid Masuk Dunia Kerja",0,https://www.detik.com/edu/sekolah/d-8486335/7-586-ruang-praktik-smk-direvitalisasi-upaya-siapkan-murid-masuk-dunia-kerja
803,Detik Edu,2026-12-05,"Universitas Brawijaya Resmi Ubah Nama 4 Fakultas, Ini Daftar Nama Terbarunya",1,https://www.detik.com/edu/perguruan-tinggi/d-8486415/universitas-brawijaya-resmi-ubah-nama-4-fakultas-ini-daftar-nama-terbarunya
804,Detik Edu,2026-12-05,"Ini Welin Kusuma, Pria Gemar Kuliah Punya 14 Gelar S1 dan 3 Gelar S2",0,https://www.detik.com/edu/edutainment/d-8486137/ini-welin-kusuma-pria-gemar-kuliah-punya-14-gelar-s1-dan-3-gelar-s2
805,Detik Edu,2026-12-05,KSP: Dana Efisiensi-Sitaan Koruptor Juga Dipakai untuk Revitalisasi Sekolah,0,https://www.detik.com/edu/sekolah/d-8486245/ksp-dana-efisiensi-sitaan-koruptor-juga-dipakai-untuk-revitalisasi-sekolah
806,Detik Edu,2026-12-05,Pemerintah Sebut Sudah Revitalisasi 16.167 Sekolah Negeri-Swasta Sepanjang 2025,0,https://www.detik.com/edu/sekolah/d-8486210/pemerintah-sebut-sudah-revitalisasi-16-167-sekolah-negeri-swasta-sepanjang-2025
807,Detik Edu,2026-12-05,"Perpusnas Beberkan Kondisi Perpustakaan Sekolah RI, Jumlahnya Sangat Sedikit!",0,https://www.detik.com/edu/sekolah/d-8486159/perpusnas-beberkan-kondisi-perpustakaan-sekolah-ri-jumlahnya-sangat-sedikit
808,Detik Edu,2026-12-05,Potret Hasil Revitalisasi SMP Muhammadiyah 16 Jakarta,0,https://www.detik.com/edu/foto/d-8486093/potret-hasil-revitalisasi-smp-muhammadiyah-16-jakarta
809,Detik Edu,2026-12-05,"Daftar UKT dan IPI UI Jalur Mandiri 2026 Prodi S1-D4, Kedokteran Tembus Rp 20 Juta",0,https://www.detik.com/edu/seleksi-masuk-pt/d-8485896/daftar-ukt-dan-ipi-ui-jalur-mandiri-2026-prodi-s1-d4-kedokteran-tembus-rp-20-juta
810,Detik Edu,2026-12-05,"Pendaftaran Jalur Mandiri Sekolah Kedinasan Kemenhub 2026 Ini Dibuka, Begini Syaratnya",1,https://www.detik.com/edu/seleksi-masuk-pt/d-8485934/pendaftaran-jalur-mandiri-sekolah-kedinasan-kemenhub-2026-ini-dibuka-begini-syaratnya
811,Detik Edu,2026-12-05,"SE Guru Non-ASN, Akhiri Era Guru Honorer?",1,https://www.detik.com/edu/sekolah/d-8485824/se-guru-non-asn-akhiri-era-guru-honorer
812,Detik Edu,2026-12-05,"Kemendikdasmen Pastikan Dana Revitalisasi Tak Diselewengkan, Begini Langkahnya",1,https://www.detik.com/edu/sekolah/d-8485774/kemendikdasmen-pastikan-dana-revitalisasi-tak-diselewengkan-begini-langkahnya
813,Detik Edu,2026-12-05,Apa Itu Cerdas Cermat 4 Pilar MPR RI yang Viral? Ini Materi Soal yang Dilombakan,1,https://www.detik.com/edu/sekolah/d-8485725/apa-itu-cerdas-cermat-4-pilar-mpr-ri-yang-viral-ini-materi-soal-yang-dilombakan
814,Detik Edu,2026-12-05,"UNS Buka 5 Prodi Baru di Seleksi Mandiri 2026, Ada AI hingga Bahasa Jepang",0,https://www.detik.com/edu/seleksi-masuk-pt/d-8485669/uns-buka-5-prodi-baru-di-seleksi-mandiri-2026-ada-ai-hingga-bahasa-jepang
815,Detik Edu,2026-12-05,Komnas Perempuan Duga Korban Kekerasan Seksual di Pesantren Dapat Tekanan,0,https://www.detik.com/edu/detikpedia/d-8485637/komnas-perempuan-duga-korban-kekerasan-seksual-di-pesantren-dapat-tekanan
816,Detik Edu,2026-12-05,Mendikti Mau Bekali Maba soal Pencegahan-Penanganan Kekerasan Seksual,0,https://www.detik.com/edu/perguruan-tinggi/d-8485533/mendikti-mau-bekali-maba-soal-pencegahan-penanganan-kekerasan-seksual
817,Detik Edu,2026-12-05,"Kronologi Polemik Cerdas Cermat 4 Pilar, MPR Minta Maaf-Speaker Disebut Bermasalah",0,https://www.detik.com/edu/sekolah/d-8485480/kronologi-polemik-cerdas-cermat-4-pilar-mpr-minta-maaf-speaker-disebut-bermasalah
818,Detik Edu,2026-12-05,Kemenag soal Cabut Izin Ponpes Milik Pemerkosa Santriwati: Tindakan Kriminal,0,https://www.detik.com/edu/sekolah/d-8485385/kemenag-soal-cabut-izin-ponpes-milik-pemerkosa-santriwati-tindakan-kriminal
819,Detik Edu,2026-12-05,"Gegara Kondisi Kesehatan, Nadiem Makarim Dialihkan Jadi Tahanan Rumah",0,https://www.detik.com/edu/detikpedia/d-8485370/gegara-kondisi-kesehatan-nadiem-makarim-dialihkan-jadi-tahanan-rumah
820,Detik Edu,2026-12-05,"Koala Purba Ini Pernah Hidup 28.000 Tahun Lalu, Kenapa Punah?",1,https://www.detik.com/edu/detikpedia/d-8484934/koala-purba-ini-pernah-hidup-28-000-tahun-lalu-kenapa-punah
821,Detik Edu,2026-12-05,"UKT Jalur Mandiri Universitas Brawijaya 2026 untuk S1-D4, Ini Rincian Per Prodi",1,https://www.detik.com/edu/seleksi-masuk-pt/d-8485152/ukt-jalur-mandiri-universitas-brawijaya-2026-untuk-s1-d4-ini-rincian-per-prodi
822,Detik Edu,2026-12-05,"20 Kabupaten/Kota dengan Penerima KIP Kuliah Terbanyak 2025, Domisilimu Termasuk?",1,https://www.detik.com/edu/beasiswa/d-8484923/20-kabupaten-kota-dengan-penerima-kip-kuliah-terbanyak-2025-domisilimu-termasuk
823,Detik Edu,2026-12-05,"Menanti Vonis Ibam Eks Konsultan Kemendikbudristek, Nadiem Doakan Putusan Terbaik",0,https://www.detik.com/edu/detikpedia/d-8484904/menanti-vonis-ibam-eks-konsultan-kemendikbudristek-nadiem-doakan-putusan-terbaik
824,Detik Edu,2026-12-05,Sudah Diterima Kerja Tapi Gagal Jadi Karyawan Tetap? Penyebab Ini Jarang Disadari,1,https://www.detik.com/edu/edutainment/d-8484898/sudah-diterima-kerja-tapi-gagal-jadi-karyawan-tetap-penyebab-ini-jarang-disadari
825,Detik Edu,2026-11-05,Strategi Saham Multibagger ala Investor Top Indonesia Kini Bisa Dipelajari Langsung,1,https://www.detik.com/edu/edutainment/d-8484878/strategi-saham-multibagger-ala-investor-top-indonesia-kini-bisa-dipelajari-langsung
826,Detik Edu,2026-11-05,Stop Bingung Atur Keuangan! Bangun Sistem Otomatis dari Nol dengan AppSheet,1,https://www.detik.com/edu/edutainment/d-8484855/stop-bingung-atur-keuangan-bangun-sistem-otomatis-dari-nol-dengan-appsheet
827,Detik Edu,2026-11-05,Tablet Kuno Ungkap Daftar Raja hingga Mantra dari 4.000 Tahun Lalu,0,https://www.detik.com/edu/detikpedia/d-8484901/tablet-kuno-ungkap-daftar-raja-hingga-mantra-dari-4-000-tahun-lalu
828,Detik Edu,2026-11-05,"Pemerintah Negara Ini Batasi Paparan Layar untuk Anak, Maksimal 1 Jam!",0,https://www.detik.com/edu/detikpedia/d-8484848/pemerintah-negara-ini-batasi-paparan-layar-untuk-anak-maksimal-1-jam
829,Detik Edu,2026-11-05,"Sempat PJJ Imbas Serangan Iran, Sekolah-Kampus di UEA Mulai Tatap Muka Hari Ini",0,https://www.detik.com/edu/edutainment/d-8484709/sempat-pjj-imbas-serangan-iran-sekolah-kampus-di-uea-mulai-tatap-muka-hari-ini
830,Detik Edu,2026-11-05,"Syarat dan Daya Tampung 4 Jalur SPMB 2026 Lengkap, Siap Jadi Siswa Baru?",1,https://www.detik.com/edu/sekolah/d-8484178/syarat-dan-daya-tampung-4-jalur-spmb-2026-lengkap-siap-jadi-siswa-baru
831,Detik Edu,2026-11-05,Cara Buat Akun Siap Kerja untuk Daftar TKM Pemula 2026,0,https://www.detik.com/edu/detikpedia/d-8484573/cara-buat-akun-siap-kerja-untuk-daftar-tkm-pemula-2026
832,Detik Edu,2026-11-05,"Jenis Prestasi untuk Daftar SPMB dan yang Tidak Bisa Dikurasi Puspresnas, Catat!",1,https://www.detik.com/edu/sekolah/d-8484543/jenis-prestasi-untuk-daftar-spmb-dan-yang-tidak-bisa-dikurasi-puspresnas-catat
833,Detik Edu,2026-11-05,"SE Mendikdasmen Tuai Polemik, Bagaimana Nasib Guru Honorer yang Belum Ada di Dapodik?",1,https://www.detik.com/edu/sekolah/d-8484566/se-mendikdasmen-tuai-polemik-bagaimana-nasib-guru-honorer-yang-belum-ada-di-dapodik
834,Detik Edu,2026-11-05,Usul Wakil Komisi X DPR: Semua Guru Diangkat PNS agar Tidak Ada Ketimpangan Status,0,https://www.detik.com/edu/sekolah/d-8484308/usul-wakil-komisi-x-dpr-semua-guru-diangkat-pns-agar-tidak-ada-ketimpangan-status
835,Detik Edu,2026-11-05,Kemendikdasmen Fokus Redistribusi Sebelum Angkat Guru Jadi ASN,0,https://www.detik.com/edu/sekolah/d-8484375/kemendikdasmen-fokus-redistribusi-sebelum-angkat-guru-jadi-asn
836,Detik Edu,2026-11-05,"Mulai Mei 2026, Pendaftaran Antrean KJP Pasar Jaya Dibuka Lebih Siang",0,https://www.detik.com/edu/detikpedia/d-8484183/mulai-mei-2026-pendaftaran-antrean-kjp-pasar-jaya-dibuka-lebih-siang
837,Detik Edu,2026-11-05,CT ARSA dan AIRNAV Bangun Rumah Inspirasi di Trenggalek,0,https://www.detik.com/edu/edutainment/d-8484363/ct-arsa-dan-airnav-bangun-rumah-inspirasi-di-trenggalek
838,Detik Edu,2026-11-05,"Pemerintah Godok Skema Pengangkatan Guru Honorer, Jadi PPPK atau PNS?",1,https://www.detik.com/edu/sekolah/d-8484254/pemerintah-godok-skema-pengangkatan-guru-honorer-jadi-pppk-atau-pns
839,Detik Edu,2026-11-05,"Dokumen SPMB Jatim 2026, Siapkan dari Sekarang!",1,https://www.detik.com/edu/sekolah/d-8484091/dokumen-spmb-jatim-2026-siapkan-dari-sekarang
840,Detik Edu,2026-11-05,"Polemik Status Guru Honorer di 2027, Kemendikdasmen Sebut Masih Rumuskan Skema",0,https://www.detik.com/edu/sekolah/d-8484180/polemik-status-guru-honorer-di-2027-kemendikdasmen-sebut-masih-rumuskan-skema
841,Detik Edu,2026-11-05,"AdaKami & UNS Umumkan Pemenang Lomba Karya Tulis FutureFin, Ini Inovasinya",0,https://www.detik.com/edu/perguruan-tinggi/d-8484117/adakami-uns-umumkan-pemenang-lomba-karya-tulis-futurefin-ini-inovasinya
842,Detik Edu,2026-11-05,Kemendikdasmen Tegaskan Tak Ada PHK Massal Guru Non-ASN!,0,https://www.detik.com/edu/sekolah/d-8484108/kemendikdasmen-tegaskan-tak-ada-phk-massal-guru-non-asn
843,Detik Edu,2026-11-05,"Kemendikdasmen Beberkan Alasan Terbit SE Penugasan Guru Non-ASN, Catat!",1,https://www.detik.com/edu/sekolah/d-8484070/kemendikdasmen-beberkan-alasan-terbit-se-penugasan-guru-non-asn-catat
844,Detik Edu,2026-11-05,Studi: Keseringan Pakai AI Bisa Bikin Kamu Jadi Kurang Percaya Diri,0,https://www.detik.com/edu/detikpedia/d-8483945/studi-keseringan-pakai-ai-bisa-bikin-kamu-jadi-kurang-percaya-diri
845,Detik Edu,2026-11-05,"Daftar Cuti Bersama 2026, Ada Long Weekend Pekan Ini!",1,https://www.detik.com/edu/detikpedia/d-8483807/daftar-cuti-bersama-2026-ada-long-weekend-pekan-ini
846,Detik Edu,2026-11-05,Pengumuman Hasil TKA SD dan SMP Bisa Dilihat Kapan? Ini Penjelasannya,1,https://www.detik.com/edu/sekolah/d-8483797/pengumuman-hasil-tka-sd-dan-smp-bisa-dilihat-kapan-ini-penjelasannya
847,Detik Edu,2026-11-05,"SPMB Jatim 2026 Dimulai, Simak Jadwal Pendaftaran SMA-SMK!",1,https://www.detik.com/edu/sekolah/d-8483791/spmb-jatim-2026-dimulai-simak-jadwal-pendaftaran-sma-smk
848,Detik Edu,2026-11-05,"Pendaftaran SIMAK UI Reguler Dibuka: Cek Syarat, Biaya, dan Cara Daftar",1,https://www.detik.com/edu/seleksi-masuk-pt/d-8483795/pendaftaran-simak-ui-reguler-dibuka-cek-syarat-biaya-dan-cara-daftar
849,Detik Edu,2026-11-05,"Kemenpar Buka Lowongan Magang, Cek Ketentuannya di Sini!",1,https://www.detik.com/edu/perguruan-tinggi/d-8483388/kemenpar-buka-lowongan-magang-cek-ketentuannya-di-sini
850,Detik Edu,2026-11-05,"3 Jalur Prestasi UNY 2026 Sedang Dibuka, Cek Jadwalnya!",1,https://www.detik.com/edu/seleksi-masuk-pt/d-8483392/3-jalur-prestasi-uny-2026-sedang-dibuka-cek-jadwalnya
851,Detik Edu,2026-11-05,"BPS Buka Rekrutmen Mitra Statistik 2026, Lulusan SMA-S1 Bisa Daftar",0,https://www.detik.com/edu/detikpedia/d-8483636/bps-buka-rekrutmen-mitra-statistik-2026-lulusan-sma-s1-bisa-daftar
852,Detik Edu,2026-11-05,"Program Pemenuhan Kualifikasi Akademik S1/D4 untuk Guru Buka Pendaftaran, Cek!",1,https://www.detik.com/edu/sekolah/d-8483385/program-pemenuhan-kualifikasi-akademik-s1-d4-untuk-guru-buka-pendaftaran-cek
853,Detik Edu,2026-11-05,"Jepang Umumkan Lowongan Magang di UKM, Mahasiswa-Lulusan Kampus RI Bisa Daftar",0,https://www.detik.com/edu/perguruan-tinggi/d-8483383/jepang-umumkan-lowongan-magang-di-ukm-mahasiswa-lulusan-kampus-ri-bisa-daftar
854,Detik Edu,2026-11-05,Pengumuman UTBK SNBT 2026 Tanggal Berapa? Begini Cara Ceknya!,1,https://www.detik.com/edu/seleksi-masuk-pt/d-8483376/pengumuman-utbk-snbt-2026-tanggal-berapa-begini-cara-ceknya
855,Detik Edu,2026-11-05,"Waktu Penataan Guru Non-ASN Cuma 6-7 Bulan, FSGI Soroti Guru yang Tak Terdata Dapodik",0,https://www.detik.com/edu/sekolah/d-8483373/waktu-penataan-guru-non-asn-cuma-6-7-bulan-fsgi-soroti-guru-yang-tak-terdata-dapodik
856,Detik Edu,2026-11-05,Anak Penerima PKH di Ciamis Ikuti Kursus Bahasa Asing Gratis,0,https://www.detik.com/edu/foto/d-8483063/anak-penerima-pkh-di-ciamis-ikuti-kursus-bahasa-asing-gratis
857,Detik Edu,2026-11-05,"Riset: Pelarangan HP di Sekolah Memang Ada Manfaatnya, Tapi Tidak Instan",0,https://www.detik.com/edu/sekolah/d-8483369/riset-pelarangan-hp-di-sekolah-memang-ada-manfaatnya-tapi-tidak-instan
858,Detik Edu,2026-11-05,"Antelop Unik Ini Punah 200 Tahun Lalu, Akan 'Dihidupkan Lagi'",0,https://www.detik.com/edu/detikpedia/d-8483367/antelop-unik-ini-punah-200-tahun-lalu-akan-dihidupkan-lagi
859,Detik Edu,2026-10-05,Langka! Terekam Ikan Berenang Mundur di Kedalaman 260 Meter Laut Arktik,0,https://www.detik.com/edu/detikpedia/d-8483150/langka-terekam-ikan-berenang-mundur-di-kedalaman-260-meter-laut-arktik
860,Detik Edu,2026-10-05,"6 Fenomena Langit pada Mei 2026, Bulan Biru-Jupiter Bersinar Terang",0,https://www.detik.com/edu/detikpedia/d-8483131/6-fenomena-langit-pada-mei-2026-bulan-biru-jupiter-bersinar-terang
861,Detik Edu,2026-10-05,"Telkom University Buka Lowongan Dosen, Tak Ada Syarat Usia!",0,https://www.detik.com/edu/perguruan-tinggi/d-8483020/telkom-university-buka-lowongan-dosen-tak-ada-syarat-usia
862,Detik Edu,2026-10-05,"FSGI Dukung SE Mendikdasmen 7/2026, Tapi Minta Jaminan Gaji Guru Jika Diangkat PPPK",0,https://www.detik.com/edu/sekolah/d-8482963/fsgi-dukung-se-mendikdasmen-7-2026-tapi-minta-jaminan-gaji-guru-jika-diangkat-pppk
863,Detik Edu,2026-10-05,"Kemenag Beri Simulasi TOEFL, TOAFL, dan Tes Skolastik Gratis, Terbuka hingga 31 Mei",0,https://www.detik.com/edu/beasiswa/d-8482773/kemenag-beri-simulasi-toefl-toafl-dan-tes-skolastik-gratis-terbuka-hingga-31-mei
864,Detik Edu,2026-10-05,"IPB University Nyatakan Tidak Kelola SPPG, Digandeng BGN untuk Fokus Riset-Pengawasan",0,https://www.detik.com/edu/edutainment/d-8482818/ipb-university-nyatakan-tidak-kelola-sppg-digandeng-bgn-untuk-fokus-riset-pengawasan
865,Detik Edu,2026-10-05,"BRIN Temukan 10 Spesies Anggrek Baru di RI, Ada yang Semula di Australia",0,https://www.detik.com/edu/detikpedia/d-8482847/brin-temukan-10-spesies-anggrek-baru-di-ri-ada-yang-semula-di-australia
866,Detik Edu,2026-10-05,"PT Transjakarta Buka Magang Singkat Bidang Project Data Management, Mahasiswa Merapat!",0,https://www.detik.com/edu/detikpedia/d-8482723/pt-transjakarta-buka-magang-singkat-bidang-project-data-management-mahasiswa-merapat
867,Detik Edu,2026-10-05,"Alumni Pemagangan Nasional Kini Bisa Sertifikasi Kompetensi BNSP Gratis, Ini Alurnya!",1,https://www.detik.com/edu/detikpedia/d-8482713/alumni-pemagangan-nasional-kini-bisa-sertifikasi-kompetensi-bnsp-gratis-ini-alurnya
868,Detik Edu,2026-10-05,Gelombang Panas Laut Bisa Bikin Lamun 'Keracunan' Bakteri,0,https://www.detik.com/edu/detikpedia/d-8482225/gelombang-panas-laut-bisa-bikin-lamun-keracunan-bakteri
869,Detik Edu,2026-10-05,BRIN Ungkap 5 Jenis Logam Berat Ini Cemari Teluk Jakarta!,0,https://www.detik.com/edu/detikpedia/d-8482604/brin-ungkap-5-jenis-logam-berat-ini-cemari-teluk-jakarta
870,Detik Edu,2026-10-05,"Cara Cek Pencairan PIP Mei 2026, Kamu Termasuk Penerima?",1,https://www.detik.com/edu/beasiswa/d-8482221/cara-cek-pencairan-pip-mei-2026-kamu-termasuk-penerima
871,Detik Edu,2026-10-05,"10 Prodi Keketatan Terendah Jalur Mandiri S1 Unair, Jurusan Saintek dan Soshum",0,https://www.detik.com/edu/seleksi-masuk-pt/d-8482213/10-prodi-keketatan-terendah-jalur-mandiri-s1-unair-jurusan-saintek-dan-soshum
872,Detik Edu,2026-10-05,Jarang Diketahui! Ternyata Hal ini Bisa Memengaruhi Nafsu Makan Kucing,1,https://www.detik.com/edu/detikpedia/d-8482224/jarang-diketahui-ternyata-hal-ini-bisa-memengaruhi-nafsu-makan-kucing
873,Detik Edu,2026-10-05,Mengapa Makanan Bisa Terasa Hambar bagi Lansia Usia 50 ke Atas? Ini Penyebabnya,1,https://www.detik.com/edu/detikpedia/d-8482223/mengapa-makanan-bisa-terasa-hambar-bagi-lansia-usia-50-ke-atas-ini-penyebabnya
874,Detik Edu,2026-09-05,Mendikti Brian: Selaraskan Riset Perguruan Tinggi dengan Target Nasional,0,https://www.detik.com/edu/perguruan-tinggi/d-8482143/mendikti-brian-selaraskan-riset-perguruan-tinggi-dengan-target-nasional
875,Detik Edu,2026-09-05,Edukasi Pilah Sampah Dimulai dari Sekolah Dasar,0,https://www.detik.com/edu/foto/d-8481498/edukasi-pilah-sampah-dimulai-dari-sekolah-dasar
876,Detik Edu,2026-09-05,"Biaya Kuliah Jalur Mandiri Undip 2026, 'Uang Gedung' Termurah Rp 10 Juta!",0,https://www.detik.com/edu/perguruan-tinggi/d-8481988/biaya-kuliah-jalur-mandiri-undip-2026-uang-gedung-termurah-rp-10-juta
877,Detik Edu,2026-04-05,Lulus S3 di UGM Cuma 2 Tahun! Stanley Bocorkan Rahasia Selesaikan Studi Doktoralnya,0,https://www.detik.com/edu/edutainment/d-8472606/lulus-s3-di-ugm-cuma-2-tahun-stanley-bocorkan-rahasia-selesaikan-studi-doktoralnya
878,Detik Edu,2026-09-05,"Jadwal Long Weekend Pertengahan Mei 2026, Siswa Bakal Libur dari Kamis!",0,https://www.detik.com/edu/detikpedia/d-8481513/jadwal-long-weekend-pertengahan-mei-2026-siswa-bakal-libur-dari-kamis
879,Detik Edu,2026-04-05,"Rektor UII Tanda Tangan Basah Ijazah Wisudawan sejak 2018, Biar Bisa Sambil Mendoakan",0,https://www.detik.com/edu/edutainment/d-8473212/rektor-uii-tanda-tangan-basah-ijazah-wisudawan-sejak-2018-biar-bisa-sambil-mendoakan
880,Detik Edu,2026-04-05,Kampus Pertama & Terbaik Kuliah Online di Indonesia Buka Pendaftaran,0,https://www.detik.com/edu/perguruan-tinggi/d-8473237/kampus-pertama-terbaik-kuliah-online-di-indonesia-buka-pendaftaran
881,Detik Edu,2026-05-28,"Bukan Soal Pintar, Ini Alasan Kamu Gagal Interview Kerja Berkali-kali",1,https://www.detik.com/edu/edutainment/d-8508678/bukan-soal-pintar-ini-alasan-kamu-gagal-interview-kerja-berkali-kali
882,Detik Edu,2026-04-05,"UKT UIN Sunan Gunung Djati Bandung 2026 untuk Jenjang S1, Termahal Prodi Apa?",1,https://www.detik.com/edu/perguruan-tinggi/d-8472582/ukt-uin-sunan-gunung-djati-bandung-2026-untuk-jenjang-s1-termahal-prodi-apa
883,Detik Edu,2026-04-05,Ilmuwan MIT Kumpulkan Ribuan Soal Olimpiade Matematika dari 17 Bahasa dan Jawabannya,0,https://www.detik.com/edu/detikpedia/d-8472564/ilmuwan-mit-kumpulkan-ribuan-soal-olimpiade-matematika-dari-17-bahasa-dan-jawabannya
884,Detik Edu,2026-04-05,"Beasiswa Pertamina Sobat Bumi 2026 Dibuka, Cek Syarat Daftarnya!",1,https://www.detik.com/edu/beasiswa/d-8472689/beasiswa-pertamina-sobat-bumi-2026-dibuka-cek-syarat-daftarnya
885,Detik Edu,2026-04-05,"Rincian UKT Universitas Hasanuddin 2026, Berapa yang Tertinggi?",1,https://www.detik.com/edu/seleksi-masuk-pt/d-8472561/rincian-ukt-universitas-hasanuddin-2026-berapa-yang-tertinggi
886,Detik Edu,2026-04-05,"Peluang Kuliah Bebas IPI, Siswa Berprestasi Masih Bisa Daftar Seleksi Mandiri ITS FLAT",0,https://www.detik.com/edu/seleksi-masuk-pt/d-8473287/peluang-kuliah-bebas-ipi-siswa-berprestasi-masih-bisa-daftar-seleksi-mandiri-its-flat
887,Detik Edu,2026-03-05,"Cerita Jessy, Lulus dari UGM Tak sampai 3 Tahun dan Raih IPK 3,97",0,https://www.detik.com/edu/edutainment/d-8472562/cerita-jessy-lulus-dari-ugm-tak-sampai-3-tahun-dan-raih-ipk-3-97
888,Detik Edu,2026-03-05,Apakah Robot Bisa Gantikan Semua Pekerjaan Manusia? Pakar UGM Ungkap Fakta Ini,1,https://www.detik.com/edu/detikpedia/d-8472429/apakah-robot-bisa-gantikan-semua-pekerjaan-manusia-pakar-ugm-ungkap-fakta-ini
889,Detik Edu,2026-03-05,"Kemendikdasmen Perluas PJJ ke 34 Provinsi, Sasar 3.500 Anak Putus Sekolah",0,https://www.detik.com/edu/sekolah/d-8472341/kemendikdasmen-perluas-pjj-ke-34-provinsi-sasar-3-500-anak-putus-sekolah
890,Detik Edu,2026-03-05,"Setengah Hasil Riset Ilmu Sosial Ternyata Sulit Diulang, Kenapa?",1,https://www.detik.com/edu/detikpedia/d-8468658/setengah-hasil-riset-ilmu-sosial-ternyata-sulit-diulang-kenapa
891,Detik Edu,2026-04-05,Kapan Pengumuman UTBK-SNBT 2026? Jangan Lupa Unduh Sertifikat,1,https://www.detik.com/edu/seleksi-masuk-pt/d-8473255/kapan-pengumuman-utbk-snbt-2026-jangan-lupa-unduh-sertifikat
892,Detik Edu,2026-03-05,"Cerita El, Atlet Paralimpik Tunanetra yang Lulus Unesa-Dapat Beasiswa S2 dari Rektor",0,https://www.detik.com/edu/edutainment/d-8472251/cerita-el-atlet-paralimpik-tunanetra-yang-lulus-unesa-dapat-beasiswa-s2-dari-rektor
893,Detik Edu,2026-04-05,"IPB Segera Bangun Dapur MBG Mei Ini, Lokasi Dekat Kampus",0,https://www.detik.com/edu/perguruan-tinggi/d-8473981/ipb-segera-bangun-dapur-mbg-mei-ini-lokasi-dekat-kampus
894,Detik Edu,2026-03-05,"Beasiswa Calon Pelaut Pertamina 2026 Dibuka, Mahasiswa D3-D4 Daftar Yuk!",1,https://www.detik.com/edu/beasiswa/d-8472210/beasiswa-calon-pelaut-pertamina-2026-dibuka-mahasiswa-d3-d4-daftar-yuk
895,Detik Edu,2026-03-05,"Ramai Isu Penutupan Prodi, Rektor UNS: Buka-Tutup Prodi Kewenangan dari PTNBH",0,https://www.detik.com/edu/perguruan-tinggi/d-8472136/ramai-isu-penutupan-prodi-rektor-uns-buka-tutup-prodi-kewenangan-dari-ptnbh
896,Detik Edu,2026-05-05,Apakah UI Akan Ikut Membangun Dapur MBG? Ini Jawaban Rektor,1,https://www.detik.com/edu/perguruan-tinggi/d-8474660/apakah-ui-akan-ikut-membangun-dapur-mbg-ini-jawaban-rektor
897,Detik Edu,2026-03-05,"IPB Buka Dua Jalur Mandiri Sarjana Mei 2026, Simak Skema Ujian Online Terbaru",0,https://www.detik.com/edu/seleksi-masuk-pt/d-8471065/ipb-buka-dua-jalur-mandiri-sarjana-mei-2026-simak-skema-ujian-online-terbaru
898,Detik Edu,2026-03-05,Waka Komisi X DPR Tolak Wacana Hapus Prodi Keguruan: Guru Masih Kurang,0,https://www.detik.com/edu/perguruan-tinggi/d-8471731/waka-komisi-x-dpr-tolak-wacana-hapus-prodi-keguruan-guru-masih-kurang
899,Detik Edu,2026-03-05,"Tanoto Foundation Buka Kesempatan Fellowship, Dapat Tunjangan dan Peluang Jejaring",0,https://www.detik.com/edu/beasiswa/d-8468747/tanoto-foundation-buka-kesempatan-fellowship-dapat-tunjangan-dan-peluang-jejaring
900,Kompas,2026-05-18,"Kisah Hairudin, Guru yang Menyusuri 3 Sungai untuk Mengajar",0,https://edukasi.kompas.com/read/2026/05/18/162142671/kisah-hairudin-guru-yang-menyusuri-3-sungai-untuk-mengajar
901,Kompas,2026-04-16,"26 Jenis Kekerasan Seskual Bisa Terjadi di Kampus, Tak Hanya Fisik",0,https://edukasi.kompas.com/read/2026/04/16/114500671/26-jenis-kekerasan-seskual-bisa-terjadi-di-kampus-tak-hanya-fisik
902,Kompas,2026-10-04,"UB Terapkan Kuliah Kombinasi Daring-Luring Mulai 13 April, Dukung Hemat Energi",0,https://edukasi.kompas.com/read/2026/04/10/113000271/ub-terapkan-kuliah-kombinasi-daring-luring-mulai-13-april-dukung-hemat
903,Kompas,2026-05-18,Mendikdasmen Ingatkan Mulai 2027 Bahasa Inggris Jadi Mapel Wajib di SD,0,https://edukasi.kompas.com/read/2026/05/18/110500971/mendikdasmen-ingatkan-mulai-2027-bahasa-inggris-jadi-mapel-wajib-di-sd
904,Kompas,2026-11-05,Pemerintah Tegaskan Tidak Ada PHK Massal Guru Non-ASN,0,https://edukasi.kompas.com/read/2026/05/11/130437871/pemerintah-tegaskan-tidak-ada-phk-massal-guru-non-asn
905,Kompas,2026-04-29,"Hardiknas 2026: Tema, Logo, dan Susunan Upacara",0,https://edukasi.kompas.com/read/2026/04/29/155456171/hardiknas-2026-tema-logo-dan-susunan-upacara
906,Kompas,2026-04-20,"Cerita Romli Anak Petani Pernah Kesulitan Bayar UKT, Kini Jadi Wisudawan Terbaik UIN Madura",0,https://edukasi.kompas.com/read/2026/04/20/105507971/cerita-romli-anak-petani-pernah-kesulitan-bayar-ukt-kini-jadi-wisudawan
907,Kompas,2026-10-04,"Seleksi Bibit Unggul UGM 2026 Segera Buka, Sasar Siswa Berprestasi dan Kurang Mampu",0,https://edukasi.kompas.com/read/2026/04/10/141500071/seleksi-bibit-unggul-ugm-2026-segera-buka-sasar-siswa-berprestasi-dan-kurang
908,Kompas,2026-05-20,Cek 17 Jurusan Kuliah Dibutuhkan 10 Tahun ke Depan,0,https://edukasi.kompas.com/read/2026/05/20/111045671/cek-17-jurusan-kuliah-dibutuhkan-10-tahun-ke-depan
909,Kompas,2026-05-05,20 Universitas Paling Berprestasi di Indonesia Versi SIMT,0,https://edukasi.kompas.com/read/2026/05/05/133000371/20-universitas-paling-berprestasi-di-indonesia-versi-simt
910,Kompas,2026-04-23,Unhas Pastikan Tak Ada Kenaikan UKT Mahasiswa Baru 2026,0,https://edukasi.kompas.com/read/2026/04/23/074117271/unhas-pastikan-tak-ada-kenaikan-ukt-mahasiswa-baru-2026
911,Kompas,2026-10-04,"Kenal Huruf dan Angka di Sawah, Kasiati Tembus Unesa lewat SNBP 2026 Usia 15 Tahun",0,https://edukasi.kompas.com/read/2026/04/10/130543271/kenal-huruf-dan-angka-di-sawah-kasiati-tembus-unesa-lewat-snbp-2026-usia-15
912,Kompas,2026-06-06,"4 Beasiswa Doktor LPDP Skema Co-Funding ke China hingga Perancis, Cek Syaratnya",1,https://edukasi.kompas.com/read/2026/06/06/084344571/4-beasiswa-doktor-lpdp-skema-co-funding-ke-china-hingga-perancis-cek
913,Kompas,2026-05-17,Intip Biaya Kuliah UMM 2026 untuk Semua Jurusan S1,0,https://edukasi.kompas.com/read/2026/05/17/161500671/intip-biaya-kuliah-umm-2026-untuk-semua-jurusan-s1
914,Kompas,2026-07-05,Mendikdasmen Ungkap Alasan Istilah Guru Honorer Tak Digunakan di 2027,0,https://edukasi.kompas.com/read/2026/05/07/111504071/mendikdasmen-ungkap-alasan-istilah-guru-honorer-tak-digunakan-di-2027
915,Kompas,2026-06-05,"Tolak Kampus Jadi Dapur MBG, Presma BEM IPB ke Ketua BGN: Jangan Terlalu Memaksa Pak",0,https://edukasi.kompas.com/read/2026/05/06/163206671/tolak-kampus-jadi-dapur-mbg-presma-bem-ipb-ke-ketua-bgn-jangan-terlalu
916,Kompas,2026-04-26,"Cerita Wafi, Kuliah Sambil Jadi Marbot Masjid Kini Raih Wisudawan Terbaik UIN Antasari",0,https://edukasi.kompas.com/read/2026/04/26/080500371/cerita-wafi-kuliah-sambil-jadi-marbot-masjid-kini-raih-wisudawan-terbaik-uin
917,Kompas,2026-09-04,Serba-serbi Pelaksanaan TKA SMP 2026: Soal Susah dan Waktu Kurang,0,https://edukasi.kompas.com/read/2026/04/09/141514871/serba-serbi-pelaksanaan-tka-smp-2026-soal-susah-dan-waktu-kurang
918,Kompas,2026-10-04,"Jadwal SPMB 2026 Jawa Timur SMA-SMK, Ada yang Dibuka 11 Juni",0,https://edukasi.kompas.com/read/2026/04/10/162034571/jadwal-spmb-2026-jawa-timur-sma-smk-ada-yang-dibuka-11-juni
919,Kompas,2026-09-04,"Unpad WFH Tiap Jumat, Kelas Praktikum Tetap Kuliah Tatap Muka",0,https://edukasi.kompas.com/read/2026/04/09/110000371/unpad-wfh-tiap-jumat-kelas-praktikum-tetap-kuliah-tatap-muka
920,Kompas,2026-05-31,"99 Siswa MAN IC Lolos SNBT 2026, Diterima di ITB, UI, UGM hingga ITS",0,https://edukasi.kompas.com/read/2026/05/31/082500971/99-siswa-man-ic-lolos-snbt-2026-diterima-di-itb-ui-ugm-hingga-its
921,Kompas,2026-07-05,Pemerintah Lakukan Tata Kelola untuk Penuhi Kebutuhan Guru,0,https://edukasi.kompas.com/read/2026/05/07/114647971/pemerintah-lakukan-tata-kelola-untuk-penuhi-kebutuhan-guru
922,Kompas,2026-07-05,SMMPTN Barat 2026: Cek Prodi dan Daya Tampung Universitas Sriwijaya,1,https://edukasi.kompas.com/read/2026/05/07/160244471/smmptn-barat-2026-cek-prodi-dan-daya-tampung-universitas-sriwijaya
923,Kompas,2026-05-13,Pemerintah Didesak Segera Lakukan Redistribusi dan Pengangkatan Guru,0,https://edukasi.kompas.com/read/2026/05/13/194000571/pemerintah-didesak-segera-lakukan-redistribusi-dan-pengangkatan-guru
924,Kompas,2026-04-14,KemenPPPA Janji Kawal Penanganan Kasus Pelecehan Seksual oleh Mahasiswa FH UI,0,https://edukasi.kompas.com/read/2026/04/14/195905171/kemenpppa-janji-kawal-penanganan-kasus-pelecehan-seksual-oleh-mahasiswa-fh
925,Kompas,2026-04-26,"Biaya Kuliah Jurusan Kedokteran di UWKS Ubaya, Universitas Petra dan UMM",0,https://edukasi.kompas.com/read/2026/04/26/190200471/biaya-kuliah-jurusan-kedokteran-di-uwks-ubaya-universitas-petra-dan-umm
926,Kompas,2026-08-04,UMM Gagas Beasiswa Khusus Aktivis Kampus,0,https://edukasi.kompas.com/read/2026/04/08/105500371/umm-gagas-beasiswa-khusus-aktivis-kampus-
927,Kompas,2026-05-18,Universitas Brawijaya Terapkan CFD Tiap Hari Jumat untuk Hemat Energi,0,https://edukasi.kompas.com/read/2026/05/18/114623571/universitas-brawijaya-terapkan-cfd-tiap-hari-jumat-untuk-hemat-energi
928,Kompas,2026-10-04,Dosen UMM Tembus Jajaran 100 Akademisi Terbaik Dunia,0,https://edukasi.kompas.com/read/2026/04/10/134347071/dosen-umm-tembus-jajaran-100-akademisi-terbaik-dunia
929,Kompas,2026-05-13,Apakah Semua Guru Akan Jadi PNS di 2027? Ini Kata Kemendikdasmen,1,https://edukasi.kompas.com/read/2026/05/13/094500171/apakah-semua-guru-akan-jadi-pns-di-2027-ini-kata-kemendikdasmen
930,Kompas,2026-04-13,"Sosok Taqi, Asdos 13 Matkul Selama Kuliah di UB, Tetap Jadi Lulusan Terbaik FMIPA",0,https://edukasi.kompas.com/read/2026/04/13/190100171/sosok-taqi-asdos-13-matkul-selama-kuliah-di-ub-tetap-jadi-lulusan-terbaik
931,Kompas,2026-04-14,"DKI Jakarta Gratiskan 103 Sekolah Swasta, Ini Daftarnya",1,https://edukasi.kompas.com/read/2026/04/14/094500071/dki-jakarta-gratiskan-103-sekolah-swasta-ini-daftarnya
932,Kompas,2026-08-04,Jenis-jenis Pelanggaran TKA SMP 2026 Live Streaming hingga Merokok,0,https://edukasi.kompas.com/read/2026/04/08/191740271/jenis-jenis-pelanggaran-tka-smp-2026-live-streaming-hingga-merokok
933,Kompas,2026-10-05,"Universitas Swasta Terbaik di Jogja, Semarang dan Surabaya Versi Edurank 2026",0,https://edukasi.kompas.com/read/2026/05/10/152926671/universitas-swasta-terbaik-di-jogja-semarang-dan-surabaya-versi-edurank-2026
934,Kompas,2026-04-20,Kisah Amelia Masinis Perempuan Pertama MRT Jakarta yang Raih Beasiswa LPDP,0,https://edukasi.kompas.com/read/2026/04/20/102500371/kisah-amelia-masinis-perempuan-pertama-mrt-jakarta-yang-raih-beasiswa-lpdp
935,Kompas,2026-12-05,"Jalur Mandiri 2026 Sekolah Kedinasan Kemenhub PTDI Bekasi, Cek Jurusan dan Cara Daftarnya",1,https://edukasi.kompas.com/read/2026/05/12/091500071/jalur-mandiri-2026-sekolah-kedinasan-kemenhub-ptdi-bekasi-cek-jurusan-dan
936,Kompas,2026-10-05,Cek Daya Tampung SPMB 2026 Jenjang SD hingga SMA,0,https://edukasi.kompas.com/read/2026/05/10/101500371/cek-daya-tampung-spmb-2026-jenjang-sd-hingga-sma
937,Kompas,2026-04-17,"Pra-SPMB SMA-SMK Banten 2026 Segera Mulai, Cek Jadwalnya",1,https://edukasi.kompas.com/read/2026/04/17/080200471/pra-spmb-sma-smk-banten-2026-segera-mulai-cek-jadwalnya
938,Kompas,2026-05-13,"Menagih Kesadaran di Ruang Kelas dan Tantangan ""Schooling without Learning""",0,https://edukasi.kompas.com/read/2026/05/13/150542571/menagih-kesadaran-di-ruang-kelas-dan-tantangan-schooling-without-learning
939,Kompas,2026-09-04,"Kemenag: 1,7 Juta Siswa MI dan MTS Ikut TKA 2026",0,https://edukasi.kompas.com/read/2026/04/09/103000571/kemenag-17-juta-siswa-mi-dan-mts-ikut-tka-2026
940,Kompas,2026-04-05,"Jawab Kebutuhan Belajar Era Digital, PTN Berbasis Kuliah Online Ini Resmi Buka Pendaftaran",1,https://edukasi.kompas.com/read/2026/05/04/111030371/jawab-kebutuhan-belajar-era-digital-ptn-berbasis-kuliah-online-ini-resmi
941,Kompas,2026-05-19,"Nilai Matematika TKA 2026 Rendah, Perlu Ada Pembenahan Pembelajaran",0,https://edukasi.kompas.com/read/2026/05/19/094028571/nilai-matematika-tka-2026-rendah-perlu-ada-pembenahan-pembelajaran
942,Kompas,2026-05-22,"H-3 Pengumuman UTBK SNBT 2026, Perhatikan Cara Unduh Sertifikat",0,https://edukasi.kompas.com/read/2026/05/22/103055171/h-3-pengumuman-utbk-snbt-2026-perhatikan-cara-unduh-sertifikat
943,Kompas,2026-08-04,"Siswa Keluhkan Waktu Pengerjaan TKA SMP 2026 Kurang, Ini Respons Kemendikdasmen",1,https://edukasi.kompas.com/read/2026/04/08/184500571/siswa-keluhkan-waktu-pengerjaan-tka-smp-2026-kurang-ini-respons
944,Kompas,2026-05-26,Rerata Nilai TKA SD SMP 2026: Bahasa Indonesia 60 dan Matematika 40,0,https://edukasi.kompas.com/read/2026/05/26/165058271/rerata-nilai-tka-sd-smp-2026-bahasa-indonesia-60-dan-matematika-40
945,Kompas,2026-04-13,"Beasiswa Kemitraan LPDP 2026, Kuliah S2 di Irlandia Hanya 12 Bulan",0,https://edukasi.kompas.com/read/2026/04/13/083000971/beasiswa-kemitraan-lpdp-2026-kuliah-s2-di-irlandia-hanya-12-bulan
946,Kompas,2026-05-31,"Kemendikdasmen Minta Anak SMK Tak Minder, Banyak Peluang Kerja ke Luar Negeri",0,https://edukasi.kompas.com/read/2026/05/31/113000671/kemendikdasmen-minta-anak-smk-tak-minder-banyak-peluang-kerja-ke-luar-negeri
947,Kompas,2026-08-04,"Jadwal dan Syarat Seleksi Mandiri Unair 2026, Jalur Prestasi Sudah Buka",0,https://edukasi.kompas.com/read/2026/04/08/114500571/jadwal-dan-syarat-seleksi-mandiri-unair-2026-jalur-prestasi-sudah-buka
948,Kompas,2026-04-05,Kemendikdasmen: Partisipasi TKA SD Sederajat Capai 98 Persen,0,https://edukasi.kompas.com/read/2026/05/04/174500571/kemendikdasmen--partisipasi-tka-sd-sederajat-capai-98-persen
949,Kompas,2026-04-05,"Sosok Valzan, Siswa MAN IC Pekalongan Raih 24 LoA Kampus Luar Negeri dan Dapat Hadiah Laptop dari Menag",0,https://edukasi.kompas.com/read/2026/05/04/180000071/sosok-valzan-siswa-man-ic-pekalongan-raih-24-loa-kampus-luar-negeri-dan
950,Kompas,2026-07-04,"Pendaftaran KIP Kuliah Jalur UTBK SNBT 2026 Tutup Hari Ini, Cek Syaratnya",1,https://edukasi.kompas.com/read/2026/04/07/140000671/pendaftaran-kip-kuliah-jalur-utbk-snbt-2026-tutup-hari-ini-cek-syaratnya
951,Kompas,2026-12-04,"5 Tips Lolos UTBK SNBT 2026 dari Unnes, Fokus dan Disiplin Latihan Soal",0,https://edukasi.kompas.com/read/2026/04/12/065441371/5-tips-lolos-utbk-snbt-2026-dari-unnes-fokus-dan-disiplin-latihan-soal
952,Kompas,2026-12-05,"Bangun Ekosistem Bisnis Berkelanjutan, Stanford Seed Tawarkan Beasiswa untuk Pengusaha Indonesia",0,https://edukasi.kompas.com/read/2026/05/12/172321371/bangun-ekosistem-bisnis-berkelanjutan-stanford-seed-tawarkan-beasiswa-untuk
953,Kompas,2026-05-19,"Ini 43 Link Pengumuman SNBT 2026, Dibuka Jam 15.00 WIB",0,https://edukasi.kompas.com/read/2026/05/19/184151271/ini-43-link-pengumuman-snbt-2026-dibuka-jam-1500-wib
954,Kompas,2026-08-04,Berapa Nilai UTBK SNBT 2026 Masuk IPB University?,1,https://edukasi.kompas.com/read/2026/04/08/172727471/berapa-nilai-utbk-snbt-2026-masuk-ipb-university
955,Kompas,2026-05-31,"Undip Buka Apotek Pendidikan, Bisa Layani Masyarakat Sekaligus Tempat Belajar Apoteker",0,https://edukasi.kompas.com/read/2026/05/31/080500971/undip-buka-apotek-pendidikan-bisa-layani-masyarakat-sekaligus-tempat-belajar
956,Kompas,2026-04-20,5 Beasiswa LPDP Co-Funding 2026 Tanpa Seleksi Bakat Skolastik,0,https://edukasi.kompas.com/read/2026/04/20/164653071/5-beasiswa-lpdp-co-funding-2026-tanpa-seleksi-bakat-skolastik
957,Kompas,2026-10-05,Bagaimana Skoring Pembobotan TKA di SPMB 2026? Ini Jawabannya,1,https://edukasi.kompas.com/read/2026/05/10/131638971/bagaimana-skoring-pembobotan-tka-di-spmb-2026-ini-jawabannya
958,Kompas,2026-05-28,SPMB Jatim 2026: Jadwal Lengkap Mulai Prapendaftaran dan Pendaftaran,1,https://edukasi.kompas.com/read/2026/05/28/110140071/spmb-jatim-2026-jadwal-lengkap-mulai-prapendaftaran-dan-pendaftaran
959,Kompas,2026-10-04,"SPMB 2026 Jatim SMP-SMA Pakai Nilai TKA Semua Jalur, Ini Bobotnya",1,https://edukasi.kompas.com/read/2026/04/10/133000471/spmb-2026-jatim-smp-sma-pakai-nilai-tka-semua-jalur-ini-bobotnya
960,Kompas,2026-04-15,16 Mahasiswa FH UI Terduga Pelaku Pelecehan Diharapkan Bisa Drop Out,0,https://edukasi.kompas.com/read/2026/04/15/165000571/16-mahasiswa-fh-ui-terduga-pelaku-pelecehan-diharapkan-bisa-drop-out
961,Kompas,2026-10-04,"30 Tahun SIS Group of Schools, Perkuat Jejak Global dan Luncurkan SIS North East Jakarta",0,https://edukasi.kompas.com/read/2026/04/10/202011471/30-tahun-sis-group-of-schools-perkuat-jejak-global-dan-luncurkan-sis-north
962,Kompas,2026-04-21,Mendikdasmen: Indonesia Kekurangan Guru Kompetensi Inklusi,0,https://edukasi.kompas.com/read/2026/04/21/101500271/mendikdasmen--indonesia-kekurangan-guru-kompetensi-inklusi
963,Kompas,2026-05-19,"Jadwal Lengkap SPMB DKI Jakarta 2026 Jenjang SD, SMP, SMA-SMK",0,https://edukasi.kompas.com/read/2026/05/19/100052571/jadwal-lengkap-spmb-dki-jakarta-2026-jenjang-sd-smp-sma-smk
964,Kompas,2026-05-13,Ingin Masuk Jurusan Kedokteran atau Seni? Kenali Tes A-Level dan IGCSE,0,https://edukasi.kompas.com/read/2026/05/13/110553371/ingin-masuk-jurusan-kedokteran-atau-seni-kenali-tes-a-level-dan-igcse
965,Kompas,2026-04-21,Pemerintah Minta Hasil TKA Tidak Dinilai Jadi Kegagalan,0,https://edukasi.kompas.com/read/2026/04/21/102000371/pemerintah-minta-hasil-tka-tidak-dinilai-jadi-kegagalan
966,Kompas,2026-04-15,"Unair Buka Seleksi Mandiri Prestasi 2026, Siswa Eligible SNBP Bisa Daftar",0,https://edukasi.kompas.com/read/2026/04/15/125500971/unair-buka-seleksi-mandiri-prestasi-2026-siswa-eligible-snbp-bisa-daftar
967,Kompas,2026-05-26,"Jurusan Terketat UPN Jogja di UTBK SNBT 2026, Cek Juga Jadwal Jalur Mandiri",1,https://edukasi.kompas.com/read/2026/05/26/091500571/jurusan-terketat-upn-jogja-di-utbk-snbt-2026-cek-juga-jadwal-jalur-mandiri
968,Kompas,2026-04-05,29 Sekolah Kedinasan Tanpa Syarat Nilai UTBK Jaminan Lulus Jadi CPNS,0,https://edukasi.kompas.com/read/2026/05/04/141948971/29-sekolah-kedinasan-tanpa-syarat-nilai-utbk-jaminan-lulus-jadi-cpns
969,Kompas,2026-05-28,"Cara Ambil PIN SPMB Jatim 2026, Hanya buat 3 Calon Murid Ini",1,https://edukasi.kompas.com/read/2026/05/28/134225671/cara-ambil-pin-spmb-jatim-2026-hanya-buat-3-calon-murid-ini
970,Kompas,2026-05-05,"Cerita Pato, Usia 18 Tahun Lulus S1 Fisika Undip, Dulu Viral Hampir Tak Ikut UN",0,https://edukasi.kompas.com/read/2026/05/05/190000771/cerita-pato-usia-18-tahun-lulus-s1-fisika-undip-dulu-viral-hampir-tak-ikut
971,Kompas,2026-05-14,Pemerintah Cabut Izin Pesantren yang Ada Kasus Kekerasan Seksual,0,https://edukasi.kompas.com/read/2026/05/14/190626071/pemerintah-cabut-izin-pesantren-yang-ada-kasus-kekerasan-seksual
972,Kompas,2026-05-31,"Nilai Rata-rata TKA SD SMP 2026 Sekolah Negeri-Swasta, Mana Tertinggi?",1,https://edukasi.kompas.com/read/2026/05/31/110425271/nilai-rata-rata-tka-sd-smp-2026-sekolah-negeri-swasta-mana-tertinggi
973,Kompas,2026-10-04,"Tingkatkan Literasi-Numerasi Siswa, Kemendikdasmen Jalin Kolaborasi Multipihak",0,https://edukasi.kompas.com/read/2026/04/10/121050371/tingkatkan-literasi-numerasi-siswa-kemendikdasmen-jalin-kolaborasi
974,Kompas,2026-04-29,"Sekolah Kedinasan Pertanahan, Cek Jurusan dan Syarat Daftarnya",1,https://edukasi.kompas.com/read/2026/04/29/084533871/sekolah-kedinasan-pertanahan-cek-jurusan-dan-syarat-daftarnya
975,Kompas,2026-05-20,"Beasiswa Guru Unpad 2026 Masih Buka, Kuliah S2 Gratis",0,https://edukasi.kompas.com/read/2026/05/20/121000371/beasiswa-guru-unpad-2026-masih-buka-kuliah-s2-gratis
976,Kompas,2026-05-05,Kapan Siswa SD dan SMP Bisa Dapat Sertifikat Hasil TKA 2026?,1,https://edukasi.kompas.com/read/2026/05/05/091500771/kapan-siswa-sd-dan-smp-bisa-dapat-sertifikat-hasil-tka-2026
977,Kompas,2026-05-31,9 Alasan Perhimpunan Guru Tolak Bahasa Perancis Jadi Pelajaran Wajib,0,https://edukasi.kompas.com/read/2026/05/31/123000571/9-alasan-perhimpunan-guru-tolak-bahasa-perancis-jadi-pelajaran-wajib
978,Kompas,2026-12-04,"PPDS Unsrat 2026 Dibuka Tanggal 15 April, Ini Syarat, Jadwal dan Kuota Per Prodi",1,https://edukasi.kompas.com/read/2026/04/12/185934771/ppds-unsrat-2026-dibuka-tanggal-15-april-ini-syarat-jadwal-dan-kuota-per
979,Kompas,2026-05-18,"Prapendaftaran SPMB DKI Jakarta 2026 Dibuka Besok, Ini Cara Daftarnya",1,https://edukasi.kompas.com/read/2026/05/18/185000671/prapendaftaran-spmb-dki-jakarta-2026-dibuka-besok-ini-cara-daftarnya
980,Kompas,2026-10-04,Kisah Arif Disabilitas Netra Dulu Ditolak 2 SD Kini Berhasil Jadi Awardee LPDP,0,https://edukasi.kompas.com/read/2026/04/10/190000071/kisah-arif-disabilitas-netra-dulu-ditolak-2-sd-kini-berhasil-jadi-awardee
981,Kompas,2026-05-26,"Cara Cek Nilai TKA SD SMP 2026, Siswa dan Orangtua Harus Tahu",1,https://edukasi.kompas.com/read/2026/05/26/161200071/cara-cek-nilai-tka-sd-smp-2026-siswa-dan-orangtua-harus-tahu
982,Kompas,2026-08-04,"Beasiswa LPDP-IE University 2026, Kuliah S2 di Spanyol Fokus Bidang Teknologi dan Hukum",0,https://edukasi.kompas.com/read/2026/04/08/121000771/beasiswa-lpdp-ie-university-2026-kuliah-s2-di-spanyol-fokus-bidang-teknologi
983,Kompas,2026-07-05,Kemendikdasmen Tegaskan Guru Non-ASN Masih Bisa Mengajar di 2027,0,https://edukasi.kompas.com/read/2026/05/07/191500871/kemendikdasmen-tegaskan-guru-non-asn-masih-bisa-mengajar-di-2027
984,Kompas,2026-04-21,Federasi Guru Soroti Sanksi Siswa SMAN 1 Purwakarta yang Olok-olok Guru,0,https://edukasi.kompas.com/read/2026/04/21/153800271/federasi-guru-soroti-sanksi-siswa-sman-1-purwakarta-yang-olok-olok-guru
985,Kompas,2026-12-05,Kemendikdasmen: Pemerintah Masih Godok Skema Seleksi Guru ASN,0,https://edukasi.kompas.com/read/2026/05/12/084741471/kemendikdasmen-pemerintah-masih-godok-skema-seleksi-guru-asn
986,Kompas,2026-04-27,"Pendaftaran Jalur SSU ITB 2026 Diperpanjang, Cek Jadwal Terbaru dan Biaya Kuliah",1,https://edukasi.kompas.com/read/2026/04/27/081658771/pendaftaran-jalur-ssu-itb-2026-diperpanjang-cek-jadwal-terbaru-dan-biaya
987,Kompas,2026-04-15,"Pendaftaran S2-S3 dan Profesi 2026 di Unud Dibuka, Cek Prodi dan Biaya",1,https://edukasi.kompas.com/read/2026/04/15/124000071/pendaftaran-s2-s3-dan-profesi-2026-di-unud-dibuka-cek-prodi-dan-biaya
988,Kompas,2026-11-04,"Dulu Ditolak 2 SD dan Tak Les TOEFL, Kini Arif Sukses Lolos LPDP",0,https://edukasi.kompas.com/read/2026/04/11/150000271/dulu-ditolak-2-sd-dan-tak-les-toefl-kini-arif-sukses-lolos-lpdp
989,Kompas,2026-05-19,Seberapa Ketat Persaingan Masuk Vokasi UI? Cek Prodi yang Tersedia,1,https://edukasi.kompas.com/read/2026/05/19/103629071/seberapa-ketat-persaingan-masuk-vokasi-ui-cek-prodi-yang-tersedia
990,Kompas,2026-06-06,"Cek Jurusan, Syarat dan Jadwal Pendaftaran Politeknik Agraria STPN 2026",0,https://edukasi.kompas.com/read/2026/06/06/133619671/cek-jurusan-syarat-dan-jadwal-pendaftaran-politeknik-agraria-stpn-2026
991,Kompas,2026-09-04,"Cerita Haifa, Murid MAN 1 Yogya Lolos SPAN PTKIN 2026 Usai Lepas Peluang Daftar SNBP",0,https://edukasi.kompas.com/read/2026/04/09/114556471/cerita-haifa-murid-man-1-yogya-lolos-span-ptkin-2026-usai-lepas-peluang
992,Kompas,2026-10-05,SPMB 2026: Peluang Siswa Kurang Mampu Masuk Sekolah Impian Capai 90 Persen,0,https://edukasi.kompas.com/read/2026/05/10/143000771/spmb-2026--peluang-siswa-kurang-mampu-masuk-sekolah-impian-capai-90-persen
993,Kompas,2026-05-05,"Cerita Valzan, Siswa MAN IC Pekalongan Dapat 24 LoA Kampus Luar Negeri",0,https://edukasi.kompas.com/read/2026/05/05/094500571/cerita-valzan-siswa-man-ic-pekalongan-dapat-24-loa-kampus-luar-negeri
994,Kompas,2026-05-28,"Jadwal SPMB Jabar 2026 dan Kuota, Ada Tahap Pemetaan Siswa Mulai Besok",0,https://edukasi.kompas.com/read/2026/05/28/172746171/jadwal-spmb-jabar-2026-dan-kuota-ada-tahap-pemetaan-siswa-mulai-besok
995,Kompas,2026-06-05,"Penyaluran PIP Rawan Kebocoran, Platform JIP Diluncurkan untuk Laporkan Pelanggaran",0,https://edukasi.kompas.com/read/2026/05/06/201834671/penyaluran-pip-rawan-kebocoran-platform-jip-diluncurkan-untuk-laporkan
996,Kompas,2026-05-25,"Erina Gudono Lulus S2 dari University of Pennsylvania IPK 4,00, Ini Profilnya",0,https://edukasi.kompas.com/read/2026/05/25/181936071/erina-gudono-lulus-s2-dari-university-of-pennsylvania-ipk-400-ini-profilnya
997,Kompas,2026-05-16,"Nama Prodi Teknik Jadi Rekayasa, Komisi X DPR: Kualitas Harus Ditingkatkan",0,https://edukasi.kompas.com/read/2026/05/16/135145971/nama-prodi-teknik-jadi-rekayasa-komisi-x-dpr-kualitas-harus-ditingkatkan
998,Kompas,2026-02-05,"Kebocoran Arus Listrik, Bahaya Senyap yang Perlu Dicegah di Sekolah",0,https://edukasi.kompas.com/read/2026/05/02/194120571/kebocoran-arus-listrik-bahaya-senyap-yang-perlu-dicegah-di-sekolah
999,Kompas,2026-12-04,Cerita Putri Siswi MAN 2 Kebumen yang Diterima di 3 Kampus China,0,https://edukasi.kompas.com/read/2026/04/12/101811871/cerita-putri-siswi-man-2-kebumen-yang-diterima-di-3-kampus-china
1000,Kompas,2026-10-05,"Beasiswa SCG 2026 untuk SMA-S1, Ada Uang Rp 2 hingga Rp 8 Juta Per Tahun",0,https://edukasi.kompas.com/read/2026/05/10/141929171/beasiswa-scg-2026-untuk-sma-s1-ada-uang-rp-2-hingga-rp-8-juta-per-tahun