id,source,date,title,Label,url
1,CNN Indonesia,2026-06-06,Karantina Lampung Gagalkan Penyelundupan 172 Burung Ilegal,0,https://www.cnnindonesia.com/nasional/20260606150717-20-1366112/karantina-lampung-gagalkan-penyelundupan-172-burung-ilegal
2,CNN Indonesia,2026-06-06,"KY Terima 592 Aduan Pelanggaran Etik Hakim, Lima Diberhentikan",0,https://www.cnnindonesia.com/nasional/20260606181016-12-1366168/ky-terima-592-aduan-pelanggaran-etik-hakim-lima-diberhentikan
3,CNN Indonesia,2026-06-06,"Jelang Muktamar, PBNU Gelar Munas dan Konbes NU di Kediri 20-21 Juni",0,https://www.cnnindonesia.com/nasional/20260606144140-20-1366095/jelang-muktamar-pbnu-gelar-munas-dan-konbes-nu-di-kediri-20-21-juni
4,CNN Indonesia,2026-06-06,Kakorlantas: Operasi Patuh Utamakan Pendekatan Humanis Namun Tegas,0,https://www.cnnindonesia.com/nasional/20260606224326-20-1366209/kakorlantas-operasi-patuh-utamakan-pendekatan-humanis-namun-tegas
5,CNN Indonesia,2026-06-06,"Polisi Bongkar Kasus Etomidate di Jakut, Sita 276 Catridge Vape",0,https://www.cnnindonesia.com/nasional/20260606143727-12-1366098/polisi-bongkar-kasus-etomidate-di-jakut-sita-276-catridge-vape
6,CNN Indonesia,2026-06-06,Fakta-fakta Rumah Fia di Sleman yang Dilanda Teror Api Misterius,1,https://www.cnnindonesia.com/nasional/20260606202730-20-1366201/fakta-fakta-rumah-fia-di-sleman-yang-dilanda-teror-api-misterius
7,CNN Indonesia,2026-06-06,Yellow Run 2026 Bidik Pecahkan Rekor Lari Nasional di GBK,0,https://www.cnnindonesia.com/nasional/20260606203746-20-1366202/yellow-run-2026-bidik-pecahkan-rekor-lari-nasional-di-gbk
8,CNN Indonesia,2026-06-06,Sejumlah Nama Masuk Bursa Calon Ketum PBNU,1,https://www.cnnindonesia.com/nasional/20260606192401-20-1366182/sejumlah-nama-masuk-bursa-calon-ketum-pbnu
9,CNN Indonesia,2026-06-06,Dua Pria di Jakbar Gasak Motor Teman Demi Bayar Kos,0,https://www.cnnindonesia.com/nasional/20260606191110-12-1366179/dua-pria-di-jakbar-gasak-motor-teman-demi-bayar-kos
10,CNN Indonesia,2026-06-06,Blora Masuk Zona Aman LSD dan LP2B,0,https://www.cnnindonesia.com/nasional/20260606200528-20-1366198/blora-masuk-zona-aman-lsd-dan-lp2b
11,CNN Indonesia,2026-06-06,Cucu Pendiri NU Wanti-wanti Muktamar PBNU Harus Independen,0,https://www.cnnindonesia.com/nasional/20260606195130-32-1366197/cucu-pendiri-nu-wanti-wanti-muktamar-pbnu-harus-independen
12,CNN Indonesia,2026-06-06,Mahfud MD Dukung Pengungkapan Korupsi BGN oleh Kejagung,0,https://www.cnnindonesia.com/nasional/20260606165459-12-1366152/mahfud-md-dukung-pengungkapan-korupsi-bgn-oleh-kejagung
13,CNN Indonesia,2026-06-06,Evakuasi Pendaki Ilegal Semeru Rampung Usai 4 Hari Penyelamatan,0,https://www.cnnindonesia.com/nasional/20260606180113-20-1366165/evakuasi-pendaki-ilegal-semeru-rampung-usai-4-hari-penyelamatan
14,CNN Indonesia,2026-06-06,"KemenPU Rampungkan 222 SPPG di Seluruh Indonesia, Termasuk Wilayah 3T",0,https://www.cnnindonesia.com/nasional/20260606183712-25-1366170/kemenpu-rampungkan-222-sppg-di-seluruh-indonesia-termasuk-wilayah-3t
15,CNN Indonesia,2026-06-06,Dishub Siapkan Rekayasa Lalin Saat Yellow Run di Jakarta,0,https://www.cnnindonesia.com/nasional/20260606152210-20-1366117/dishub-siapkan-rekayasa-lalin-saat-yellow-run-di-jakarta
16,CNN Indonesia,2026-06-06,MAKI Sebut Modus Korupsi MBG Amatiran: Mainkan Harga dan Atur Tender,0,https://www.cnnindonesia.com/nasional/20260606165607-12-1366153/maki-sebut-modus-korupsi-mbg-amatiran-mainkan-harga-dan-atur-tender
17,CNN Indonesia,2026-06-06,"Terminal 2 Bandara Soetta Berasap, Manajemen Buka Suara",1,https://www.cnnindonesia.com/nasional/20260606164321-20-1366134/terminal-2-bandara-soetta-berasap-manajemen-buka-suara
18,CNN Indonesia,2026-06-06,"Beban Subsidi Tinggi, Pramono Akan Sesuaikan Tarif Transjabodetabek",0,https://www.cnnindonesia.com/nasional/20260606150649-20-1366114/beban-subsidi-tinggi-pramono-akan-sesuaikan-tarif-transjabodetabek
19,CNN Indonesia,2026-06-06,Remaja Dikeroyok Teman hingga Tewas di Surabaya Gara-gara Sandal,1,https://www.cnnindonesia.com/nasional/20260606154907-12-1366129/remaja-dikeroyok-teman-hingga-tewas-di-surabaya-gara-gara-sandal
20,CNN Indonesia,2026-06-06,Makeup Corner Asrama Haji Makassar untuk Hajah Ingin Tampil 'Cetar',1,https://www.cnnindonesia.com/nasional/20260606133926-20-1366068/makeup-corner-asrama-haji-makassar-untuk-hajah-ingin-tampil-cetar
21,CNN Indonesia,2026-06-06,"Pria di Tangerang Disekap 17 Jam karena Utang, Tangan-Kaki Diikat",0,https://www.cnnindonesia.com/nasional/20260606131756-12-1366064/pria-di-tangerang-disekap-17-jam-karena-utang-tangan-kaki-diikat
22,CNN Indonesia,2026-06-06,LPSK Jamin Lindungi JC di Kasus Dadan Cs dan Silmy Karim,0,https://www.cnnindonesia.com/nasional/20260606130627-12-1366062/lpsk-jamin-lindungi-jc-di-kasus-dadan-cs-dan-silmy-karim
23,CNN Indonesia,2026-06-06,"Pabrik Pengolahan Ikan di Pati Terbakar, 70 Persen Bangunan Hangus",0,https://www.cnnindonesia.com/nasional/20260606124831-20-1366059/pabrik-pengolahan-ikan-di-pati-terbakar-70-persen-bangunan-hangus
24,CNN Indonesia,2026-06-06,"Silmy Karim Tersangka, Istana Belum Berencana Isi Wamen Imipas",0,https://www.cnnindonesia.com/nasional/20260606105500-20-1366024/silmy-karim-tersangka-istana-belum-berencana-isi-wamen-imipas
25,CNN Indonesia,2026-06-05,"BPOM Ungkap 263 Ribu Link Kosmetik Ilegal, Mayoritas Ada di E-Commerce",0,https://www.cnnindonesia.com/nasional/20260605224409-12-1365966/bpom-ungkap-263-ribu-link-kosmetik-ilegal-mayoritas-ada-di-e-commerce
26,CNN Indonesia,2026-06-06,Daftar Kendaraan Mewah Disita KPK dari Rumah Silmy Karim,0,https://www.cnnindonesia.com/nasional/20260606093124-12-1366007/daftar-kendaraan-mewah-disita-kpk-dari-rumah-silmy-karim
27,CNN Indonesia,2026-06-06,Transjakarta Ubah Koridor 13 Jadi Arena Ajang Lari 12 Juli,0,https://www.cnnindonesia.com/nasional/20260606092236-20-1366006/transjakarta-ubah-koridor-13-jadi-arena-ajang-lari-12-juli
28,CNN Indonesia,2026-06-06,Fakta-fakta Penggeledahan Rumah Silmy Karim: Mobil Mewah Diangkut,1,https://www.cnnindonesia.com/nasional/20260606080522-12-1365998/fakta-fakta-penggeledahan-rumah-silmy-karim-mobil-mewah-diangkut
29,CNN Indonesia,2026-06-05,Janji Sony Sonjaya Bakal 'Nyanyi' di Kasus Korupsi MBG,0,https://www.cnnindonesia.com/nasional/20260605192132-12-1365913/janji-sony-sonjaya-bakal-nyanyi-di-kasus-korupsi-mbg
30,CNN Indonesia,2026-06-05,Tampilan Busana 'Bling-bling' Jemaah Haji Asal Gowa,0,https://www.cnnindonesia.com/nasional/20260605141131-20-1365720/tampilan-busana-bling-bling-jemaah-haji-asal-gowa
31,CNN Indonesia,2026-06-05,Kodam Siliwangi Turun ke Kasus Brimob Dibacok Mata Elang di Banten,0,https://www.cnnindonesia.com/nasional/20260605141907-12-1365735/kodam-siliwangi-turun-ke-kasus-brimob-dibacok-mata-elang-di-banten
32,CNN Indonesia,2026-06-05,Satgas PKH Diminta Tentukan Status Hukum 15 Kontainer Ditahan di Batam,0,https://www.cnnindonesia.com/nasional/20260605212816-12-1365959/satgas-pkh-diminta-tentukan-status-hukum-15-kontainer-ditahan-di-batam
33,CNN Indonesia,2026-06-05,Layanan Keimigrasian Tetap Berjalan Normal di Tengah Proses Hukum KPK,0,https://www.cnnindonesia.com/nasional/20260605204841-12-1365942/layanan-keimigrasian-tetap-berjalan-normal-di-tengah-proses-hukum-kpk
34,CNN Indonesia,2026-06-05,Marak Situs Palsu SPMB Solo: Minta Biaya dan Comot Foto Wali Kota,0,https://www.cnnindonesia.com/nasional/20260605183424-12-1365899/marak-situs-palsu-spmb-solo-minta-biaya-dan-comot-foto-wali-kota
35,CNN Indonesia,2026-06-05,Polisi Lampung Dilempari Batu Saat Mau Tangkap DPO Begal di Pernikahan,0,https://www.cnnindonesia.com/nasional/20260605145819-12-1365766/polisi-lampung-dilempari-batu-saat-mau-tangkap-dpo-begal-di-pernikahan
36,CNN Indonesia,2026-06-05,"Bripka Dedy, 'Sniper' Bekingi Kampung Narkoba Samarinda Ditahan",0,https://www.cnnindonesia.com/nasional/20260605205135-12-1365944/bripka-dedy-sniper-bekingi-kampung-narkoba-samarinda-ditahan
37,CNN Indonesia,2026-06-05,"Viral Ricuh di Sekolah Islam Pamulang, UIN Jakarta Buka Suara",1,https://www.cnnindonesia.com/nasional/20260605222257-12-1365963/viral-ricuh-di-sekolah-islam-pamulang-uin-jakarta-buka-suara
38,CNN Indonesia,2026-06-05,"Gunung Lewotobi di NTT Erupsi 6 Kali, Bandara Maumere Ditutup",0,https://www.cnnindonesia.com/nasional/20260605210027-20-1365953/gunung-lewotobi-di-ntt-erupsi-6-kali-bandara-maumere-ditutup
39,CNN Indonesia,2026-06-05,RUU Polri: Pemerintah Usul Polisi Aktif Bisa Tugas di BGN dan BPOM,0,https://www.cnnindonesia.com/nasional/20260605200118-12-1365928/ruu-polri-pemerintah-usul-polisi-aktif-bisa-tugas-di-bgn-dan-bpom
40,CNN Indonesia,2026-06-05,"KPK Juga Sita Dolar, Euro hingga Perhiasan dari Rumah Silmy Karim",0,https://www.cnnindonesia.com/nasional/20260605202542-12-1365937/kpk-juga-sita-dolar-euro-hingga-perhiasan-dari-rumah-silmy-karim
41,CNN Indonesia,2026-06-05,"BPOM Gerebek Gudang Kosmetik di Tangerang, Sita 2 Juta Produk Rp27,6 M",0,https://www.cnnindonesia.com/nasional/20260605182955-12-1365898/bpom-gerebek-gudang-kosmetik-di-tangerang-sita-2-juta-produk-rp276-m
42,CNN Indonesia,2026-06-05,Pendaki Ilegal Semeru Bertahan 4 Hari di Jurang Sedalam 375 Meter,0,https://www.cnnindonesia.com/nasional/20260605194118-20-1365921/pendaki-ilegal-semeru-bertahan-4-hari-di-jurang-sedalam-375-meter
43,CNN Indonesia,2026-06-05,"5 Jam Geledah Rumah Silmy Karim, KPK Angkut Kendaraan Super Mewah",0,https://www.cnnindonesia.com/nasional/20260605193325-12-1365917/5-jam-geledah-rumah-silmy-karim-kpk-angkut-kendaraan-super-mewah
44,CNN Indonesia,2026-06-05,Gunung Lewotobi Laki-laki di NTT Meletus Jumat Malam,0,https://www.cnnindonesia.com/nasional/20260605192647-20-1365916/gunung-lewotobi-laki-laki-di-ntt-meletus-jumat-malam
45,CNN Indonesia,2026-06-05,"Digeledah KPK, 2 Mobil Towing Masuk ke Rumah Eks Wamen Silmy Karim",0,https://www.cnnindonesia.com/nasional/20260605185100-12-1365908/digeledah-kpk-2-mobil-towing-masuk-ke-rumah-eks-wamen-silmy-karim
46,CNN Indonesia,2026-06-05,"Fia Lelah Teror Api di Rumah Sleman: Tidur 3 Jam, Rugi Rp70 Juta",0,https://www.cnnindonesia.com/nasional/20260605171230-20-1365840/fia-lelah-teror-api-di-rumah-sleman-tidur-3-jam-rugi-rp70-juta
47,CNN Indonesia,2026-06-05,"Kapal Karam di Perairan Tanjung Api Sumut: 21 Selamat, 2 Masih Hilang",0,https://www.cnnindonesia.com/nasional/20260605181648-20-1365891/kapal-karam-di-perairan-tanjung-api-sumut-21-selamat-2-masih-hilang
48,CNN Indonesia,2026-06-05,Viral Polisi di Jakarta Pungli Minta Isi Saldo e-Money Rp300 Ribu,1,https://www.cnnindonesia.com/nasional/20260605182041-12-1365895/viral-polisi-di-jakarta-pungli-minta-isi-saldo-e-money-rp300-ribu
49,CNN Indonesia,2026-06-05,Mahasiswa Demo di DPR Soroti Eksploitasi Lingkungan di Papua,0,https://www.cnnindonesia.com/nasional/20260605180910-32-1365887/mahasiswa-demo-di-dpr-soroti-eksploitasi-lingkungan-di-papua
50,CNN Indonesia,2026-06-05,Mama Sinta Ajukan Permohonan Perlindungan ke LPSK,0,https://www.cnnindonesia.com/nasional/20260605174808-12-1365874/mama-sinta-ajukan-permohonan-perlindungan-ke-lpsk
51,CNN Indonesia,2026-06-05,"Rumah Silmy Karim Digeledah KPK, Pengacara Buka Suara",1,https://www.cnnindonesia.com/nasional/20260605173530-12-1365866/rumah-silmy-karim-digeledah-kpk-pengacara-buka-suara
52,CNN Indonesia,2026-06-05,Eks Wakil Menteri Silmy Karim Bakal Pertimbangkan Opsi Praperadilan,0,https://www.cnnindonesia.com/nasional/20260605171954-12-1365851/eks-wakil-menteri-silmy-karim-bakal-pertimbangkan-opsi-praperadilan
53,CNN Indonesia,2026-06-05,Puluhan Warga Karawaci Protes Polusi Debu Batu Bara dari Pabrik,0,https://www.cnnindonesia.com/nasional/20260605154352-20-1365798/puluhan-warga-karawaci-protes-polusi-debu-batu-bara-dari-pabrik
54,CNN Indonesia,2026-06-05,"Perempuan di Jembrana Tewas Suspek Rabies, Sempat Digigit Kucing",0,https://www.cnnindonesia.com/nasional/20260605155849-20-1365811/perempuan-di-jembrana-tewas-suspek-rabies-sempat-digigit-kucing
55,CNN Indonesia,2026-06-05,Menkum Supratman Jawab Aduan Masyarakat soal Masalah Hukum,0,https://www.cnnindonesia.com/nasional/20260605155133-12-1365800/menkum-supratman-jawab-aduan-masyarakat-soal-masalah-hukum
56,CNN Indonesia,2026-06-05,Catatan Pakar Soal Kompolnas di RUU Polri: Syarat Usia Hingga Wewenang,1,https://www.cnnindonesia.com/nasional/20260605153140-12-1365792/catatan-pakar-soal-kompolnas-di-ruu-polri-syarat-usia-hingga-wewenang
57,CNN Indonesia,2026-06-05,"Jam CFD Jakarta Berubah Mulai 7 Juni, Cek Jadwal Terbarunya di Sini",1,https://www.cnnindonesia.com/nasional/20260605145951-20-1365770/jam-cfd-jakarta-berubah-mulai-7-juni-cek-jadwal-terbarunya-di-sini
58,CNN Indonesia,2026-06-05,"Sony Sonjaya Diklaim Ditekan 'Nama Besar', Bakal Bongkar Kala Jadi JC",1,https://www.cnnindonesia.com/nasional/20260605144025-12-1365760/sony-sonjaya-diklaim-ditekan-nama-besar-bakal-bongkar-kala-jadi-jc
59,CNN Indonesia,2026-06-04,Aqua Laguna dan Desa Cemarajaya Karawang yang Hilang Ditelan Abrasi,1,https://www.cnnindonesia.com/nasional/20260604163222-20-1365409/aqua-laguna-dan-desa-cemarajaya-karawang-yang-hilang-ditelan-abrasi
60,CNN Indonesia,2026-06-05,"Ada Timnas vs Oman, Indonesia Open, Pengendara Diimbau Hindari GBK",0,https://www.cnnindonesia.com/nasional/20260605143844-20-1365750/ada-timnas-vs-oman-indonesia-open-pengendara-diimbau-hindari-gbk
61,CNN Indonesia,2026-06-05,Kejagung: Vendor Motor Listrik BGN Tak Punya Dealer dan Bengkel,0,https://www.cnnindonesia.com/nasional/20260605141548-12-1365724/kejagung-vendor-motor-listrik-bgn-tak-punya-dealer-dan-bengkel
62,CNN Indonesia,2026-06-04,"Pesisir Karawang Kritis, Abrasi Lenyapkan Rumah Warga Desa Cemarajaya",0,https://www.cnnindonesia.com/nasional/20260604134338-20-1365309/pesisir-karawang-kritis-abrasi-lenyapkan-rumah-warga-desa-cemarajaya
63,CNN Indonesia,2026-06-04,Krisis Iklim dan Seni Bertahan Hidup di Gang Malaka Jaya Jaktim,0,https://www.cnnindonesia.com/nasional/20260604141304-20-1365348/krisis-iklim-dan-seni-bertahan-hidup-di-gang-malaka-jaya-jaktim
64,CNN Indonesia,2026-06-05,"Respons Marak Kasus Korupsi, Menkum Singgung Pesan Keras dari Prabowo",1,https://www.cnnindonesia.com/nasional/20260605134821-12-1365714/respons-marak-kasus-korupsi-menkum-singgung-pesan-keras-dari-prabowo
65,CNN Indonesia,2026-06-05,KPK Geledah Rumah Mewah Silmy Karim di Jakarta Selatan,0,https://www.cnnindonesia.com/nasional/20260605135950-12-1365717/kpk-geledah-rumah-mewah-silmy-karim-di-jakarta-selatan
66,CNN Indonesia,2026-06-05,DPR Godok Aturan soal Polisi Terafiliasi Ormas di RUU Polri,0,https://www.cnnindonesia.com/nasional/20260605130252-32-1365693/dpr-godok-aturan-soal-polisi-terafiliasi-ormas-di-ruu-polri
67,CNN Indonesia,2026-06-05,"CFD Rasuna Said Kembali Digelar 7 Juni, Ini Daftar Rute Alternatif",1,https://www.cnnindonesia.com/nasional/20260605130850-20-1365691/cfd-rasuna-said-kembali-digelar-7-juni-ini-daftar-rute-alternatif
68,CNN Indonesia,2026-06-05,Karhutla di Nagan Raya Aceh Meluas hingga 90 Hektare,0,https://www.cnnindonesia.com/nasional/20260605123233-20-1365681/karhutla-di-nagan-raya-aceh-meluas-hingga-90-hektare
69,CNN Indonesia,2026-06-04,Kata-kata Erwin Wawalkot Bandung Usai Kasusnya Disetop Kejari,1,https://www.cnnindonesia.com/nasional/20260604131502-20-1365292/kata-kata-erwin-wawalkot-bandung-usai-kasusnya-disetop-kejari
70,CNN Indonesia,2026-06-05,Yusril Terima Masukan Masyarakat soal Pungutan Liar Layanan Imigrasi,0,https://www.cnnindonesia.com/nasional/20260605120309-12-1365675/yusril-terima-masukan-masyarakat-soal-pungutan-liar-layanan-imigrasi
71,CNN Indonesia,2026-06-05,KPK: Pengadilan Tinggi Singapura Tolak Permohonan Paulus Tannos,0,https://www.cnnindonesia.com/nasional/20260605112258-12-1365662/kpk-pengadilan-tinggi-singapura-tolak-permohonan-paulus-tannos
72,CNN Indonesia,2026-06-05,Mendagri Jamin Penilaian Apresiasi Pemda Berprestasi Berjalan Objektif,0,https://www.cnnindonesia.com/nasional/20260605103919-25-1365646/mendagri-jamin-penilaian-apresiasi-pemda-berprestasi-berjalan-objektif
73,CNN Indonesia,2026-06-05,Jaksa Ungkap Cuan Miliaran Dadan Cs dari Insentif Harian Rp6 Juta MBG,0,https://www.cnnindonesia.com/nasional/20260605103352-12-1365644/jaksa-ungkap-cuan-miliaran-dadan-cs-dari-insentif-harian-rp6-juta-mbg
74,CNN Indonesia,2026-06-05,Kemendagri Beri Penghargaan Pemda Berprestasi Regional Jawa-Bali,0,https://www.cnnindonesia.com/nasional/20260605100516-25-1365632/kemendagri-beri-penghargaan-pemda-berprestasi-regional-jawa-bali
75,CNN Indonesia,2026-06-05,Alasan PDIP Respons Blusukan Jokowi sebagai Matahari Lain Prabowo,1,https://www.cnnindonesia.com/nasional/20260605091044-32-1365595/alasan-pdip-respons-blusukan-jokowi-sebagai-matahari-lain-prabowo
76,CNN Indonesia,2026-06-05,"Gunung Lewotobi Erupsi, Semburan Abu Vulkanik 2,5 Km",0,https://www.cnnindonesia.com/nasional/20260605094120-20-1365604/gunung-lewotobi-erupsi-semburan-abu-vulkanik-25-km
77,CNN Indonesia,2026-06-05,Alasan Sony Sonjaya Mau 'Nyanyi' Jadi Justice Collaborator Kasus BGN,1,https://www.cnnindonesia.com/nasional/20260605084721-12-1365590/alasan-sony-sonjaya-mau-nyanyi-jadi-justice-collaborator-kasus-bgn
78,CNN Indonesia,2026-06-05,Silmy Karim Diduga Terima Setoran Rutin Sejak Dirjen hingga Jadi Wamen,0,https://www.cnnindonesia.com/nasional/20260605081326-12-1365581/silmy-karim-diduga-terima-setoran-rutin-sejak-dirjen-hingga-jadi-wamen
79,CNN Indonesia,2026-06-05,"Dirjen hingga Staf Kemnaker Divonis 4-6,5 Tahun Penjara di Kasus K3",0,https://www.cnnindonesia.com/nasional/20260605074348-12-1365580/dirjen-hingga-staf-kemnaker-divonis-4-65-tahun-penjara-di-kasus-k3
80,CNN Indonesia,2026-06-04,"Transportasi DKI Nomor 17 Dunia, Pramono Ajak Menteri-Kapolri Naik Tj",0,https://www.cnnindonesia.com/nasional/20260604145607-20-1365342/transportasi-dki-nomor-17-dunia-pramono-ajak-menteri-kapolri-naik-tj
81,CNN Indonesia,2026-06-05,Irvian Bobby 'Sultan' Kemenaker Divonis 6 Tahun Penjara,0,https://www.cnnindonesia.com/nasional/20260605071537-12-1365562/irvian-bobby-sultan-kemenaker-divonis-6-tahun-penjara
82,CNN Indonesia,2026-06-05,"Gempa Banggai M5,6 di Laut, Terasa Keras di Luwuk-Tak Potensi Tsunami",0,https://www.cnnindonesia.com/nasional/20260605072726-20-1365563/gempa-banggai-m56-di-laut-terasa-keras-di-luwuk-tak-potensi-tsunami
83,CNN Indonesia,2026-06-05,KPK Masih Pikir-pikir atas Vonis Noel yang Lebih Rendah dari Tuntutan,0,https://www.cnnindonesia.com/nasional/20260605061730-12-1365538/kpk-masih-pikir-pikir-atas-vonis-noel-yang-lebih-rendah-dari-tuntutan
84,CNN Indonesia,2026-06-04,Pakar UGM Sebut Kebakaran Berulang di Sleman Kasus Khusus,1,https://www.cnnindonesia.com/nasional/20260604203004-20-1365491/pakar-ugm-sebut-kebakaran-berulang-di-sleman-kasus-khusus
85,CNN Indonesia,2026-06-05,Permukiman Dekat Stasiun Tanah Abang Kebakaran,0,https://www.cnnindonesia.com/nasional/20260605064305-20-1365551/permukiman-dekat-stasiun-tanah-abang-kebakaran
86,CNN Indonesia,2026-06-04,Kejagung Ungkap Alasan Tak Sita Seluruh Motor Listrik BGN Era Dadan,1,https://www.cnnindonesia.com/nasional/20260604161634-12-1365373/kejagung-ungkap-alasan-tak-sita-seluruh-motor-listrik-bgn-era-dadan
87,CNN Indonesia,2026-06-04,KPK Bakal Arahkan Penyidikan Kasus Silmy Karim dkk ke TPPU,0,https://www.cnnindonesia.com/nasional/20260604184717-12-1365432/kpk-bakal-arahkan-penyidikan-kasus-silmy-karim-dkk-ke-tppu
88,CNN Indonesia,2026-06-04,"Suami di Sulbar Tebas Istri dan Anak hingga Tewas, Polisi Buru Pelaku",0,https://www.cnnindonesia.com/nasional/20260604152752-12-1365356/suami-di-sulbar-tebas-istri-dan-anak-hingga-tewas-polisi-buru-pelaku
89,CNN Indonesia,2026-06-04,Istana Ungkap Pelantikan Pimpinan Baru BGN Digelar Pekan Depan,0,https://www.cnnindonesia.com/nasional/20260604214739-32-1365518/istana-ungkap-pelantikan-pimpinan-baru-bgn-digelar-pekan-depan
90,CNN Indonesia,2026-06-04,Pemerintah Diminta Buat UU Permuseuman hingga Revisi UU Cagar Budaya,0,https://www.cnnindonesia.com/nasional/20260604222329-20-1365520/pemerintah-diminta-buat-uu-permuseuman-hingga-revisi-uu-cagar-budaya
91,CNN Indonesia,2026-06-04,4 Terdakwa Korupsi Penjualan Lahan PTPN ke Citraland Divonis Bebas,0,https://www.cnnindonesia.com/nasional/20260604075305-12-1365161/4-terdakwa-korupsi-penjualan-lahan-ptpn-ke-citraland-divonis-bebas
92,CNN Indonesia,2026-06-04,Eks Waka BGN Sony Sonjaya Akan Ajukan Diri Jadi Justice Collaborator,0,https://www.cnnindonesia.com/nasional/20260604231240-12-1365522/eks-waka-bgn-sony-sonjaya-akan-ajukan-diri-jadi-justice-collaborator
93,CNN Indonesia,2026-06-04,"Viral Pria di Bali Nikahi 2 Perempuan Sekaligus, Kades Buka Suara",1,https://www.cnnindonesia.com/nasional/20260604222711-20-1365521/viral-pria-di-bali-nikahi-2-perempuan-sekaligus-kades-buka-suara
94,CNN Indonesia,2026-06-04,Prajurit TNI AD Jadi Tersangka Kasus Bacok Brimob di Banten,0,https://www.cnnindonesia.com/nasional/20260604213224-12-1365516/prajurit-tni-ad-jadi-tersangka-kasus-bacok-brimob-di-banten
95,CNN Indonesia,2026-06-04,"Istana Sebut Ganti Silmy Karim Belum Ada, Buka Kans Said Iqbal Gabung",0,https://www.cnnindonesia.com/nasional/20260604205508-32-1365513/istana-sebut-ganti-silmy-karim-belum-ada-buka-kans-said-iqbal-gabung
96,CNN Indonesia,2026-06-04,Jemaah Haji Asal Jatim Wafat di Pesawat saat Perjalanan Pulang ke RI,0,https://www.cnnindonesia.com/nasional/20260604204228-20-1365506/jemaah-haji-asal-jatim-wafat-di-pesawat-saat-perjalanan-pulang-ke-ri
97,CNN Indonesia,2026-06-04,Kejagung Usut Jual Beli Izin Titik SPPG MBG yang Dikeluarkan Dadan Cs,0,https://www.cnnindonesia.com/nasional/20260604164845-12-1365400/kejagung-usut-jual-beli-izin-titik-sppg-mbg-yang-dikeluarkan-dadan-cs
98,CNN Indonesia,2026-06-07,Bahlil Tepok Jidat Lagu My Little Bolu Ketan Diputar saat Mau Pidato,0,https://www.cnnindonesia.com/nasional/20260607161513-36-1366371/bahlil-tepok-jidat-lagu-my-little-bolu-ketan-diputar-saat-mau-pidato
99,CNN Indonesia,2026-06-07,Said Iqbal Dikabarkan Bakal Dilantik Jadi Penasihat Presiden Besok,1,https://www.cnnindonesia.com/nasional/20260607170319-32-1366384/said-iqbal-dikabarkan-bakal-dilantik-jadi-penasihat-presiden-besok
100,CNN Indonesia,2026-06-07,Said Iqbal Respons Masuk Kabinet Prabowo: Tunggu Pengumuman Resmi,0,https://www.cnnindonesia.com/nasional/20260607143217-32-1366339/said-iqbal-respons-masuk-kabinet-prabowo-tunggu-pengumuman-resmi
101,CNN Indonesia,2026-06-07,Natalius Pigai Usul Jabatan Utama di Polri Bisa Diisi Warga Sipil,0,https://www.cnnindonesia.com/nasional/20260607123326-32-1366312/natalius-pigai-usul-jabatan-utama-di-polri-bisa-diisi-warga-sipil
102,CNN Indonesia,2026-06-07,Prabowo Perintahkan Teddy Sisir Gedung Negara Buat Sekolah Rakyat,0,https://www.cnnindonesia.com/nasional/20260607122801-32-1366310/prabowo-perintahkan-teddy-sisir-gedung-negara-buat-sekolah-rakyat
103,CNN Indonesia,2026-06-07,Buruh Respons Kabar Said Iqbal Ditimbang Masuk Kabinet Prabowo,0,https://www.cnnindonesia.com/nasional/20260607121101-32-1366306/buruh-respons-kabar-said-iqbal-ditimbang-masuk-kabinet-prabowo
104,CNN Indonesia,2026-06-04,Respons Istana soal Wamen Imipas Silmy Karim Ditahan KPK,1,https://www.cnnindonesia.com/nasional/20260604093148-32-1365216/respons-istana-soal-wamen-imipas-silmy-karim-ditahan-kpk
105,CNN Indonesia,2026-06-04,Prabowo Mengaku Sedih Copot Dadan dari BGN,0,https://www.cnnindonesia.com/nasional/20260604092526-36-1365205/prabowo-mengaku-sedih-copot-dadan-dari-bgn
106,CNN Indonesia,2026-06-04,"Kata-kata Prabowo soal Dadan BGN, Sedih Copot Orang Kepercayaan",1,https://www.cnnindonesia.com/nasional/20260604081553-32-1365183/kata-kata-prabowo-soal-dadan-bgn-sedih-copot-orang-kepercayaan
107,CNN Indonesia,2026-06-04,Prabowo Minta MBG Tak Perkaya Oknum: Makan Paling Gampang Dikorupsi,0,https://www.cnnindonesia.com/nasional/20260603190430-32-1365072/prabowo-minta-mbg-tak-perkaya-oknum-makan-paling-gampang-dikorupsi
108,CNN Indonesia,2026-06-03,Prabowo Sedih Terpaksa Harus Copot Dadan Cs dari BGN,0,https://www.cnnindonesia.com/nasional/20260603200938-32-1365094/prabowo-sedih-terpaksa-harus-copot-dadan-cs-dari-bgn
109,CNN Indonesia,2026-06-03,Kata-kata Nanik Deyang Usai Ditunjuk Prabowo Gantikan Dadan Pimpin BGN,1,https://www.cnnindonesia.com/nasional/20260603162314-32-1364991/kata-kata-nanik-deyang-usai-ditunjuk-prabowo-gantikan-dadan-pimpin-bgn
110,CNN Indonesia,2026-06-03,PSI: Blusukan Jokowi Tak Akan Jadi Matahari Lain,0,https://www.cnnindonesia.com/nasional/20260603130736-32-1364877/psi-blusukan-jokowi-tak-akan-jadi-matahari-lain
111,CNN Indonesia,2026-06-03,PDIP soal Rencana Kunjungan Jokowi: Tidak Boleh Ada Matahari Lain,0,https://www.cnnindonesia.com/nasional/20260603083900-32-1364755/pdip-soal-rencana-kunjungan-jokowi-tidak-boleh-ada-matahari-lain
112,CNN Indonesia,2026-06-03,Gebrakan Prabowo Evaluasi MBG: Copot Kepala BGN hingga Audit Internal,0,https://www.cnnindonesia.com/nasional/20260603081946-32-1364751/gebrakan-prabowo-evaluasi-mbg-copot-kepala-bgn-hingga-audit-internal
113,CNN Indonesia,2026-06-03,"Nanik S Deyang, Kepala BGN Pengganti Dadan yang Sering Sidak Dapur MBG",0,https://www.cnnindonesia.com/nasional/20260603075532-32-1364747/nanik-s-deyang-kepala-bgn-pengganti-dadan-yang-sering-sidak-dapur-mbg
114,CNN Indonesia,2026-06-03,"Jokowi Keliling Daerah Bulan Ini: Blusukan ke Lampung, NTT dan Jabar",0,https://www.cnnindonesia.com/nasional/20260603072151-32-1364725/jokowi-keliling-daerah-bulan-ini-blusukan-ke-lampung-ntt-dan-jabar
115,CNN Indonesia,2026-06-03,Alasan Prabowo Copot Kepala BGN Dadan Hindayana dan Dua Wakilnya,1,https://www.cnnindonesia.com/nasional/20260603061914-32-1364704/alasan-prabowo-copot-kepala-bgn-dadan-hindayana-dan-dua-wakilnya
116,CNN Indonesia,2026-06-03,Kata-Kata Dadan Hindayana Usai Dicopot dari Kepala BGN,1,https://www.cnnindonesia.com/nasional/20260603061331-32-1364703/kata-kata-dadan-hindayana-usai-dicopot-dari-kepala-bgn
117,CNN Indonesia,2026-06-03,Dasco Singgung Aspirasi Masyarakat Usai Prabowo Copot Dadan Cs di BGN,1,https://www.cnnindonesia.com/nasional/20260602215823-32-1364693/dasco-singgung-aspirasi-masyarakat-usai-prabowo-copot-dadan-cs-di-bgn
118,CNN Indonesia,2026-06-02,"Profil Trenggono, Wakil Kepala BGN Baru",0,https://www.cnnindonesia.com/nasional/20260602215200-32-1364691/profil-trenggono-wakil-kepala-bgn-baru
119,CNN Indonesia,2026-06-02,Daftar Lengkap Pimpinan BGN Baru Ditunjuk Prabowo Usai Dadan Dicopot,0,https://www.cnnindonesia.com/nasional/20260602205946-32-1364680/daftar-lengkap-pimpinan-bgn-baru-ditunjuk-prabowo-usai-dadan-dicopot
120,CNN Indonesia,2026-06-02,"Selain Dadan, Dua Wakil Kepala BGN Juga Dicopot Prabowo",0,https://www.cnnindonesia.com/nasional/20260602211035-32-1364685/selain-dadan-dua-wakil-kepala-bgn-juga-dicopot-prabowo
121,CNN Indonesia,2026-06-02,Prabowo Copot Kepala BGN Dadan Hindayana,0,https://www.cnnindonesia.com/nasional/20260602205419-36-1364679/prabowo-copot-kepala-bgn-dadan-hindayana
122,CNN Indonesia,2026-06-02,"BREAKING NEWS Prabowo Copot Kepala BGN Dadan Hindayana, Diganti Naniek Deyang",0,https://www.cnnindonesia.com/nasional/20260602192045-32-1364631/prabowo-copot-kepala-bgn-dadan-hindayana-diganti-naniek-deyang
123,CNN Indonesia,2026-06-02,Gerindra Puji Sikap Megawati ke Prabowo: Tak Seperti Dino Patti Djalal,0,https://www.cnnindonesia.com/nasional/20260602150231-32-1364527/gerindra-puji-sikap-megawati-ke-prabowo-tak-seperti-dino-patti-djalal
124,CNN Indonesia,2026-06-02,Habiburokhman: Kritik Dino Patti Djalal ke Prabowo Kurang Etis,0,https://www.cnnindonesia.com/nasional/20260602100832-32-1364393/habiburokhman-kritik-dino-patti-djalal-ke-prabowo-kurang-etis
125,CNN Indonesia,2026-06-02,Poin-Poin Balasan Teddy Jawab Kritik Dino Patti soal Kunker LN Prabowo,1,https://www.cnnindonesia.com/nasional/20260602085212-32-1364364/poin-poin-balasan-teddy-jawab-kritik-dino-patti-soal-kunker-ln-prabowo
126,CNN Indonesia,2026-06-02,Hasan Nasbi Blak-blakan Dugaan Praktik Curang Sektor Sawit-Batu Bara,1,https://www.cnnindonesia.com/nasional/20260602082618-32-1364352/hasan-nasbi-blak-blakan-dugaan-praktik-curang-sektor-sawit-batu-bara
127,CNN Indonesia,2026-06-02,Kata Gerindra soal Megawati Gandeng Prabowo Saat Hari Pancasila,1,https://www.cnnindonesia.com/nasional/20260602081750-32-1364351/kata-gerindra-soal-megawati-gandeng-prabowo-saat-hari-pancasila
128,CNN Indonesia,2026-06-02,"Prabowo & Megawati Akrab di Hari Lahir Pancasila, Jokowi Absen Upacara",0,https://www.cnnindonesia.com/nasional/20260602080005-32-1364346/prabowo-megawati-akrab-di-hari-lahir-pancasila-jokowi-absen-upacara
129,CNN Indonesia,2026-06-02,Seskab Teddy Jawab Dino Patti Djalal soal Kunker Luar Negeri Prabowo,1,https://www.cnnindonesia.com/nasional/20260602062715-32-1364295/seskab-teddy-jawab-dino-patti-djalal-soal-kunker-luar-negeri-prabowo
130,CNN Indonesia,2026-06-01,Seskab Teddy Respons Kritik soal Kunker Luar Negeri Prabowo,1,https://www.cnnindonesia.com/nasional/20260601203929-32-1364260/seskab-teddy-respons-kritik-soal-kunker-luar-negeri-prabowo
131,CNN Indonesia,2026-06-01,Gerindra Jawab Kritik Eks Wamenlu soal Kunker Luar Negeri Prabowo,1,https://www.cnnindonesia.com/nasional/20260601195003-32-1364255/gerindra-jawab-kritik-eks-wamenlu-soal-kunker-luar-negeri-prabowo
132,CNN Indonesia,2026-06-01,Hasto Sebut Lagu 'Bung Karno Bapak Marhaenisme' Upaya Luruskan Sejarah,0,https://www.cnnindonesia.com/nasional/20260601151241-32-1364144/hasto-sebut-lagu-bung-karno-bapak-marhaenisme-upaya-luruskan-sejarah
133,CNN Indonesia,2026-06-01,Hasto Harap Pertemuan Megawati-Prabowo Bahas Arah Strategis Bangsa,0,https://www.cnnindonesia.com/nasional/20260601121815-32-1364099/hasto-harap-pertemuan-megawati-prabowo-bahas-arah-strategis-bangsa
134,CNN Indonesia,2026-06-01,Hasto soal Jokowi Blusukan: Pertanggungjawaban Seorang Pemimpin,0,https://www.cnnindonesia.com/nasional/20260601114157-32-1364086/hasto-soal-jokowi-blusukan-pertanggungjawaban-seorang-pemimpin
135,CNN Indonesia,2026-05-31,PSI Ungkap Jokowi ke Lampung 26-28 Juni: Disambut Kader-Relawan Gibran,0,https://www.cnnindonesia.com/nasional/20260531185457-32-1363954/psi-ungkap-jokowi-ke-lampung-26-28-juni-disambut-kader-relawan-gibran
136,CNN Indonesia,2026-05-31,Qodari Bantah Kabar Prabowo ke Italia Usai dari Prancis,0,https://www.cnnindonesia.com/nasional/20260531140551-32-1363890/qodari-bantah-kabar-prabowo-ke-italia-usai-dari-prancis
137,CNN Indonesia,2026-05-30,PDIP Kumpulkan Kader di DPRD se-Indonesia: Berjuang untuk Kaum Marhaen,0,https://www.cnnindonesia.com/nasional/20260530181224-32-1363744/pdip-kumpulkan-kader-di-dprd-se-indonesia-berjuang-untuk-kaum-marhaen
138,CNN Indonesia,2026-05-30,PDIP Ingatkan Prabowo Tak Asal Ingin Terapkan Bahasa Asing di Sekolah,0,https://www.cnnindonesia.com/nasional/20260530173809-32-1363733/pdip-ingatkan-prabowo-tak-asal-ingin-terapkan-bahasa-asing-di-sekolah
139,CNN Indonesia,2026-05-30,PDIP Sorot 3 Kali Kunjungan Prabowo ke Prancis 5 Bulan Terakhir,0,https://www.cnnindonesia.com/nasional/20260530141407-32-1363687/pdip-sorot-3-kali-kunjungan-prabowo-ke-prancis-5-bulan-terakhir
140,CNN Indonesia,2026-05-30,PDIP Tak Kaget Jokowi Akan Jadi Ketua Dewan Pembina PSI,0,https://www.cnnindonesia.com/nasional/20260530151552-32-1363698/pdip-tak-kaget-jokowi-akan-jadi-ketua-dewan-pembina-psi
141,CNN Indonesia,2026-05-30,Balasan Menohok Wagub Sumbar Vasco ke Abu Janda soal Barbar,1,https://www.cnnindonesia.com/nasional/20260530134303-32-1363674/balasan-menohok-wagub-sumbar-vasco-ke-abu-janda-soal-barbar
142,CNN Indonesia,2026-05-30,PDIP Harap Jokowi Bisa Tunjukkan Ijazah saat Blusukan Lagi,0,https://www.cnnindonesia.com/nasional/20260530131212-32-1363658/pdip-harap-jokowi-bisa-tunjukkan-ijazah-saat-blusukan-lagi
143,CNN Indonesia,2026-05-30,Bestari Barus Berharap Jokowi Segera Deklarasi Gabung PSI,0,https://www.cnnindonesia.com/nasional/20260530071730-32-1363602/bestari-barus-berharap-jokowi-segera-deklarasi-gabung-psi
144,CNN Indonesia,2026-05-30,Bestari PSI: Megawati & Ganjar Tak Pernah Menang Usai Ditinggal Jokowi,0,https://www.cnnindonesia.com/nasional/20260529200835-32-1363563/bestari-psi-megawati-ganjar-tak-pernah-menang-usai-ditinggal-jokowi
145,CNN Indonesia,2026-05-30,PSI Titip 2 Pesan ke Jokowi dalam Rencana Blusukan ke Daerah,1,https://www.cnnindonesia.com/nasional/20260529221708-32-1363585/psi-titip-2-pesan-ke-jokowi-dalam-rencana-blusukan-ke-daerah
146,CNN Indonesia,2026-05-30,DPR soal Bahasa Prancis: Jangan Jadi Diplomasi Tanpa Rencana Matang,0,https://www.cnnindonesia.com/nasional/20260529144858-32-1363442/dpr-soal-bahasa-prancis-jangan-jadi-diplomasi-tanpa-rencana-matang
147,CNN Indonesia,2026-05-29,Pakar soal Lagu Little Bolu Ketan: Realita Penegas Bahlil Raja Olah,0,https://www.cnnindonesia.com/nasional/20260529131809-32-1363407/pakar-soal-lagu-little-bolu-ketan-realita-penegas-bahlil-raja-olah
148,CNN Indonesia,2026-05-29,Bestari Harap Jokowi Segera Deklarasi Publik Gabung PSI,0,https://www.cnnindonesia.com/nasional/20260529202624-32-1363568/bestari-harap-jokowi-segera-deklarasi-publik-gabung-psi
149,CNN Indonesia,2026-05-29,PSI Sentil Gunrom: Komentar Miring Sejak Jokowi Cabut Kenikmatan PDIP,0,https://www.cnnindonesia.com/nasional/20260529190259-32-1363535/psi-sentil-gunrom-komentar-miring-sejak-jokowi-cabut-kenikmatan-pdip
150,CNN Indonesia,2026-05-29,"Klaim PSI Tak Didukung Jokowi saat Presiden, PDIP Ungkit soal Baliho",0,https://www.cnnindonesia.com/nasional/20260529192345-32-1363545/klaim-psi-tak-didukung-jokowi-saat-presiden-pdip-ungkit-soal-baliho
151,CNN Indonesia,2026-05-29,DPR Cek Kemdik soal Prabowo Suruh Bahasa Prancis Diajarkan di Sekolah,0,https://www.cnnindonesia.com/nasional/20260529113429-32-1363341/dpr-cek-kemdik-soal-prabowo-suruh-bahasa-prancis-diajarkan-di-sekolah
152,CNN Indonesia,2026-05-29,Tersangka Tabrak Kerumunan Siswa SD Jadi Staf Ahli Bupati Pandeglang,0,https://www.cnnindonesia.com/nasional/20260529083539-32-1363262/tersangka-tabrak-kerumunan-siswa-sd-jadi-staf-ahli-bupati-pandeglang
153,CNN Indonesia,2026-05-29,"Respons PDIP, Ketua PSI Sebut Jokowi Seorang Negarawan",0,https://www.cnnindonesia.com/nasional/20260529063549-32-1363223/respons-pdip-ketua-psi-sebut-jokowi-seorang-negarawan
154,CNN Indonesia,2026-05-29,PKS Salurkan Hewan Kurban hingga ke Daerah Banjir Sumatra,0,https://www.cnnindonesia.com/nasional/20260528214524-32-1363201/pks-salurkan-hewan-kurban-hingga-ke-daerah-banjir-sumatra
155,CNN Indonesia,2026-05-28,Bahlil Disebut Hanya Ketawa-Tawa Dengar Lagu 'Mas Bahlil Ganteng',1,https://www.cnnindonesia.com/nasional/20260528194312-32-1363186/bahlil-disebut-hanya-ketawa-tawa-dengar-lagu-mas-bahlil-ganteng
156,CNN Indonesia,2026-05-28,PSI Jawab PDIP: Jokowi Tak Pernah Terbuka Dukung Partai,0,https://www.cnnindonesia.com/nasional/20260528171317-32-1363163/psi-jawab-pdip-jokowi-tak-pernah-terbuka-dukung-partai
157,CNN Indonesia,2026-05-28,PSI Beber Jokowi Akan Keliling Daerah Temui Masyarakat dan Kader,0,https://www.cnnindonesia.com/nasional/20260528162408-32-1363158/psi-beber-jokowi-akan-keliling-daerah-temui-masyarakat-dan-kader
158,CNN Indonesia,2026-05-28,"Relawan Tegaskan Jokowi Blusukan Demi PSI, Bukan Gibran 2029",0,https://www.cnnindonesia.com/nasional/20260528152944-32-1363136/relawan-tegaskan-jokowi-blusukan-demi-psi-bukan-gibran-2029
159,CNN Indonesia,2026-05-28,"Jokowi Kickoff Blusukan Akhir Juni, Lampung Jadi Tujuan Pertama",0,https://www.cnnindonesia.com/nasional/20260528144515-32-1363122/jokowi-kickoff-blusukan-akhir-juni-lampung-jadi-tujuan-pertama
160,CNN Indonesia,2026-05-27,Gerindra soal Prabowo ke Prancis: Bukan Perjalanan Pribadi,0,https://www.cnnindonesia.com/nasional/20260527134609-32-1362849/gerindra-soal-prabowo-ke-prancis-bukan-perjalanan-pribadi
161,CNN Indonesia,2026-05-27,Golkar Respons Viral Lagu Mas Bahlil Ganteng: Cute dan Menghibur,1,https://www.cnnindonesia.com/nasional/20260527131450-32-1362835/golkar-respons-viral-lagu-mas-bahlil-ganteng-cute-dan-menghibur
162,CNN Indonesia,2026-05-27,Gerindra soal 1.098 Sapi Kurban Prabowo dari APBN: Tak Langgar Aturan,0,https://www.cnnindonesia.com/nasional/20260527123907-32-1362821/gerindra-soal-1098-sapi-kurban-prabowo-dari-apbn-tak-langgar-aturan
163,CNN Indonesia,2026-05-27,Babak Baru Jokowi Pulih 100 Persen: Blusukan hingga Latihan Akting,0,https://www.cnnindonesia.com/nasional/20260526194852-32-1362698/babak-baru-jokowi-pulih-100-persen-blusukan-hingga-latihan-akting
164,CNN Indonesia,2026-05-26,Ade Armando Sentil Blusukan Jokowi dan Nuansa Dinasti Politik PSI,0,https://www.cnnindonesia.com/nasional/20260526182026-32-1362653/ade-armando-sentil-blusukan-jokowi-dan-nuansa-dinasti-politik-psi
165,CNN Indonesia,2026-05-26,Baleg Sepakati RUU Pemerintahan Aceh Jadi Usul Inisiatif DPR,0,https://www.cnnindonesia.com/nasional/20260526180308-32-1362647/baleg-sepakati-ruu-pemerintahan-aceh-jadi-usul-inisiatif-dpr
166,CNN Indonesia,2026-05-26,"PDIP: Jokowi Presiden Gagal Bawa PSI ke Parlemen, Apalagi Sekarang",1,https://www.cnnindonesia.com/nasional/20260526154233-32-1362582/pdip-jokowi-presiden-gagal-bawa-psi-ke-parlemen-apalagi-sekarang
167,CNN Indonesia,2026-05-26,"Blusukan Keliling Indonesia, Jokowi Turba ke Cirebon Awal Juli",0,https://www.cnnindonesia.com/nasional/20260526145325-32-1362562/blusukan-keliling-indonesia-jokowi-turba-ke-cirebon-awal-juli
168,CNN Indonesia,2026-05-26,Projo: Blusukan Jokowi Bukan Upaya Ambil Alih Peran Pemerintahan,0,https://www.cnnindonesia.com/nasional/20260526131046-32-1362502/projo-blusukan-jokowi-bukan-upaya-ambil-alih-peran-pemerintahan
169,CNN Indonesia,2026-05-26,Jokowi Bakal Diumumkan Jadi Ketua Dewan Pembina PSI,0,https://www.cnnindonesia.com/nasional/20260526124829-32-1362484/jokowi-bakal-diumumkan-jadi-ketua-dewan-pembina-psi
170,CNN Indonesia,2026-05-26,PSI Bakal Kawal Rencana Blusukan Jokowi ke Daerah,0,https://www.cnnindonesia.com/nasional/20260526111203-32-1362447/psi-bakal-kawal-rencana-blusukan-jokowi-ke-daerah
171,CNN Indonesia,2026-05-26,"MK: Tak Penuhi Kuota 30 Persen Caleg Perempuan, Parpol Gugur di Dapil",0,https://www.cnnindonesia.com/nasional/20260526071036-32-1362369/mk-tak-penuhi-kuota-30-persen-caleg-perempuan-parpol-gugur-di-dapil
172,CNN Indonesia,2026-05-26,"Jokowi Mengklaim Sudah Sehat, Siap Keliling Indonesia",0,https://www.cnnindonesia.com/nasional/20260526071938-32-1362370/jokowi-mengklaim-sudah-sehat-siap-keliling-indonesia
173,CNN Indonesia,2026-05-25,Prabowo Beri Taklimat ke 1.095 Perwira Siswa TNI-Polri di Seskoad,0,https://www.cnnindonesia.com/nasional/20260525182633-32-1362272/prabowo-beri-taklimat-ke-1095-perwira-siswa-tni-polri-di-seskoad
174,CNN Indonesia,2026-05-25,Komisi I Sambut Baik Rencana Bandara Kertajati Jadi Bengkel Hercules,0,https://www.cnnindonesia.com/nasional/20260525163203-32-1362224/komisi-i-sambut-baik-rencana-bandara-kertajati-jadi-bengkel-hercules
175,CNN Indonesia,2026-05-25,"Megawati: Saya Menangis Nonton Pesta Babi, Itu Benar Adanya",0,https://www.cnnindonesia.com/nasional/20260525151555-32-1362188/megawati-saya-menangis-nonton-pesta-babi-itu-benar-adanya
176,CNN Indonesia,2026-05-25,"Aspirasi DPR, BRI Salurkan CSR untuk Pelestarian Budaya di Trenggalek",0,https://www.cnnindonesia.com/nasional/20260525101152-32-1362040/aspirasi-dpr-bri-salurkan-csr-untuk-pelestarian-budaya-di-trenggalek
177,CNN Indonesia,2026-05-25,Gerindra DKI Minta Maaf soal Logo Partai di Poster BYD Tech Fest,0,https://www.cnnindonesia.com/nasional/20260525061035-32-1361963/gerindra-dki-minta-maaf-soal-logo-partai-di-poster-byd-tech-fest
178,CNN Indonesia,2026-05-24,"Heboh Poster BYD Tech-Culture Fest, Gerindra Jakarta Minta Maaf",0,https://www.cnnindonesia.com/nasional/20260524144420-32-1361851/heboh-poster-byd-tech-culture-fest-gerindra-jakarta-minta-maaf
179,CNN Indonesia,2026-05-23,"Megawati Bertemu 3,5 Jam dengan Sri Sultan di Kraton Jogja",0,https://www.cnnindonesia.com/nasional/20260523212124-32-1361705/megawati-bertemu-35-jam-dengan-sri-sultan-di-kraton-jogja
180,CNN Indonesia,2026-05-22,Wakil Ketua MPR Minta WNI Pertimbangkan Risiko Sebelum ke Gaza,0,https://www.cnnindonesia.com/nasional/20260522183026-32-1361373/wakil-ketua-mpr-minta-wni-pertimbangkan-risiko-sebelum-ke-gaza
181,CNN Indonesia,2026-05-22,"DPR Kritik Praktik Pengavelingan Tenda Haji, Kemenhaj Ancam Cabut Izin",0,https://www.cnnindonesia.com/nasional/20260522172502-32-1361327/dpr-kritik-praktik-pengavelingan-tenda-haji-kemenhaj-ancam-cabut-izin
182,CNN Indonesia,2026-05-22,Menteri Pigai Tolak Usulan Tembak Begal di Tempat,0,https://www.cnnindonesia.com/nasional/20260522151734-32-1361270/menteri-pigai-tolak-usulan-tembak-begal-di-tempat
183,CNN Indonesia,2026-05-22,DPR Minta Kemendiktisaintek Turun Tangan Usut Pelecehan di UPN Jogja,0,https://www.cnnindonesia.com/nasional/20260522153511-32-1361280/dpr-minta-kemendiktisaintek-turun-tangan-usut-pelecehan-di-upn-jogja
184,CNN Indonesia,2026-05-22,Bobby Respons Rico Waas ke Luar Negeri Tak Info ke Gubernur,1,https://www.cnnindonesia.com/nasional/20260522063334-32-1361034/bobby-respons-rico-waas-ke-luar-negeri-tak-info-ke-gubernur
185,CNN Indonesia,2026-05-21,Demokrat Respons soal Data Pertumbuhan Ekonomi 35 Persen,1,https://www.cnnindonesia.com/nasional/20260521110248-32-1360696/demokrat-respons-soal-data-pertumbuhan-ekonomi-35-persen
186,CNN Indonesia,2026-05-21,Puan Minta Pemerintah Gunakan Semua Cara Bebaskan WNI di Israel,0,https://www.cnnindonesia.com/nasional/20260521173440-32-1360891/puan-minta-pemerintah-gunakan-semua-cara-bebaskan-wni-di-israel
187,CNN Indonesia,2026-05-21,Puan Soal Prabowo Hormati PDIP Jadi Oposisi: Kritik Kami Konstruktif,0,https://www.cnnindonesia.com/nasional/20260521162606-32-1360871/puan-soal-prabowo-hormati-pdip-jadi-oposisi-kritik-kami-konstruktif
188,CNN Indonesia,2026-05-21,PDIP Puji Janji Prabowo Tak Usik Latar Belakang Pemenang Proyek,0,https://www.cnnindonesia.com/nasional/20260521102902-32-1360689/pdip-puji-janji-prabowo-tak-usik-latar-belakang-pemenang-proyek
189,CNN Indonesia,2026-05-21,Pernyataan Hormat Prabowo untuk PDIP saat Pidato di DPR,0,https://www.cnnindonesia.com/nasional/20260521070733-32-1360633/pernyataan-hormat-prabowo-untuk-pdip-saat-pidato-di-dpr
190,CNN Indonesia,2026-05-21,PSI soal Jokowi Akan Blusukan: Justru Sakit Jika Tak Bertemu Warga,0,https://www.cnnindonesia.com/nasional/20260521071847-32-1360634/psi-soal-jokowi-akan-blusukan-justru-sakit-jika-tak-bertemu-warga
191,CNN Indonesia,2026-05-21,Aria Bima: PDIP Tidak Nyinyir ke Pemerintah,0,https://www.cnnindonesia.com/nasional/20260520204132-32-1360565/aria-bima-pdip-tidak-nyinyir-ke-pemerintah
192,CNN Indonesia,2026-05-21,Menko Polkam Pastikan Negara Upayakan Pembebasan WNI Diculik Israel,0,https://www.cnnindonesia.com/nasional/20260520205657-32-1360579/menko-polkam-pastikan-negara-upayakan-pembebasan-wni-diculik-israel
193,CNN Indonesia,2026-05-20,Pemerintah Segera Kirim Surpres Pembahasan RUU Polri Bareng DPR,0,https://www.cnnindonesia.com/nasional/20260520174016-32-1360506/pemerintah-segera-kirim-surpres-pembahasan-ruu-polri-bareng-dpr
194,CNN Indonesia,2026-05-20,PSI soal Rencana Jokowi Keliling Indonesia: Tergantung Kesehatan,0,https://www.cnnindonesia.com/nasional/20260520173744-32-1360505/psi-soal-rencana-jokowi-keliling-indonesia-tergantung-kesehatan
195,CNN Indonesia,2026-05-20,PDIP Respons Prabowo Hormati Sikap Megawati Tetap Jadi Oposisi,0,https://www.cnnindonesia.com/nasional/20260520165341-32-1360488/pdip-respons-prabowo-hormati-sikap-megawati-tetap-jadi-oposisi
196,CNN Indonesia,2026-05-20,"Pidato Prabowo: Rakyat Tidak Bermimpi Kaya Raya, Tapi Bisa Hidup Layak",0,https://www.cnnindonesia.com/nasional/20260520155819-32-1360462/pidato-prabowo-rakyat-tidak-bermimpi-kaya-raya-tapi-bisa-hidup-layak
197,CNN Indonesia,2026-05-20,Prabowo Takkan Usik Tender Proyek PDIP: Asal Dimenangkan dengan Benar,0,https://www.cnnindonesia.com/nasional/20260520151948-32-1360431/prabowo-takkan-usik-tender-proyek-pdip-asal-dimenangkan-dengan-benar
198,CNN Indonesia,2026-05-20,Prabowo Curhat Kepikiran Kritik PDIP Sebelum Tidur: Pilu Hati Saya,1,https://www.cnnindonesia.com/nasional/20260520142536-32-1360413/prabowo-curhat-kepikiran-kritik-pdip-sebelum-tidur-pilu-hati-saya
199,CNN Indonesia,2026-05-20,6 FOTO FOTO:  Pidato 2 Jam Prabowo dalam Rapat Paripurna DPR,1,https://www.cnnindonesia.com/nasional/20260520131304-34-1360359/foto-pidato-2-jam-prabowo-dalam-rapat-paripurna-dpr
200,CNN Indonesia,2026-05-20,Revisi UU Polri Diketok Jadi Usul Inisiatif DPR,0,https://www.cnnindonesia.com/nasional/20260520142022-32-1360411/revisi-uu-polri-diketok-jadi-usul-inisiatif-dpr
201,CNN Indonesia,2026-05-20,Prabowo: Kebocoran Kekayaan Negara Sebabkan Gaji Guru-ASN Kecil,0,https://www.cnnindonesia.com/nasional/20260520134635-32-1360379/prabowo-kebocoran-kekayaan-negara-sebabkan-gaji-guru-asn-kecil
202,CNN Indonesia,2026-05-20,Prabowo Ingatkan ASN Serius Kerja: Tak Ada yang Tak Bisa Diganti,0,https://www.cnnindonesia.com/nasional/20260520120253-32-1360317/prabowo-ingatkan-asn-serius-kerja-tak-ada-yang-tak-bisa-diganti
203,CNN Indonesia,2026-05-20,Prabowo Bakal Kejar Harta Pejabat Korup hingga ke Bunker,0,https://www.cnnindonesia.com/nasional/20260520130332-32-1360347/prabowo-bakal-kejar-harta-pejabat-korup-hingga-ke-bunker
204,CNN Indonesia,2026-05-20,"Pidato di DPR, Prabowo Singgung Derajat RI Pernah di Bawah Anjing",0,https://www.cnnindonesia.com/nasional/20260520115019-36-1360310/pidato-di-dpr-prabowo-singgung-derajat-ri-pernah-di-bawah-anjing
205,CNN Indonesia,2026-05-20,"Tutup Pidato 2 Jam, Prabowo Terima Kasih PDIP Tetap Jadi Oposisi",0,https://www.cnnindonesia.com/nasional/20260520122804-32-1360331/tutup-pidato-2-jam-prabowo-terima-kasih-pdip-tetap-jadi-oposisi
206,CNN Indonesia,2026-05-20,Momen Prabowo Ingatkan 'Belajar Sejarah dan Dihukum Sejarah' di DPR,0,https://www.cnnindonesia.com/nasional/20260520113920-36-1360307/momen-prabowo-ingatkan-belajar-sejarah-dan-dihukum-sejarah-di-dpr
207,CNN Indonesia,2026-05-20,Prabowo: Saya Kalau ke Luar Negeri Sangat Dihormati Sekarang,0,https://www.cnnindonesia.com/nasional/20260520115408-32-1360313/prabowo-saya-kalau-ke-luar-negeri-sangat-dihormati-sekarang
208,CNN Indonesia,2026-05-20,Alasan Prabowo Hadiri Paripurna DPR: APBN Adalah Alat Perjuangan,0,https://www.cnnindonesia.com/nasional/20260520112135-32-1360301/alasan-prabowo-hadiri-paripurna-dpr-apbn-adalah-alat-perjuangan
209,CNN Indonesia,2026-05-20,Prabowo Marah Besar Harga Nikel Indonesia Ditentukan Negara Lain,0,https://www.cnnindonesia.com/nasional/20260520112250-32-1360303/prabowo-marah-besar-harga-nikel-indonesia-ditentukan-negara-lain
210,CNN Indonesia,2026-05-20,Sugiono Masih Kesulitan Cari Info WNI yang Diculik Israel,0,https://www.cnnindonesia.com/nasional/20260520093507-32-1360251/sugiono-masih-kesulitan-cari-info-wni-yang-diculik-israel
211,CNN Indonesia,2026-05-20,Prabowo: Mereka yang Tak Belajar dari Sejarah Akan Dihukum Sejarah,0,https://www.cnnindonesia.com/nasional/20260520105446-32-1360287/prabowo-mereka-yang-tak-belajar-dari-sejarah-akan-dihukum-sejarah
212,CNN Indonesia,2026-05-20,Prabowo: Jangan Terlalu Kagumi Bangsa Kaya Hasil Merampas Bangsa Lain,0,https://www.cnnindonesia.com/nasional/20260520105405-32-1360286/prabowo-jangan-terlalu-kagumi-bangsa-kaya-hasil-merampas-bangsa-lain
213,CNN Indonesia,2026-05-20,Jajaran Ketum Parpol Ikut Rapat Paripurna DPR Bareng Prabowo,0,https://www.cnnindonesia.com/nasional/20260520103434-32-1360279/jajaran-ketum-parpol-ikut-rapat-paripurna-dpr-bareng-prabowo
214,CNN Indonesia,2026-05-20,Said PDIP: Pidato Prabowo di Paripurna DPR untuk Jawab Keraguan Pasar,1,https://www.cnnindonesia.com/nasional/20260520100336-32-1360265/said-pdip-pidato-prabowo-di-paripurna-dpr-untuk-jawab-keraguan-pasar
215,CNN Indonesia,2026-05-20,"Tiba di DPR, Prabowo Bakal Pidato 45 Menit di Sidang Paripurna",0,https://www.cnnindonesia.com/nasional/20260520094211-32-1360256/tiba-di-dpr-prabowo-bakal-pidato-45-menit-di-sidang-paripurna
216,CNN Indonesia,2026-05-20,Hasan Nasbi soal Orang Desa Tak Pakai Dolar: Wisdom Orang Tua ke Anak,0,https://www.cnnindonesia.com/nasional/20260520090904-32-1360247/hasan-nasbi-soal-orang-desa-tak-pakai-dolar-wisdom-orang-tua-ke-anak
217,CNN Indonesia,2026-05-20,"Perdana, Prabowo Bakal Pidato di Rapat Paripurna DPR Hari Ini",0,https://www.cnnindonesia.com/nasional/20260520061903-32-1360190/perdana-prabowo-bakal-pidato-di-rapat-paripurna-dpr-hari-ini
218,CNN Indonesia,2026-05-20,"ANALISIS Bakal Kembali Blusukan, Apa Jokowi Masih Relevan?",1,https://www.cnnindonesia.com/nasional/20260519203040-32-1360159/bakal-kembali-blusukan-apa-jokowi-masih-relevan
219,CNN Indonesia,2026-05-20,Pemerintah Indonesia Siapkan Strategi Bebaskan 7 WNI Diculik Israel,0,https://www.cnnindonesia.com/nasional/20260519213316-32-1360173/pemerintah-indonesia-siapkan-strategi-bebaskan-7-wni-diculik-israel
220,CNN Indonesia,2026-05-19,Prabowo Dijadwalkan Hadir ke Pameran Pengusaha Minyak Besok,0,https://www.cnnindonesia.com/nasional/20260519193649-32-1360128/prabowo-dijadwalkan-hadir-ke-pameran-pengusaha-minyak-besok
221,CNN Indonesia,2026-05-19,Istana Ungkap Alasan Prabowo Bakal Hadiri Langsung Paripurna DPR Besok,1,https://www.cnnindonesia.com/nasional/20260519183452-32-1360105/istana-ungkap-alasan-prabowo-bakal-hadiri-langsung-paripurna-dpr-besok
222,CNN Indonesia,2026-05-19,Gerindra soal Syahri DPRD Jember Main Gim: Lupa Beri Makan Sapi,0,https://www.cnnindonesia.com/nasional/20260519181030-32-1360099/gerindra-soal-syahri-dprd-jember-main-gim-lupa-beri-makan-sapi
223,CNN Indonesia,2026-05-19,Dasco Sebut Prabowo Jadi Presiden Pertama Hadiri Paripurna DPR Besok,0,https://www.cnnindonesia.com/nasional/20260519161234-32-1360058/dasco-sebut-prabowo-jadi-presiden-pertama-hadiri-paripurna-dpr-besok
224,CNN Indonesia,2026-05-19,DPR Desak Pemerintah Pastikan Kondisi WNI-Jurnalis Diculik Israel,0,https://www.cnnindonesia.com/nasional/20260519162926-32-1360066/dpr-desak-pemerintah-pastikan-kondisi-wni-jurnalis-diculik-israel
225,CNN Indonesia,2026-05-19,Daftar 5 WNI yang Ditangkap Tentara Israel dalam Misi Kemanusiaan Gaza,0,https://www.cnnindonesia.com/nasional/20260519153748-32-1360035/daftar-5-wni-yang-ditangkap-tentara-israel-dalam-misi-kemanusiaan-gaza
226,CNN Indonesia,2026-05-19,MPR Sentil Posisi RI sebagai Dewan HAM PBB soal Penculikan Jurnalis RI,0,https://www.cnnindonesia.com/nasional/20260519134614-32-1359988/mpr-sentil-posisi-ri-sebagai-dewan-ham-pbb-soal-penculikan-jurnalis-ri
227,CNN Indonesia,2026-05-19,Prabowo Sampaikan Pidato di Paripurna DPR Besok,0,https://www.cnnindonesia.com/nasional/20260519141809-32-1360005/prabowo-sampaikan-pidato-di-paripurna-dpr-besok
228,CNN Indonesia,2026-05-19,Yusril Akui RI Sulit Lacak 5 WNI Diculik Israel: Tak Ada Diplomatik,0,https://www.cnnindonesia.com/nasional/20260519135453-32-1359992/yusril-akui-ri-sulit-lacak-5-wni-diculik-israel-tak-ada-diplomatik
229,CNN Indonesia,2026-05-19,Menhan Sebut Misi TNI di Gaza Masih Tunggu Arahan Presiden Trump,0,https://www.cnnindonesia.com/nasional/20260519134752-32-1359989/menhan-sebut-misi-tni-di-gaza-masih-tunggu-arahan-presiden-trump
230,CNN Indonesia,2026-05-19,DPR Desak Kemlu Gerak Cepat Selamatkan WNI yang Ditangkap Israel,0,https://www.cnnindonesia.com/nasional/20260519094612-32-1359875/dpr-desak-kemlu-gerak-cepat-selamatkan-wni-yang-ditangkap-israel
231,CNN Indonesia,2026-05-19,PDIP Ingatkan Prabowo Sebut Desa Tak Pakai Dolar: Harga Barang Naik,0,https://www.cnnindonesia.com/nasional/20260518152432-32-1359640/pdip-ingatkan-prabowo-sebut-desa-tak-pakai-dolar-harga-barang-naik
232,CNN Indonesia,2026-05-18,MPR Didatangi SMA Pontianak Sebelum Batalkan Cerdas Cermat Ulang,0,https://www.cnnindonesia.com/nasional/20260518180541-32-1359706/mpr-didatangi-sma-pontianak-sebelum-batalkan-cerdas-cermat-ulang
233,CNN Indonesia,2026-05-18,MPR Putuskan Tidak Gelar Ulang Final Cerdas Cermat di Kalbar,0,https://www.cnnindonesia.com/nasional/20260518180349-32-1359704/mpr-putuskan-tidak-gelar-ulang-final-cerdas-cermat-di-kalbar
234,CNN Indonesia,2026-05-18,PDIP Nilai Jokowi Blusukan Sebagai Pesan Politik untuk Prabowo,0,https://www.cnnindonesia.com/nasional/20260518143456-32-1359615/pdip-nilai-jokowi-blusukan-sebagai-pesan-politik-untuk-prabowo
235,CNN Indonesia,2026-05-18,Prabowo Perkuat Alutsista RI di Tengah Ketidakpastian Dunia,0,https://www.cnnindonesia.com/nasional/20260518132626-32-1359572/prabowo-perkuat-alutsista-ri-di-tengah-ketidakpastian-dunia
236,CNN Indonesia,2026-05-18,"Jokowi Akan Blusukan ke NTT Bareng Projo, Terkait Pemilu 2029?",1,https://www.cnnindonesia.com/nasional/20260518112529-32-1359510/jokowi-akan-blusukan-ke-ntt-bareng-projo-terkait-pemilu-2029
237,CNN Indonesia,2026-05-16,Prabowo Gebrak Podium saat Resmikan Koperasi: Kita Bukan Bangsa Kalah,0,https://www.cnnindonesia.com/nasional/20260516142932-32-1359092/prabowo-gebrak-podium-saat-resmikan-koperasi-kita-bukan-bangsa-kalah
238,CNN Indonesia,2026-05-16,Prabowo Sindir Banyak Negara Mau Beli Beras RI Tapi Minta Diskon,0,https://www.cnnindonesia.com/nasional/20260516140917-32-1359088/prabowo-sindir-banyak-negara-mau-beli-beras-ri-tapi-minta-diskon
239,CNN Indonesia,2026-05-16,Prabowo Minta Pindad Buat Mobil Khusus Sapa Warga: Gue Udah 75 Tahun,0,https://www.cnnindonesia.com/nasional/20260516132531-32-1359081/prabowo-minta-pindad-buat-mobil-khusus-sapa-warga-gue-udah-75-tahun
240,CNN Indonesia,2026-05-16,"Prabowo: MBG Banyak Masalah, Kita Harus Tertibkan",0,https://www.cnnindonesia.com/nasional/20260516132944-32-1359082/prabowo-mbg-banyak-masalah-kita-harus-tertibkan
241,CNN Indonesia,2026-05-16,Prabowo: Selama Purbaya Bisa Senyum Enggak Usah Kalian Khawatir,0,https://www.cnnindonesia.com/nasional/20260516130609-32-1359068/prabowo-selama-purbaya-bisa-senyum-enggak-usah-kalian-khawatir
242,CNN Indonesia,2026-05-16,Prabowo Soal Rupiah Anjlok: Rakyat di Desa Enggak Pakai Dolar Kok,0,https://www.cnnindonesia.com/nasional/20260516121521-32-1359059/prabowo-soal-rupiah-anjlok-rakyat-di-desa-enggak-pakai-dolar-kok
243,CNN Indonesia,2026-05-16,"Prabowo: Soekarno Bukan Milik Satu Partai, tapi Rakyat Indonesia",0,https://www.cnnindonesia.com/nasional/20260516105912-32-1359045/prabowo-soekarno-bukan-milik-satu-partai-tapi-rakyat-indonesia
244,CNN Indonesia,2026-05-15,"Marak Kekerasan Seksual di Pesantren, PKB Kumpulkan Ratusan Ponpes",0,https://www.cnnindonesia.com/nasional/20260515203400-32-1358967/marak-kekerasan-seksual-di-pesantren-pkb-kumpulkan-ratusan-ponpes
245,CNN Indonesia,2026-05-15,Gerindra Sanksi Syahri Gegara Main Game-Merokok saat Rapat DPRD Jember,0,https://www.cnnindonesia.com/nasional/20260515191148-36-1358954/gerindra-sanksi-syahri-gegara-main-game-merokok-saat-rapat-dprd-jember
246,CNN Indonesia,2026-05-15,Syahri Gerindra Klaim Baru Sekali Ngegame-Merokok di Rapat DPRD Jember,0,https://www.cnnindonesia.com/nasional/20260515160016-32-1358891/syahri-gerindra-klaim-baru-sekali-ngegame-merokok-di-rapat-dprd-jember
247,CNN Indonesia,2026-05-15,"Main Game-Merokok saat Rapat, Anggota DPRD Jember Disanksi Gerindra",0,https://www.cnnindonesia.com/nasional/20260515153615-32-1358884/main-game-merokok-saat-rapat-anggota-dprd-jember-disanksi-gerindra
248,CNN Indonesia,2026-05-15,Gerindra Sanksi Ketua DPRD Kepri Gegara Naik Moge Tanpa Helm & SIM,0,https://www.cnnindonesia.com/nasional/20260515150059-32-1358868/gerindra-sanksi-ketua-dprd-kepri-gegara-naik-moge-tanpa-helm-sim
249,CNN Indonesia,2026-05-15,MPR Tunggu Surat Resmi SMA Pontianak Tolak Ikut Cerdas Cermat Ulang,0,https://www.cnnindonesia.com/nasional/20260515124929-32-1358820/mpr-tunggu-surat-resmi-sma-pontianak-tolak-ikut-cerdas-cermat-ulang
250,CNN Indonesia,2026-05-15,"Yusril Tak Larang Nobar, Sebut Isi Film Pesta Babi Kritik yang Wajar",0,https://www.cnnindonesia.com/nasional/20260515073829-32-1358748/yusril-tak-larang-nobar-sebut-isi-film-pesta-babi-kritik-yang-wajar
251,CNN Indonesia,2026-05-15,DPR Minta Pemerintah dan BI Jaga Kepercayaan Pasar,0,https://www.cnnindonesia.com/nasional/20260514215319-32-1358730/dpr-minta-pemerintah-dan-bi-jaga-kepercayaan-pasar
252,CNN Indonesia,2026-05-14,Yusril: Larangan Nobar Pesta Babi Bukan Arahan Pemerintah,0,https://www.cnnindonesia.com/nasional/20260514175215-32-1358694/yusril-larangan-nobar-pesta-babi-bukan-arahan-pemerintah
253,CNN Indonesia,2026-05-14,"PSI Minta Ade Armando Introspeksi, Tak Ngomong Urusan Partai Lagi",0,https://www.cnnindonesia.com/nasional/20260514154242-32-1358642/psi-minta-ade-armando-introspeksi-tak-ngomong-urusan-partai-lagi
254,CNN Indonesia,2026-05-14,"Respons Putusan MK, DPR Minta Istana IKN Mulai Difungsikan dan Dipakai",1,https://www.cnnindonesia.com/nasional/20260514151616-32-1358633/respons-putusan-mk-dpr-minta-istana-ikn-mulai-difungsikan-dan-dipakai
255,CNN Indonesia,2026-05-14,"Main Game dan Merokok di Rapat, Anggota DPRD Jember mengaku Khilaf",0,https://www.cnnindonesia.com/nasional/20260514152255-32-1358635/main-game-dan-merokok-di-rapat-anggota-dprd-jember-mengaku-khilaf
256,CNN Indonesia,2026-05-14,Anggota DPRD Jember Minta Maaf Usai Viral Main Game-Merokok saat Rapat,0,https://www.cnnindonesia.com/nasional/20260514145309-32-1358619/anggota-dprd-jember-minta-maaf-usai-viral-main-game-merokok-saat-rapat
257,CNN Indonesia,2026-05-14,Gerindra Panggil Anggota DPRD Jember Main Game-Rokok saat Rapat,0,https://www.cnnindonesia.com/nasional/20260513151440-32-1358288/gerindra-panggil-anggota-dprd-jember-main-game-rokok-saat-rapat
258,CNN Indonesia,2026-05-13,"MK Tegaskan Jakarta Tetap Ibu Kota, Komisi II DPR Buka Suara",1,https://www.cnnindonesia.com/nasional/20260513201112-32-1358425/mk-tegaskan-jakarta-tetap-ibu-kota-komisi-ii-dpr-buka-suara
259,CNN Indonesia,2026-05-13,Ade Ungkap Ada Internal PSI Tuding Dirinya Ganggu Rebranding Partai,1,https://www.cnnindonesia.com/nasional/20260513140013-32-1358238/ade-ungkap-ada-internal-psi-tuding-dirinya-ganggu-rebranding-partai
260,CNN Indonesia,2026-05-13,PSI Ingatkan Ade Armando Terlalu Jauh Ikut Campur Internal Partai,0,https://www.cnnindonesia.com/nasional/20260513133019-32-1358221/psi-ingatkan-ade-armando-terlalu-jauh-ikut-campur-internal-partai
261,CNN Indonesia,2026-05-13,Ade Armando: Saya Dengar Ada Suara di PSI Saya Harus Dikeluarkan,0,https://www.cnnindonesia.com/nasional/20260513120004-32-1358181/ade-armando-saya-dengar-ada-suara-di-psi-saya-harus-dikeluarkan
262,CNN Indonesia,2026-05-13,"Projo Umumkan Jokowi Sudah Pulih 99 Persen, Bakal Keliling Indonesia",0,https://www.cnnindonesia.com/nasional/20260513092034-32-1358115/projo-umumkan-jokowi-sudah-pulih-99-persen-bakal-keliling-indonesia
263,CNN Indonesia,2026-05-12,"LHKPN Wapres Gibran Catat Kekayaan Rp27,9 Miliar",0,https://www.cnnindonesia.com/nasional/20260512211207-32-1358021/lhkpn-wapres-gibran-catat-kekayaan-rp279-miliar
264,CNN Indonesia,2026-05-12,Komisi II Tegaskan RUU Pemilu Tetap Jadi Usul Inisiatif DPR,0,https://www.cnnindonesia.com/nasional/20260512192441-32-1357974/komisi-ii-tegaskan-ruu-pemilu-tetap-jadi-usul-inisiatif-dpr
265,CNN Indonesia,2026-05-12,"Puan Ungkap 4 RUU Prioritas DPR Usai Reses, RUU Pemilu Tak Masuk",0,https://www.cnnindonesia.com/nasional/20260512134125-32-1357834/puan-ungkap-4-ruu-prioritas-dpr-usai-reses-ruu-pemilu-tak-masuk
266,CNN Indonesia,2026-05-12,"DPR Protes Polemik Cerdas Cermat MPR, Minta Gelar Lomba Ulang",0,https://www.cnnindonesia.com/nasional/20260512132858-32-1357831/dpr-protes-polemik-cerdas-cermat-mpr-minta-gelar-lomba-ulang
267,CNN Indonesia,2026-05-12,MPR RI Nonaktifkan Juri hingga MC Buntut Polemik Lomba Cerdas Cermat,0,https://www.cnnindonesia.com/nasional/20260512123546-32-1357808/mpr-ri-nonaktifkan-juri-hingga-mc-buntut-polemik-lomba-cerdas-cermat
268,CNN Indonesia,2026-05-12,Puan Perintahkan Selidiki Pembubaran Nobar Film Pesta Babi,0,https://www.cnnindonesia.com/nasional/20260512122701-32-1357804/puan-perintahkan-selidiki-pembubaran-nobar-film-pesta-babi
269,CNN Indonesia,2026-05-12,Anak Adies Kadir Resmi Dilantik Jadi Anggota DPR,0,https://www.cnnindonesia.com/nasional/20260512112323-32-1357763/anak-adies-kadir-resmi-dilantik-jadi-anggota-dpr
270,CNN Indonesia,2026-05-12,"DPR Gelar Paripurna Pembukaan Masa Sidang, 287 Anggota Dewan Absen",0,https://www.cnnindonesia.com/nasional/20260512110706-32-1357758/dpr-gelar-paripurna-pembukaan-masa-sidang-287-anggota-dewan-absen
271,CNN Indonesia,2026-05-12,Zulhas Ungkap Alasan PAN Dukung Prabowo Selama 15 Tahun Terakhir,1,https://www.cnnindonesia.com/nasional/20260511080522-32-1357265/zulhas-ungkap-alasan-pan-dukung-prabowo-selama-15-tahun-terakhir
272,CNN Indonesia,2026-05-11,Grace Natalie Yakin Unggahan soal JK Tak Ada Pelanggaran Hukum,0,https://www.cnnindonesia.com/nasional/20260511181009-32-1357570/grace-natalie-yakin-unggahan-soal-jk-tak-ada-pelanggaran-hukum
273,CNN Indonesia,2026-05-11,Grace Natalie Tegaskan Kasus Video JK Tak Ada Kaitannya dengan PSI,0,https://www.cnnindonesia.com/nasional/20260511175602-32-1357567/grace-natalie-tegaskan-kasus-video-jk-tak-ada-kaitannya-dengan-psi
274,CNN Indonesia,2026-05-11,"Viral Lomba Cerdas Cermat MPR, Jawaban Sama Tapi Disalahkan Juri",1,https://www.cnnindonesia.com/nasional/20260511151849-36-1357513/viral-lomba-cerdas-cermat-mpr-jawaban-sama-tapi-disalahkan-juri
275,CNN Indonesia,2026-05-11,Kesaksian Hercules Ditawari Ratusan Miliar Demi Tak Dukung Prabowo,0,https://www.cnnindonesia.com/nasional/20260511054117-32-1357240/kesaksian-hercules-ditawari-ratusan-miliar-demi-tak-dukung-prabowo
276,CNN Indonesia,2026-05-10,Siapa yang Tawari Ratusan Miliar ke Hercules agar Tak Dukung Prabowo?,1,https://www.cnnindonesia.com/nasional/20260510172617-32-1357147/siapa-yang-tawari-ratusan-miliar-ke-hercules-agar-tak-dukung-prabowo
277,CNN Indonesia,2026-05-09,PKS Gelar Pelatihan Kader Muda: Pemimpin Harus Punya Spiritualitas,0,https://www.cnnindonesia.com/nasional/20260509214048-32-1356981/pks-gelar-pelatihan-kader-muda-pemimpin-harus-punya-spiritualitas
278,CNN Indonesia,2026-05-09,PDIP Tolak Usul RUU Pemilu Jadi Inisiatif Pemerintah: Ada Apa?,1,https://www.cnnindonesia.com/nasional/20260509200801-32-1356967/pdip-tolak-usul-ruu-pemilu-jadi-inisiatif-pemerintah-ada-apa
279,CNN Indonesia,2026-05-08,Gus Ipul: Menag Nasaruddin Umar Berpotensi Maju Calon Ketum PBNU,0,https://www.cnnindonesia.com/nasional/20260508123956-32-1356492/gus-ipul-menag-nasaruddin-umar-berpotensi-maju-calon-ketum-pbnu
280,CNN Indonesia,2026-05-08,"Kasus Ade Armando-Grace, Ahmad Ali Puji JK Sosok yang Matang",0,https://www.cnnindonesia.com/nasional/20260508113620-32-1356476/kasus-ade-armando-grace-ahmad-ali-puji-jk-sosok-yang-matang
281,CNN Indonesia,2026-05-08,DPR Minta Pemerintah Perketat Pintu Masuk RI Cegah Hantavirus,0,https://www.cnnindonesia.com/nasional/20260508114103-32-1356477/dpr-minta-pemerintah-perketat-pintu-masuk-ri-cegah-hantavirus
282,CNN Indonesia,2026-05-08,"Ahmad Ali Akan Bantu Grace Natalie, Ade Armando Respons JK",1,https://www.cnnindonesia.com/nasional/20260508065904-32-1356368/ahmad-ali-akan-bantu-grace-natalie-ade-armando-respons-jk
283,CNN Indonesia,2026-05-07,"Ahmad Ali Akan Temui JK, Bantu Mediasi Kasus Grace Natalie",0,https://www.cnnindonesia.com/nasional/20260507180634-32-1356263/ahmad-ali-akan-temui-jk-bantu-mediasi-kasus-grace-natalie
284,CNN Indonesia,2026-05-07,Komisi I DPR Harap Pelibatan TNI Gembleng Peserta LPDP Dikaji Ulang,0,https://www.cnnindonesia.com/nasional/20260506100732-32-1355599/komisi-i-dpr-harap-pelibatan-tni-gembleng-peserta-lpdp-dikaji-ulang
285,CNN Indonesia,2026-05-06,Istana Rangkul Homeless Media Jadi Mitra Pemerintah,0,https://www.cnnindonesia.com/nasional/20260506181023-32-1355888/istana-rangkul-homeless-media-jadi-mitra-pemerintah
286,CNN Indonesia,2026-05-06,"Tugas Tim Reformasi Polri Rampung, Prabowo Atur Pertemuan Lanjutan",0,https://www.cnnindonesia.com/nasional/20260506164644-32-1355846/tugas-tim-reformasi-polri-rampung-prabowo-atur-pertemuan-lanjutan
287,CNN Indonesia,2026-05-06,"DPRD Jabar Bahas Raperda Anti-LGBT, Klaim Respons Keresahan Masyarakat",1,https://www.cnnindonesia.com/nasional/20260506085445-32-1355572/dprd-jabar-bahas-raperda-anti-lgbt-klaim-respons-keresahan-masyarakat
288,CNN Indonesia,2026-05-06,Alasan PSI Emoh Bantu Grace Natalie Hadapi Kasus Hukum Video JK,1,https://www.cnnindonesia.com/nasional/20260506084944-32-1355571/alasan-psi-emoh-bantu-grace-natalie-hadapi-kasus-hukum-video-jk
289,CNN Indonesia,2026-05-05,"Prabowo Sepakati Penguatan Kompolnas, Rekomendasi Bersifat Mengikat",0,https://www.cnnindonesia.com/nasional/20260505194120-32-1355454/prabowo-sepakati-penguatan-kompolnas-rekomendasi-bersifat-mengikat
290,CNN Indonesia,2026-05-05,Prabowo Putuskan Kapolri Tetap Berada Langsung di Bawah Presiden,0,https://www.cnnindonesia.com/nasional/20260505183902-32-1355425/prabowo-putuskan-kapolri-tetap-berada-langsung-di-bawah-presiden
291,CNN Indonesia,2026-05-05,PSI: Ade Armando Mundur karena Cemas Kasus Hukum Dihubungkan ke Jokowi,0,https://www.cnnindonesia.com/nasional/20260505154713-32-1355343/psi-ade-armando-mundur-karena-cemas-kasus-hukum-dihubungkan-ke-jokowi
292,CNN Indonesia,2026-05-05,Ade Armando Mundur dari PSI,0,https://www.cnnindonesia.com/nasional/20260505150555-32-1355319/ade-armando-mundur-dari-psi
293,CNN Indonesia,2026-05-05,"Tim Reformasi Polri Temui Prabowo di Istana, Setor Laporan Hasil Kerja",0,https://www.cnnindonesia.com/nasional/20260505144159-32-1355307/tim-reformasi-polri-temui-prabowo-di-istana-setor-laporan-hasil-kerja
294,CNN Indonesia,2026-05-05,PSI Buka Suara soal Waketum Bro Ron Jadi Korban Pemukulan,1,https://www.cnnindonesia.com/nasional/20260505135523-32-1355272/psi-buka-suara-soal-waketum-bro-ron-jadi-korban-pemukulan
295,CNN Indonesia,2026-05-04,Puan: UU TPKS Ancam Hukuman Berat Tokoh Agama Pelaku Kekerasan Seksual,0,https://www.cnnindonesia.com/nasional/20260504194444-32-1355030/puan-uu-tpks-ancam-hukuman-berat-tokoh-agama-pelaku-kekerasan-seksual
296,CNN Indonesia,2026-05-04,"Tolak Usul Yusril, PDIP Ingin Ambang Batas Parlemen 6 Persen",0,https://www.cnnindonesia.com/nasional/20260504165717-32-1354955/tolak-usul-yusril-pdip-ingin-ambang-batas-parlemen-6-persen
297,CNN Indonesia,2026-05-04,Prabowo Teken Rencana Aksi Penanganan Ekstremisme Mengarah Terorisme,0,https://www.cnnindonesia.com/nasional/20260504153826-32-1354921/prabowo-teken-rencana-aksi-penanganan-ekstremisme-mengarah-terorisme
298,CNN Indonesia,2026-05-04,Pakar: Reshuffle Akan Sering Terjadi untuk Perkuat Dukungan ke Prabowo,0,https://www.cnnindonesia.com/nasional/20260504143016-32-1354887/pakar-reshuffle-akan-sering-terjadi-untuk-perkuat-dukungan-ke-prabowo
299,CNN Indonesia,2026-05-04,Prabowo Teken Perpres Kenaikan Gaji Hakim Ad Hoc hingga Rp105 Juta,0,https://www.cnnindonesia.com/nasional/20260504141915-32-1354865/prabowo-teken-perpres-kenaikan-gaji-hakim-ad-hoc-hingga-rp105-juta
300,CNN Indonesia,2026-05-04,DPR Minta Pemerintah Dampingi Korban Pencabulan Pendiri Ponpes di Pati,0,https://www.cnnindonesia.com/nasional/20260504114712-32-1354819/dpr-minta-pemerintah-dampingi-korban-pencabulan-pendiri-ponpes-di-pati
301,CNN Indonesia,2026-05-03,Gus Ipul: Muktamar ke-35 NU Digelar Agustus 2026,0,https://www.cnnindonesia.com/nasional/20260503153009-32-1354621/gus-ipul-muktamar-ke-35-nu-digelar-agustus-2026
302,CNN Indonesia,2026-05-03,"Hari Buruh, Hasto PDIP Soroti Kenaikan Harga dan Lapangan Kerja Sulit",0,https://www.cnnindonesia.com/nasional/20260503151034-32-1354604/hari-buruh-hasto-pdip-soroti-kenaikan-harga-dan-lapangan-kerja-sulit
303,CNN Indonesia,2026-05-03,PDIP Dialog dengan Partai Non Parlemen soal Ambang Batas,0,https://www.cnnindonesia.com/nasional/20260503142102-32-1354596/pdip-dialog-dengan-partai-non-parlemen-soal-ambang-batas
304,CNN Indonesia,2026-05-03,"Disebut Fitnah oleh Komdigi, Amien Rais Tak Mau Cabut Pernyataan",1,https://www.cnnindonesia.com/nasional/20260503133159-32-1354583/disebut-fitnah-oleh-komdigi-amien-rais-tak-mau-cabut-pernyataan
305,CNN Indonesia,2026-05-03,Rano Karno di Perayaan May Day PDIP: 59 Ribu Buruh Rasakan Manfaat KPJ,0,https://www.cnnindonesia.com/nasional/20260503132551-32-1354581/rano-karno-di-perayaan-may-day-pdip-59-ribu-buruh-rasakan-manfaat-kpj
306,CNN Indonesia,2026-05-02,"DPR hingga Komnas HAM Kritik Ide Tim Asesor Aktivis, Pigai Klarifikasi",1,https://www.cnnindonesia.com/nasional/20260502195630-32-1354470/dpr-hingga-komnas-ham-kritik-ide-tim-asesor-aktivis-pigai-klarifikasi
307,CNN Indonesia,2026-05-02,Megawati Sorot Kasus Penyiraman Air Keras Diadili di Peradilan Militer,0,https://www.cnnindonesia.com/nasional/20260502191000-32-1354461/megawati-sorot-kasus-penyiraman-air-keras-diadili-di-peradilan-militer
308,CNN Indonesia,2026-05-01,Dasco Sampaikan Salam Prabowo untuk Massa Buruh yang Pilih Demo di DPR,0,https://www.cnnindonesia.com/nasional/20260501133844-32-1354111/dasco-sampaikan-salam-prabowo-untuk-massa-buruh-yang-pilih-demo-di-dpr
309,CNN Indonesia,2026-04-30,Prabowo Beri Taklimat ke 1.500 Komandan Satuan TNI di Unhan,0,https://www.cnnindonesia.com/nasional/20260430192412-32-1353971/prabowo-beri-taklimat-ke-1500-komandan-satuan-tni-di-unhan
310,CNN Indonesia,2026-04-30,Canda Prabowo ke Menteri Trenggono: Enggak Boleh Pingsan Lagi,0,https://www.cnnindonesia.com/nasional/20260430062556-32-1353645/canda-prabowo-ke-menteri-trenggono-enggak-boleh-pingsan-lagi
311,CNN Indonesia,2026-04-29,"Prabowo Kembali Sindir Indonesia Gelap: Kalau Mau Kabur, Kabur Aja!",0,https://www.cnnindonesia.com/nasional/20260429122701-32-1353365/prabowo-kembali-sindir-indonesia-gelap-kalau-mau-kabur-kabur-aja
312,CNN Indonesia,2026-04-29,Qodari Soroti Beda Aturan Main Penyebaran Info Media Massa dan Medsos,0,https://www.cnnindonesia.com/nasional/20260429060710-32-1353224/qodari-soroti-beda-aturan-main-penyebaran-info-media-massa-dan-medsos
313,CNN Indonesia,2026-04-29,"Kepala Bakom Qodari: Ibarat Mobil, Saya Tipe Gas",0,https://www.cnnindonesia.com/nasional/20260429065426-32-1353238/kepala-bakom-qodari-ibarat-mobil-saya-tipe-gas
314,CNN Indonesia,2026-04-29,Qodari Ingin Bakom Lebih Agresif Sebarkan Kebijakan Pemerintah,1,https://www.cnnindonesia.com/nasional/20260428144136-32-1353038/qodari-ingin-bakom-lebih-agresif-sebarkan-kebijakan-pemerintah
315,CNN Indonesia,2026-04-29,Anggota DPR Sebut Para Korban Daycare Yogyakarta Layak Dapat Restitusi,0,https://www.cnnindonesia.com/nasional/20260428150055-32-1353049/anggota-dpr-sebut-para-korban-daycare-yogyakarta-layak-dapat-restitusi
316,CNN Indonesia,2026-04-29,"JK Kumpulkan Sejumlah Ormas Islam, Bahas Isu Penistaan Agama",0,https://www.cnnindonesia.com/nasional/20260429000847-32-1353218/jk-kumpulkan-sejumlah-ormas-islam-bahas-isu-penistaan-agama
317,CNN Indonesia,2026-04-28,DPR Desak KAI & Pemerintah Evaluasi Total Perlintasan Sebidang Kereta,0,https://www.cnnindonesia.com/nasional/20260428144240-32-1353039/dpr-desak-kai-pemerintah-evaluasi-total-perlintasan-sebidang-kereta
318,CNN Indonesia,2026-04-28,Prabowo Janji Kendalikan Sampah Indonesia dalam 3 Tahun,0,https://www.cnnindonesia.com/nasional/20260428165601-32-1353105/prabowo-janji-kendalikan-sampah-indonesia-dalam-3-tahun
319,CNN Indonesia,2026-04-28,DPR Kritik Logika Kemendikti soal Wacana Tutup Prodi Tak Relevan,0,https://www.cnnindonesia.com/nasional/20260428140903-32-1353029/dpr-kritik-logika-kemendikti-soal-wacana-tutup-prodi-tak-relevan
320,CNN Indonesia,2026-04-28,Seskab: Kemenhub Bakal Evaluasi Taksi Green SM Buntut Insiden Kereta,0,https://www.cnnindonesia.com/nasional/20260428145055-32-1353042/seskab-kemenhub-bakal-evaluasi-taksi-green-sm-buntut-insiden-kereta
321,CNN Indonesia,2026-04-28,Dudung Bakal Buka Posko Aduan KSP untuk Masyarakat,0,https://www.cnnindonesia.com/nasional/20260428120209-32-1352939/dudung-bakal-buka-posko-aduan-ksp-untuk-masyarakat
322,CNN Indonesia,2026-04-28,6 Pejabat yang Dilantik Prabowo di Reshuffle Jilid V,0,https://www.cnnindonesia.com/nasional/20260428061158-32-1352802/6-pejabat-yang-dilantik-prabowo-di-reshuffle-jilid-v
323,CNN Indonesia,2026-04-27,Rocky Gerung Ungkap Obrolan dengan Prabowo hingga Teddy di Istana,1,https://www.cnnindonesia.com/nasional/20260427181957-32-1352669/rocky-gerung-ungkap-obrolan-dengan-prabowo-hingga-teddy-di-istana
324,CNN Indonesia,2026-04-27,"DPR Respons Dikti, Sebut Perguruan Tinggi Bukan Pemasok Tenaga Kerja",0,https://www.cnnindonesia.com/nasional/20260427163840-32-1352626/dpr-respons-dikti-sebut-perguruan-tinggi-bukan-pemasok-tenaga-kerja
325,CNN Indonesia,2026-04-27,"Usai Dilantik Jadi KSP, Dudung Masih Rangkap Penasihat Khusus Presiden",0,https://www.cnnindonesia.com/nasional/20260427175233-32-1352655/usai-dilantik-jadi-ksp-dudung-masih-rangkap-penasihat-khusus-presiden
326,CNN Indonesia,2026-04-27,"Jadi Kepala Bakom, Qodari Soroti Medsos Berperilaku Seperti Pers",0,https://www.cnnindonesia.com/nasional/20260427164420-32-1352628/jadi-kepala-bakom-qodari-soroti-medsos-berperilaku-seperti-pers
327,CNN Indonesia,2026-04-27,"Prabowo Sudah 5 Kali Reshuffle dalam 1,5 Tahun, Berikut Daftarnya",1,https://www.cnnindonesia.com/nasional/20260427162847-32-1352620/prabowo-sudah-5-kali-reshuffle-dalam-15-tahun-berikut-daftarnya
328,CNN Indonesia,2026-04-27,00:56 Momen Prabowo-Gibran Salami Rocky Gerung di Istana,0,https://www.cnnindonesia.com/nasional/20260427161555-36-1352616/momen-prabowo-gibran-salami-rocky-gerung-di-istana
329,CNN Indonesia,2026-04-27,01:29 Daftar Reshuffle Kabinet Merah Putih yang Dilantik Prabowo,0,https://www.cnnindonesia.com/nasional/20260427154906-36-1352601/daftar-reshuffle-kabinet-merah-putih-yang-dilantik-prabowo
330,CNN Indonesia,2026-04-27,"Usai Dilantik, Dudung Janjikan KSP Buka 24 Jam Layani Laporan Warga",0,https://www.cnnindonesia.com/nasional/20260427152838-32-1352595/usai-dilantik-dudung-janjikan-ksp-buka-24-jam-layani-laporan-warga
331,CNN Indonesia,2026-04-27,"Jumhur Hidayat, Tokoh Pergerakan Buruh Kini Menteri Lingkungan Hidup",0,https://www.cnnindonesia.com/nasional/20260427113919-32-1352480/jumhur-hidayat-tokoh-pergerakan-buruh-kini-menteri-lingkungan-hidup
332,CNN Indonesia,2026-04-27,"Muhammad Qodari dari Lembaga Survei, KSP Hingga Kursi Kepala Bakom",0,https://www.cnnindonesia.com/nasional/20260427120017-32-1352498/muhammad-qodari-dari-lembaga-survei-ksp-hingga-kursi-kepala-bakom
333,CNN Indonesia,2026-04-27,"Dudung Abdurachman, Jenderal TNI Purn yang Dipercaya Pimpin KSP",0,https://www.cnnindonesia.com/nasional/20260427124523-32-1352519/dudung-abdurachman-jenderal-tni-purn-yang-dipercaya-pimpin-ksp
334,CNN Indonesia,2026-04-27,"Rocky Gerung Ikut Jumhur ke Istana, Cair Ngobrol Bareng Seskab Teddy",0,https://www.cnnindonesia.com/nasional/20260427150406-32-1352588/rocky-gerung-ikut-jumhur-ke-istana-cair-ngobrol-bareng-seskab-teddy
335,CNN Indonesia,2026-04-27,BREAKING NEWS Hasan Nasbi Resmi Dilantik Penasihat Khusus Presiden Bidang Komunikasi,0,https://www.cnnindonesia.com/nasional/20260426190303-32-1352278/hasan-nasbi-resmi-dilantik-penasihat-khusus-presiden-bidang-komunikasi
336,CNN Indonesia,2026-04-27,BREAKING NEWS Daftar Lengkap Reshuffle Pejabat yang Dilantik Prabowo,0,https://www.cnnindonesia.com/nasional/20260423193710-32-1351392/daftar-lengkap-reshuffle-pejabat-yang-dilantik-prabowo
337,CNN Indonesia,2026-04-27,BREAKING NEWS Dudung Abdurachman Resmi Jabat Kepala KSP Gantikan Qodari,0,https://www.cnnindonesia.com/nasional/20260426190654-32-1352282/dudung-abdurachman-resmi-jabat-kepala-ksp-gantikan-qodari
338,CNN Indonesia,2026-04-27,"BREAKING NEWS Prabowo Resmi Reshuffle Kabinet: Dudung KSP, Jumhur Menteri LH",0,https://www.cnnindonesia.com/nasional/20260427104041-32-1352444/prabowo-resmi-reshuffle-kabinet-dudung-ksp-jumhur-menteri-lh
339,CNN Indonesia,2026-04-27,BREAKING NEWS Qodari Resmi Dilantik Jadi Kepala Badan Komunikasi Pemerintah,0,https://www.cnnindonesia.com/nasional/20260427061816-32-1352333/qodari-resmi-dilantik-jadi-kepala-badan-komunikasi-pemerintah
340,CNN Indonesia,2026-04-27,BREAKING NEWS Prabowo Lantik Jumhur Hidayat Jadi Menteri Lingkungan Hidup,0,https://www.cnnindonesia.com/nasional/20260427105251-32-1352448/prabowo-lantik-jumhur-hidayat-jadi-menteri-lingkungan-hidup
341,CNN Indonesia,2026-04-27,Jumhur Hidayat Tiba di Istana Jelang Reshuffle Kabinet,0,https://www.cnnindonesia.com/nasional/20260427141325-36-1352556/jumhur-hidayat-tiba-di-istana-jelang-reshuffle-kabinet
342,CNN Indonesia,2026-04-27,Presiden KSPSI: Jumhur Hidayat Bakal Dilantik Jadi Menteri LH,0,https://www.cnnindonesia.com/nasional/20260427135636-32-1352550/presiden-kspsi-jumhur-hidayat-bakal-dilantik-jadi-menteri-lh
343,CNN Indonesia,2026-04-27,Jumhur Hidayat dan Qodari Tiba di Istana Jelang Reshuffle Kabinet,0,https://www.cnnindonesia.com/nasional/20260423183907-32-1351361/jumhur-hidayat-dan-qodari-tiba-di-istana-jelang-reshuffle-kabinet
344,CNN Indonesia,2026-04-27,Daftar Kontroversi Gubernur Kaltim Rudy Mas'ud Berujung Aksi 21 April,0,https://www.cnnindonesia.com/nasional/20260427113548-32-1352471/daftar-kontroversi-gubernur-kaltim-rudy-masud-berujung-aksi-21-april
345,CNN Indonesia,2026-04-27,"Prabowo Dikabarkan Lantik Pejabat Hari Ini, Qodari Buka Suara",1,https://www.cnnindonesia.com/nasional/20260427110050-32-1352452/prabowo-dikabarkan-lantik-pejabat-hari-ini-qodari-buka-suara
346,CNN Indonesia,2026-04-27,Daftar Lengkap Kajian KPK untuk Tata Kelola Partai Politik,0,https://www.cnnindonesia.com/nasional/20260427064100-32-1352337/daftar-lengkap-kajian-kpk-untuk-tata-kelola-partai-politik
347,CNN Indonesia,2026-04-25,"Andika, Gatot hingga Wiranto Bertemu Menhan di Tengah Panas Geopolitik",0,https://www.cnnindonesia.com/nasional/20260424181355-32-1351750/andika-gatot-hingga-wiranto-bertemu-menhan-di-tengah-panas-geopolitik
348,CNN Indonesia,2026-04-25,Daftar Ketum Partai dengan Jabatan Terlama di Tengah Usul Pembatasan,0,https://www.cnnindonesia.com/nasional/20260424175311-32-1351747/daftar-ketum-partai-dengan-jabatan-terlama-di-tengah-usul-pembatasan
349,CNN Indonesia,2026-04-25,"PDIP, PKB, Golkar Respons Usul KPK Soal Syarat Capres Harus Kader",1,https://www.cnnindonesia.com/nasional/20260424145139-32-1351649/pdip-pkb-golkar-respons-usul-kpk-soal-syarat-capres-harus-kader
350,CNN Indonesia,2026-04-24,"Presiden Panggil Kapolri ke Hambalang Hari Ini, Ada Apa?",1,https://www.cnnindonesia.com/nasional/20260424181017-32-1351753/presiden-panggil-kapolri-ke-hambalang-hari-ini-ada-apa
351,CNN Indonesia,2026-04-24,PKB Jatim Buka Suara Usai Ketua DPRD Magetan Jadi Tersangka Korupsi,1,https://www.cnnindonesia.com/nasional/20260424162644-32-1351692/pkb-jatim-buka-suara-usai-ketua-dprd-magetan-jadi-tersangka-korupsi
352,CNN Indonesia,2026-04-24,Golkar dan PKS Dukung Pembatasan Jabatan Ketum Partai 2 Periode,0,https://www.cnnindonesia.com/nasional/20260424140904-32-1351628/golkar-dan-pks-dukung-pembatasan-jabatan-ketum-partai-2-periode
353,CNN Indonesia,2026-04-24,MPP PKS Dukung Usul KPK Batasi Masa Jabatan Ketua Umum 2 Periode,0,https://www.cnnindonesia.com/nasional/20260424124122-32-1351573/mpp-pks-dukung-usul-kpk-batasi-masa-jabatan-ketua-umum-2-periode
354,CNN Indonesia,2026-04-24,ANALISIS Pembatasan Jabatan Ketum Parpol Demi Kepentingan Publik,0,https://www.cnnindonesia.com/nasional/20260424102855-32-1351510/pembatasan-jabatan-ketum-parpol-demi-kepentingan-publik
355,CNN Indonesia,2026-04-24,"Menhan Kumpulkan Purnawirawan TNI, Andika-Gatot Nurmantyo Hadir",0,https://www.cnnindonesia.com/nasional/20260424100840-32-1351503/menhan-kumpulkan-purnawirawan-tni-andika-gatot-nurmantyo-hadir
356,CNN Indonesia,2026-04-24,PKB dan Demokrat Kompak Tolak Usul KPK Batasi Ketum Parpol 2 Periode,0,https://www.cnnindonesia.com/nasional/20260423190405-32-1351371/pkb-dan-demokrat-kompak-tolak-usul-kpk-batasi-ketum-parpol-2-periode
357,CNN Indonesia,2026-04-24,NasDem Setuju Usul KPK soal Syarat Capres Harus Kader,0,https://www.cnnindonesia.com/nasional/20260423213514-32-1351427/nasdem-setuju-usul-kpk-soal-syarat-capres-harus-kader
358,CNN Indonesia,2026-04-23,"Selain Batasi Jabatan Ketum, KPK Juga Usul Syarat Capres Harus Kader",0,https://www.cnnindonesia.com/nasional/20260423155127-32-1351263/selain-batasi-jabatan-ketum-kpk-juga-usul-syarat-capres-harus-kader
359,CNN Indonesia,2026-04-23,PAN Tolak Usulan KPK soal Jabatan Ketum Parpol Dibatasi 2 Periode,0,https://www.cnnindonesia.com/nasional/20260423144301-32-1351216/pan-tolak-usulan-kpk-soal-jabatan-ketum-parpol-dibatasi-2-periode
360,CNN Indonesia,2026-04-23,"KPK Usul Ketum Partai Dibatasi 2 Periode, PDIP-NasDem Buka Suara",1,https://www.cnnindonesia.com/nasional/20260423102757-32-1351094/kpk-usul-ketum-partai-dibatasi-2-periode-pdip-nasdem-buka-suara
361,CNN Indonesia,2026-04-23,Jubir Beberkan Peran Jusuf Kalla Buka Jalan Karier Politik Jokowi,1,https://www.cnnindonesia.com/nasional/20260423072024-32-1351014/jubir-beberkan-peran-jusuf-kalla-buka-jalan-karier-politik-jokowi
362,CNN Indonesia,2026-04-23,Gibran Respons Jusuf Kalla Jadikan Jokowi Presiden: Pak JK Idola Saya,0,https://www.cnnindonesia.com/nasional/20260423062139-32-1350996/gibran-respons-jusuf-kalla-jadikan-jokowi-presiden-pak-jk-idola-saya
363,CNN Indonesia,2026-04-23,Ambang Batas Parlemen di RUU Pemilu Diusulkan Berlaku hingga DPRD,0,https://www.cnnindonesia.com/nasional/20260422200923-32-1350957/ambang-batas-parlemen-di-ruu-pemilu-diusulkan-berlaku-hingga-dprd
364,CNN Indonesia,2026-04-22,PBB Laporkan Kementerian Hukum ke Ombudsman,0,https://www.cnnindonesia.com/nasional/20260422215335-32-1350983/pbb-laporkan-kementerian-hukum-ke-ombudsman
365,CNN Indonesia,2026-04-22,Alasan PKS Copot Khoirudin dari Jabatan Ketua DPRD DKI Jakarta,1,https://www.cnnindonesia.com/nasional/20260422165205-32-1350886/alasan-pks-copot-khoirudin-dari-jabatan-ketua-dprd-dki-jakarta
366,CNN Indonesia,2026-04-22,Golkar Usul Ambang Batas Parlemen Naik Jadi 5 Persen di RUU Pemilu,0,https://www.cnnindonesia.com/nasional/20260422164447-32-1350884/golkar-usul-ambang-batas-parlemen-naik-jadi-5-persen-di-ruu-pemilu
367,CNN Indonesia,2026-04-22,"Simak, Ketentuan Jaminan Kesehatan dan Ketenagakerjaan PRT di UU PPRT",1,https://www.cnnindonesia.com/nasional/20260422160903-32-1350861/simak-ketentuan-jaminan-kesehatan-dan-ketenagakerjaan-prt-di-uu-pprt
368,CNN Indonesia,2026-04-22,Menteri PPPA Sebut UU PPRT Juga Jamin Keamanan Majikan,0,https://www.cnnindonesia.com/nasional/20260422150113-32-1350838/menteri-pppa-sebut-uu-pprt-juga-jamin-keamanan-majikan
369,CNN Indonesia,2026-04-22,"Yusril: RUU Pemilu Ditargetkan Rampung 2,5 tahun Pemerintahan Prabowo",0,https://www.cnnindonesia.com/nasional/20260422125133-32-1350758/yusril-ruu-pemilu-ditargetkan-rampung-25-tahun-pemerintahan-prabowo
370,CNN Indonesia,2026-04-22,Poin-poin Penting UU PPRT yang Baru Disahkan,1,https://www.cnnindonesia.com/nasional/20260422113152-32-1350706/poin-poin-penting-uu-pprt-yang-baru-disahkan
371,CNN Indonesia,2026-04-22,Maraton Pertemuan Prabowo dengan Dudung dan Luhut di Istana Negara,0,https://www.cnnindonesia.com/nasional/20260422071240-32-1350615/maraton-pertemuan-prabowo-dengan-dudung-dan-luhut-di-istana-negara
372,CNN Indonesia,2026-04-22,Puan Pastikan RUU Pemilu Tak Akan Dibahas Diam-diam,0,https://www.cnnindonesia.com/nasional/20260421204646-32-1350560/puan-pastikan-ruu-pemilu-tak-akan-dibahas-diam-diam
373,CNN Indonesia,2026-04-22,"Puan Respons Pelaporan Aktivis, Ingatkan Kritik Harus Santun",0,https://www.cnnindonesia.com/nasional/20260421200658-32-1350551/puan-respons-pelaporan-aktivis-ingatkan-kritik-harus-santun
374,CNN Indonesia,2026-04-21,Anggota DPR Chat Menhan Sjarie soal Akses Penuh Lintas Udara AS di RI,0,https://www.cnnindonesia.com/nasional/20260421192008-32-1350529/anggota-dpr-chat-menhan-sjarie-soal-akses-penuh-lintas-udara-as-di-ri
375,CNN Indonesia,2026-04-21,"Prabowo-Luhut Bertemu 4 Mata di Istana, Bahas Apa?",1,https://www.cnnindonesia.com/nasional/20260421195654-32-1350549/prabowo-luhut-bertemu-4-mata-di-istana-bahas-apa
376,CNN Indonesia,2026-04-21,DPD Papua Kecam Serangan KKB Tewaskan Warga Sipil di Kabupaten Puncak,0,https://www.cnnindonesia.com/nasional/20260421165013-32-1350474/dpd-papua-kecam-serangan-kkb-tewaskan-warga-sipil-di-kabupaten-puncak
377,CNN Indonesia,2026-04-21,DPR Ingin Perubahan Ambang Batas Parlemen Tak Beratkan Partai,0,https://www.cnnindonesia.com/nasional/20260421151957-32-1350432/dpr-ingin-perubahan-ambang-batas-parlemen-tak-beratkan-partai
378,CNN Indonesia,2026-04-21,Mantan KSAD Dudung Mendadak ke Istana Presiden Sore Ini,0,https://www.cnnindonesia.com/nasional/20260421150055-32-1350431/mantan-ksad-dudung-mendadak-ke-istana-presiden-sore-ini
379,CNN Indonesia,2026-04-21,"Tak Mau Digugat ke MK, DPR Tak Akan Buru-buru Bahas RUU Pemilu",0,https://www.cnnindonesia.com/nasional/20260421142510-32-1350402/tak-mau-digugat-ke-mk-dpr-tak-akan-buru-buru-bahas-ruu-pemilu
380,CNN Indonesia,2026-04-21,Dasco Bantah Isu Merger Gerindra-NasDem,0,https://www.cnnindonesia.com/nasional/20260421131715-32-1350363/dasco-bantah-isu-merger-gerindra-nasdem
381,CNN Indonesia,2026-04-21,"UU PPRT Resmi Disahkan, PRT Berhak Jaminan Kesehatan & Ketenagakerjaan",0,https://www.cnnindonesia.com/nasional/20260421113228-32-1350298/uu-pprt-resmi-disahkan-prt-berhak-jaminan-kesehatan-ketenagakerjaan
382,CNN Indonesia,2026-04-21,Paripurna DPR Resmi Sahkan UU Perlindungan Saksi dan Korban,0,https://www.cnnindonesia.com/nasional/20260421111159-32-1350289/paripurna-dpr-resmi-sahkan-uu-perlindungan-saksi-dan-korban
383,CNN Indonesia,2026-04-21,"Respons Amarah JK ke Termul, PDIP Beber Jejak Pengkhianatan Jokowi",1,https://www.cnnindonesia.com/nasional/20260421061235-32-1350185/respons-amarah-jk-ke-termul-pdip-beber-jejak-pengkhianatan-jokowi
384,CNN Indonesia,2026-04-21,12 Poin Penting RUU PPRT yang Akan Disahkan Jadi UU Hari Ini,1,https://www.cnnindonesia.com/nasional/20260420225000-32-1350174/12-poin-penting-ruu-pprt-yang-akan-disahkan-jadi-uu-hari-ini
385,CNN Indonesia,2026-04-20,DPR-Pemerintah Sepakati RUU PPRT Disahkan Jadi UU Besok,0,https://www.cnnindonesia.com/nasional/20260420215302-32-1350165/dpr-pemerintah-sepakati-ruu-pprt-disahkan-jadi-uu-besok
386,CNN Indonesia,2026-04-20,Prabowo Perintahkan Mendikti Gandeng Kampus di Proyek Giant Sea Wall,0,https://www.cnnindonesia.com/nasional/20260420202838-32-1350147/prabowo-perintahkan-mendikti-gandeng-kampus-di-proyek-giant-sea-wall
387,CNN Indonesia,2026-04-20,Bahlil Tugasi Sekjen Golkar Kawal Kasus Pembunuhan Nus Kei,0,https://www.cnnindonesia.com/nasional/20260420191714-32-1350124/bahlil-tugasi-sekjen-golkar-kawal-kasus-pembunuhan-nus-kei
388,CNN Indonesia,2026-04-20,"PBB Gugat UU Parpol ke MK, Singgung Kewenangan Menteri Hukum",0,https://www.cnnindonesia.com/nasional/20260420183759-32-1350115/pbb-gugat-uu-parpol-ke-mk-singgung-kewenangan-menteri-hukum
389,CNN Indonesia,2026-04-20,Ketua MPR: Lembaga Legislatif-Yudikatif Akan Pindah ke IKN 2028,0,https://www.cnnindonesia.com/nasional/20260420153147-32-1350053/ketua-mpr-lembaga-legislatif-yudikatif-akan-pindah-ke-ikn-2028
390,CNN Indonesia,2026-04-20,"Jokowi Respons JK: Saya Bukan Siapa-siapa, Orang Kampung",0,https://www.cnnindonesia.com/nasional/20260420150729-32-1350042/jokowi-respons-jk-saya-bukan-siapa-siapa-orang-kampung
391,CNN Indonesia,2026-04-20,Prabowo Panggil Trenggono hingga Mendikti ke Istana,0,https://www.cnnindonesia.com/nasional/20260420143429-32-1350032/prabowo-panggil-trenggono-hingga-mendikti-ke-istana
392,CNN Indonesia,2026-04-20,Bara JP Ungkit Komentar JK soal Negara Hancur Jika Jokowi Presiden,0,https://www.cnnindonesia.com/nasional/20260420074810-32-1349844/bara-jp-ungkit-komentar-jk-soal-negara-hancur-jika-jokowi-presiden
393,CNN Indonesia,2026-04-19,Golkar Maluku: Usut Tuntas Penikaman Nus Kei,0,https://www.cnnindonesia.com/nasional/20260419203529-32-1349755/golkar-maluku-usut-tuntas-penikaman-nus-kei
394,CNN Indonesia,2026-04-19,Mengapa JK Ungkit Peran di Balik Jokowi Jadi Presiden?,1,https://www.cnnindonesia.com/nasional/20260419191646-32-1349745/mengapa-jk-ungkit-peran-di-balik-jokowi-jadi-presiden
395,CNN Indonesia,2026-04-19,Cak Imin Minta Regulasi Jelas untuk Cegah Penyalahgunaan Vape,0,https://www.cnnindonesia.com/nasional/20260419123704-32-1349645/cak-imin-minta-regulasi-jelas-untuk-cegah-penyalahgunaan-vape
396,CNN Indonesia,2026-04-19,Poin-Poin Pernyataan JK Usai Dipolisikan Terkait Penistaan Agama,1,https://www.cnnindonesia.com/nasional/20260419104157-32-1349614/poin-poin-pernyataan-jk-usai-dipolisikan-terkait-penistaan-agama
397,CNN Indonesia,2026-04-18,"JK: Kasih Tahu ke Termul-termul, Jokowi Jadi Presiden karena Saya",0,https://www.cnnindonesia.com/nasional/20260418195654-32-1349531/jk-kasih-tahu-ke-termul-termul-jokowi-jadi-presiden-karena-saya
398,CNN Indonesia,2026-04-17,Yasonna: Jangan Diam saat Jadi Korban dan Saksikan Pelecehan Seksual,0,https://www.cnnindonesia.com/nasional/20260417141915-32-1349162/yasonna-jangan-diam-saat-jadi-korban-dan-saksikan-pelecehan-seksual
399,CNN Indonesia,2026-04-17,"Ketua Ombudsman Ditangkap, Komisi II Minta Maaf soal Fit & Proper Test",0,https://www.cnnindonesia.com/nasional/20260417143615-32-1349165/ketua-ombudsman-ditangkap-komisi-ii-minta-maaf-soal-fit-proper-test
400,CNN Indonesia,2026-04-17,"Mualem Minta DPR Naikkan Dana Otsus  Aceh Jadi 2,5 Persen",0,https://www.cnnindonesia.com/nasional/20260417102034-32-1349038/mualem-minta-dpr-naikkan-dana-otsus-aceh-jadi-25-persen
401,CNN Indonesia,2026-04-17,"Kasus Saiful Mujani, Burhanuddin Muhtadi Beber Kondisi Sosial Hari Ini",0,https://www.cnnindonesia.com/nasional/20260417084156-32-1349004/kasus-saiful-mujani-burhanuddin-muhtadi-beber-kondisi-sosial-hari-ini
402,CNN Indonesia,2026-04-17,Puan Desak 16 Mahasiswa Chat Mesum UI Ditindak: Korban Jangan Diam,0,https://www.cnnindonesia.com/nasional/20260416142754-32-1348691/puan-desak-16-mahasiswa-chat-mesum-ui-ditindak-korban-jangan-diam
403,CNN Indonesia,2026-04-17,Mualem Desak DPR Sahkan Revisi UU Pemerintah Aceh Sebelum Agustus,0,https://www.cnnindonesia.com/nasional/20260416220416-32-1348913/mualem-desak-dpr-sahkan-revisi-uu-pemerintah-aceh-sebelum-agustus
404,CNN Indonesia,2026-04-17,"Konflik Timteng, DPR Minta Pemerintah Antisipasi Kenaikan Harga Pangan",0,https://www.cnnindonesia.com/nasional/20260416215243-32-1348911/konflik-timteng-dpr-minta-pemerintah-antisipasi-kenaikan-harga-pangan
405,CNN Indonesia,2026-04-16,"PDIP, Golkar, Hingga Demokrat Respons Isu Reshuffle",1,https://www.cnnindonesia.com/nasional/20260416193845-32-1348870/pdip-golkar-hingga-demokrat-respons-isu-reshuffle
406,CNN Indonesia,2026-04-16,"Prabowo Rapat Terbatas Bareng Dasco, Prasetyo, hingga Sugiono",0,https://www.cnnindonesia.com/nasional/20260416193852-32-1348871/prabowo-rapat-terbatas-bareng-dasco-prasetyo-hingga-sugiono
407,CNN Indonesia,2026-04-16,"Ngaku Ditelepon JK, Ahmad Ali PSI Siap Tengahi Laporan GAMKI",0,https://www.cnnindonesia.com/nasional/20260416191807-32-1348854/ngaku-ditelepon-jk-ahmad-ali-psi-siap-tengahi-laporan-gamki
408,CNN Indonesia,2026-04-16,THE BIG IDEA FORUM Gebrakan Sherly Tjoanda demi Ubah Masa Depan Anak Maluku Utara,1,https://www.cnnindonesia.com/nasional/20260416174808-32-1348820/gebrakan-sherly-tjoanda-demi-ubah-masa-depan-anak-maluku-utara
409,CNN Indonesia,2026-04-16,Puan Sebut RUU Pemilu Masih Dibahas Para Ketum Parpol,0,https://www.cnnindonesia.com/nasional/20260416151321-32-1348717/puan-sebut-ruu-pemilu-masih-dibahas-para-ketum-parpol
410,CNN Indonesia,2026-04-16,Ahmad Ali: PSI Tak Punya Urusan dengan Pelaporan Terhadap Pak JK,0,https://www.cnnindonesia.com/nasional/20260416151850-32-1348722/ahmad-ali-psi-tak-punya-urusan-dengan-pelaporan-terhadap-pak-jk
411,CNN Indonesia,2026-04-16,Musim Polisikan Tokoh Gara-Gara Pernyataan Kritis,0,https://www.cnnindonesia.com/nasional/20260415130343-32-1348213/musim-polisikan-tokoh-gara-gara-pernyataan-kritis
412,CNN Indonesia,2026-04-16,Isi Kesepakatan MDCP Indonesia-AS yang Disepakati Sjafrie dan Hegseth,1,https://www.cnnindonesia.com/nasional/20260416083420-32-1348514/isi-kesepakatan-mdcp-indonesia-as-yang-disepakati-sjafrie-dan-hegseth
413,CNN Indonesia,2026-04-16,Ramai-Ramai Anggota DPR Kecam Grup Chat Mesum FH UI,0,https://www.cnnindonesia.com/nasional/20260415155742-32-1348317/ramai-ramai-anggota-dpr-kecam-grup-chat-mesum-fh-ui
414,CNN Indonesia,2026-04-16,DPR Ungkap 10 Isu Perubahan di RUU Pemilu,0,https://www.cnnindonesia.com/nasional/20260415215236-32-1348450/dpr-ungkap-10-isu-perubahan-di-ruu-pemilu
415,CNN Indonesia,2026-04-15,Daftar 5 RUU Baru Disetujui DPR Masuk Daftar Prolegnas Prioritas 2026,0,https://www.cnnindonesia.com/nasional/20260415202314-32-1348434/daftar-5-ruu-baru-disetujui-dpr-masuk-daftar-prolegnas-prioritas-2026
416,CNN Indonesia,2026-04-15,Survei Median: 67 Persen Publik Tolak Prabowo Dilengserkan,0,https://www.cnnindonesia.com/nasional/20260415162334-32-1348334/survei-median-67-persen-publik-tolak-prabowo-dilengserkan
417,CNN Indonesia,2026-04-15,DPR Usul Bentuk Badan Baru Satu Data Indonesia,0,https://www.cnnindonesia.com/nasional/20260415163135-32-1348337/dpr-usul-bentuk-badan-baru-satu-data-indonesia
418,CNN Indonesia,2026-04-15,Ramai-ramai Kader NasDem Murka ke Tempo soal Sampul Surya Paloh,0,https://www.cnnindonesia.com/nasional/20260414174856-32-1347936/ramai-ramai-kader-nasdem-murka-ke-tempo-soal-sampul-surya-paloh
419,CNN Indonesia,2026-04-14,Baleg DPR Pantau Putusan MK Soal Kewenangan BPK di Kerugian Negara,0,https://www.cnnindonesia.com/nasional/20260414233839-32-1348017/baleg-dpr-pantau-putusan-mk-soal-kewenangan-bpk-di-kerugian-negara
420,CNN Indonesia,2026-04-14,DPR Minta Polri Jangan Risau Tindak Tegas Oknum yang Melanggar,0,https://www.cnnindonesia.com/nasional/20260414220202-32-1348011/dpr-minta-polri-jangan-risau-tindak-tegas-oknum-yang-melanggar
421,CNN Indonesia,2026-04-14,DPR Minta UI Bersikap Tegas soal Dugaan Kasus Chat Mesum Mahasiswa,0,https://www.cnnindonesia.com/nasional/20260414171902-32-1347927/dpr-minta-ui-bersikap-tegas-soal-dugaan-kasus-chat-mesum-mahasiswa
422,CNN Indonesia,2026-04-14,Habib Aboe PKS Minta Maaf Buntut Ucapan Ulama Madura Terlibat Narkoba,0,https://www.cnnindonesia.com/nasional/20260414150647-32-1347846/habib-aboe-pks-minta-maaf-buntut-ucapan-ulama-madura-terlibat-narkoba
423,CNN Indonesia,2026-04-14,"Menhan Sjafrie Bertemu Menteri Perang AS di Pentagon, Bahas Apa?",1,https://www.cnnindonesia.com/nasional/20260414143131-32-1347826/menhan-sjafrie-bertemu-menteri-perang-as-di-pentagon-bahas-apa
424,CNN Indonesia,2026-04-14,Kemhan: Izin Terbang Pesawat AS Tidak Masuk dalam MDCP,0,https://www.cnnindonesia.com/nasional/20260414133912-32-1347803/kemhan-izin-terbang-pesawat-as-tidak-masuk-dalam-mdcp
425,CNN Indonesia,2026-04-14,Sejarah Fusi Parpol di Tengah Isu Blok Politik NasDem-Gerindra,0,https://www.cnnindonesia.com/nasional/20260414123231-32-1347759/sejarah-fusi-parpol-di-tengah-isu-blok-politik-nasdem-gerindra
426,CNN Indonesia,2026-04-14,MKD DPR Panggil Habib Aboe PKS Buntut Pernyataan Ulama-Narkoba,0,https://www.cnnindonesia.com/nasional/20260413193410-32-1347525/mkd-dpr-panggil-habib-aboe-pks-buntut-pernyataan-ulama-narkoba
427,CNN Indonesia,2026-04-14,Perubahan UU Perlindungan Saksi dan Korban Selangkah Lagi Disahkan,0,https://www.cnnindonesia.com/nasional/20260414073928-32-1347644/perubahan-uu-perlindungan-saksi-dan-korban-selangkah-lagi-disahkan
428,CNN Indonesia,2026-04-14,Survei Poltracking: MBG Sokong Kepuasan Publik Terhadap Prabowo,0,https://www.cnnindonesia.com/nasional/20260413202944-32-1347548/survei-poltracking-mbg-sokong-kepuasan-publik-terhadap-prabowo
429,CNN Indonesia,2026-04-13,Anak Buah Paloh Bantah Merger NasDem-Gerindra: Tawarkan Blok Politik,0,https://www.cnnindonesia.com/nasional/20260413205409-32-1347555/anak-buah-paloh-bantah-merger-nasdem-gerindra-tawarkan-blok-politik
430,CNN Indonesia,2026-04-13,Mendagri Tito soal Marak OTT Kepala Daerah: Yang Milih Siapa?,1,https://www.cnnindonesia.com/nasional/20260413175644-32-1347477/mendagri-tito-soal-marak-ott-kepala-daerah-yang-milih-siapa
431,CNN Indonesia,2026-04-13,Tito Akui Angka Kemiskinan di Papua Jauh di Atas Nasional: Bukan Bagus,0,https://www.cnnindonesia.com/nasional/20260413141657-32-1347367/tito-akui-angka-kemiskinan-di-papua-jauh-di-atas-nasional-bukan-bagus
432,CNN Indonesia,2026-04-13,"Survei Poltracking: Prabowo, Demul, Anies Tiga Capres Teratas",0,https://www.cnnindonesia.com/nasional/20260413173630-32-1347467/survei-poltracking-prabowo-demul-anies-tiga-capres-teratas
433,CNN Indonesia,2026-04-13,Komisi I: Tak Ada Dasar Hukum Akses Bebas Ruang Udara bagi Pihak Asing,0,https://www.cnnindonesia.com/nasional/20260413165504-32-1347441/komisi-i-tak-ada-dasar-hukum-akses-bebas-ruang-udara-bagi-pihak-asing
434,CNN Indonesia,2026-04-13,"Ketua PSI Sowan Jokowi di Solo, Bahas Ijazah dan JK Sambil Tertawa",0,https://www.cnnindonesia.com/nasional/20260413145122-32-1347385/ketua-psi-sowan-jokowi-di-solo-bahas-ijazah-dan-jk-sambil-tertawa
435,CNN Indonesia,2026-04-13,Canda Anggota DPR di Rapat: NasDem dan Gerindra Mau Merger?,1,https://www.cnnindonesia.com/nasional/20260413132201-32-1347329/canda-anggota-dpr-di-rapat-nasdem-dan-gerindra-mau-merger
436,CNN Indonesia,2026-04-13,Habib Gerindra: Saiful Mujani Kritik Atau Operasi Politik?,1,https://www.cnnindonesia.com/nasional/20260413112700-32-1347284/habib-gerindra-saiful-mujani-kritik-atau-operasi-politik
437,CNN Indonesia,2026-04-13,Saling Sahut Jokowi dengan JK Usai Polemik Ijazah Disebut Berlarut,0,https://www.cnnindonesia.com/nasional/20260413061112-32-1347189/saling-sahut-jokowi-dengan-jk-usai-polemik-ijazah-disebut-berlarut
438,CNN Indonesia,2026-04-12,Survei LSI: Warga Pilih Presiden Penuhi Janji Kampanye Ketimbang PPHN,0,https://www.cnnindonesia.com/nasional/20260412183444-32-1347127/survei-lsi-warga-pilih-presiden-penuhi-janji-kampanye-ketimbang-pphn
439,CNN Indonesia,2026-04-12,Survei LSI: Mayoritas Warga Mau Kepala Daerah Tetap Dipilih Langsung,0,https://www.cnnindonesia.com/nasional/20260412173940-32-1347110/survei-lsi-mayoritas-warga-mau-kepala-daerah-tetap-dipilih-langsung
440,CNN Indonesia,2026-04-11,Politikus PAN: Pelaporan Saiful Mujani-Islah Bahrawi Langkah Tepat,0,https://www.cnnindonesia.com/nasional/20260411145859-32-1346845/politikus-pan-pelaporan-saiful-mujani-islah-bahrawi-langkah-tepat
441,CNN Indonesia,2026-04-11,Jimly: Pernyataan Saiful Mujani Tak Perlu Ditanggapi Serius,0,https://www.cnnindonesia.com/nasional/20260410230444-32-1346744/jimly-pernyataan-saiful-mujani-tak-perlu-ditanggapi-serius
442,CNN Indonesia,2026-04-10,DPR Tolak Usul 'War Tiket' Haji: Bagaimana Nasib Kakek yang Gaptek?,1,https://www.cnnindonesia.com/nasional/20260410190426-32-1346679/dpr-tolak-usul-war-tiket-haji-bagaimana-nasib-kakek-yang-gaptek
443,CNN Indonesia,2026-04-10,Jokowi Buka Suara soal Desakan JK Tunjukkan Ijazah ke Publik,1,https://www.cnnindonesia.com/nasional/20260410145821-32-1346558/jokowi-buka-suara-soal-desakan-jk-tunjukkan-ijazah-ke-publik
444,CNN Indonesia,2026-04-10,"BREAKING NEWS Disaksikan Prabowo, Liliek Prisbawono Ucap Sumpah Jadi Hakim MK",0,https://www.cnnindonesia.com/nasional/20260410100951-32-1346398/disaksikan-prabowo-liliek-prisbawono-ucap-sumpah-jadi-hakim-mk
445,CNN Indonesia,2026-04-10,Hakim MK Pengganti Anwar Usman Baca Sumpah Jabatan di Istana Hari Ini,0,https://www.cnnindonesia.com/nasional/20260410132256-32-1346498/hakim-mk-pengganti-anwar-usman-baca-sumpah-jabatan-di-istana-hari-ini
446,CNN Indonesia,2026-04-10,Deddy Sitorus Respons Ajakan Gibran Ngantor di IKN: Dengan Senang Hati,0,https://www.cnnindonesia.com/nasional/20260410130416-32-1346479/deddy-sitorus-respons-ajakan-gibran-ngantor-di-ikn-dengan-senang-hati
447,CNN Indonesia,2026-04-10,Alasan Anggota DPR Ini Sebut RUU Perampasan Aset Bisa Tabrak UUD,1,https://www.cnnindonesia.com/nasional/20260410095006-32-1346390/alasan-anggota-dpr-ini-sebut-ruu-perampasan-aset-bisa-tabrak-uud
448,CNN Indonesia,2026-04-10,Anggota Komisi III Sebut RUU Perampasan Aset Berpotensi Tabrak UUD,0,https://www.cnnindonesia.com/nasional/20260409201936-32-1346273/anggota-komisi-iii-sebut-ruu-perampasan-aset-berpotensi-tabrak-uud
449,CNN Indonesia,2026-04-09,Misbakhun Respons Pernyataan JK Soal Menaikkan Harga BBM,1,https://www.cnnindonesia.com/nasional/20260409193115-32-1346235/misbakhun-respons-pernyataan-jk-soal-menaikkan-harga-bbm
450,CNN Indonesia,2026-04-09,"Kemenaker Terima 1.590 Aduan soal THR, Terbanyak Jakarta dan Jabar",0,https://www.cnnindonesia.com/nasional/20260409142144-32-1346096/kemenaker-terima-1590-aduan-soal-thr-terbanyak-jakarta-dan-jabar
451,CNN Indonesia,2026-04-09,Prabowo Sentil Pihak Sebut Indonesia Gelap: Matanya Buram,0,https://www.cnnindonesia.com/nasional/20260409140844-32-1346079/prabowo-sentil-pihak-sebut-indonesia-gelap-matanya-buram
452,CNN Indonesia,2026-04-09,"Respons Isu Reshuffle, Golkar Pede Kader Tak Masuk Kotak",1,https://www.cnnindonesia.com/nasional/20260409090726-32-1345910/respons-isu-reshuffle-golkar-pede-kader-tak-masuk-kotak
453,CNN Indonesia,2026-04-09,Dahnil Sebut Negara Siap Tanggung Biaya Kenaikan Avtur Jemaah Haji,0,https://www.cnnindonesia.com/nasional/20260409074128-32-1345881/dahnil-sebut-negara-siap-tanggung-biaya-kenaikan-avtur-jemaah-haji
454,CNN Indonesia,2026-04-09,Istana Jamin Stok BBM RI Meski 2 Tanker Tertahan di Selat Hormuz,0,https://www.cnnindonesia.com/nasional/20260409071147-32-1345863/istana-jamin-stok-bbm-ri-meski-2-tanker-tertahan-di-selat-hormuz
455,CNN Indonesia,2026-04-09,Poin-Poin Penting dalam Taklimat Presiden Prabowo,0,https://www.cnnindonesia.com/nasional/20260409061309-32-1345839/poin-poin-penting-dalam-taklimat-presiden-prabowo
456,CNN Indonesia,2026-04-09,"PAN: Pernyataan Saiful Mujani Hanya Buih di Lautan, Bukan Gelombang",0,https://www.cnnindonesia.com/nasional/20260408213811-32-1345814/pan-pernyataan-saiful-mujani-hanya-buih-di-lautan-bukan-gelombang
457,CNN Indonesia,2026-04-09,Mensesneg Ungkap Arahan Rapat 4 Jam Prabowo: Kurangi Kebocoran,0,https://www.cnnindonesia.com/nasional/20260408203132-32-1345797/mensesneg-ungkap-arahan-rapat-4-jam-prabowo-kurangi-kebocoran
458,CNN Indonesia,2026-04-08,Mensesneg Pastikan Belum Ada Rencana Reshuffle Kabinet di Waktu Dekat,0,https://www.cnnindonesia.com/nasional/20260408200734-32-1345786/mensesneg-pastikan-belum-ada-rencana-reshuffle-kabinet-di-waktu-dekat
459,CNN Indonesia,2026-04-08,Prabowo Janjikan Biaya Haji 2026 Bisa Turun Rp2 Juta,0,https://www.cnnindonesia.com/nasional/20260408160445-32-1345670/prabowo-janjikan-biaya-haji-2026-bisa-turun-rp2-juta
460,CNN Indonesia,2026-04-08,Prabowo soal Isu Jalan-Jalan ke Luar Negeri: Untuk Amankan Minyak,0,https://www.cnnindonesia.com/nasional/20260408155834-32-1345671/prabowo-soal-isu-jalan-jalan-ke-luar-negeri-untuk-amankan-minyak
461,CNN Indonesia,2026-04-08,Prabowo Tepis Indonesia Gelap: RI Cerah saat Banyak Negara Susah,0,https://www.cnnindonesia.com/nasional/20260408151931-32-1345639/prabowo-tepis-indonesia-gelap-ri-cerah-saat-banyak-negara-susah
462,CNN Indonesia,2026-04-08,"Prabowo: 1 Hari Hujan Di Bogor, Sama dengan 1 Tahun Hujan di Australia",0,https://www.cnnindonesia.com/nasional/20260408151153-36-1345635/prabowo-1-hari-hujan-di-bogor-sama-dengan-1-tahun-hujan-di-australia
463,CNN Indonesia,2026-04-08,"Prabowo Tak Masalah dengan Impeachment: Ada Salurannya, DPR dan MPR",0,https://www.cnnindonesia.com/nasional/20260408150420-32-1345623/prabowo-tak-masalah-dengan-impeachment-ada-salurannya-dpr-dan-mpr
464,CNN Indonesia,2026-04-08,"Prabowo: Ada Kelompok yang Tidak Mau Kerja Sama, Kita Hormati",0,https://www.cnnindonesia.com/nasional/20260408145544-32-1345621/prabowo-ada-kelompok-yang-tidak-mau-kerja-sama-kita-hormati
465,CNN Indonesia,2026-04-08,"Prabowo: Air Bukan Jadi Masalah Indonesia, Masalahnya Kadang Kelebihan",0,https://www.cnnindonesia.com/nasional/20260408144250-32-1345615/prabowo-air-bukan-jadi-masalah-indonesia-masalahnya-kadang-kelebihan
466,CNN Indonesia,2026-04-08,"Prabowo Umumkan Taklimat di Istana, Menteri & Pejabat Berdatangan",0,https://www.cnnindonesia.com/nasional/20260408140115-32-1345586/prabowo-umumkan-taklimat-di-istana-menteri-pejabat-berdatangan
467,CNN Indonesia,2026-04-08,Menteri Haji Sebut Biaya Haji Bisa Naik Belasan Juta Imbas Perang Iran,0,https://www.cnnindonesia.com/nasional/20260408131143-32-1345553/menteri-haji-sebut-biaya-haji-bisa-naik-belasan-juta-imbas-perang-iran
468,CNN Indonesia,2026-04-08,"Prabowo Beri Taklimat Hari Ini, Para Menteri Dipanggil ke Istana",0,https://www.cnnindonesia.com/nasional/20260408123056-32-1345531/prabowo-beri-taklimat-hari-ini-para-menteri-dipanggil-ke-istana
469,CNN Indonesia,2026-04-08,DPR Minta BNN Berantas Peredaran Ilegal Tramadol,0,https://www.cnnindonesia.com/nasional/20260407201613-32-1345319/dpr-minta-bnn-berantas-peredaran-ilegal-tramadol
470,CNN Indonesia,2026-04-07,Menteri Pigai Usul RUU Kebebasan Beragama Cegah Intoleransi,0,https://www.cnnindonesia.com/nasional/20260407215757-32-1345356/menteri-pigai-usul-ruu-kebebasan-beragama-cegah-intoleransi
471,CNN Indonesia,2026-04-07,"Survei: 85,3 Persen Pemudik Puas dengan Penyelenggaraan Mudik 2026",0,https://www.cnnindonesia.com/nasional/20260407192814-32-1345298/survei-853-persen-pemudik-puas-dengan-penyelenggaraan-mudik-2026
472,CNN Indonesia,2026-04-07,Misbakhun soal Ajakan Makar: Apa yang Dipermasalahkan?,1,https://www.cnnindonesia.com/nasional/20260407190003-32-1345274/misbakhun-soal-ajakan-makar-apa-yang-dipermasalahkan
473,CNN Indonesia,2026-04-07,Pigai Buka Suara Usai Digugat Anak Buah ke PTUN Gara-gara Mutasi,1,https://www.cnnindonesia.com/nasional/20260407155139-32-1345200/pigai-buka-suara-usai-digugat-anak-buah-ke-ptun-gara-gara-mutasi
474,CNN Indonesia,2026-04-07,Saiful Mujani Buka Suara Usai Ramai Dikritik soal Jatuhkan Prabowo,1,https://www.cnnindonesia.com/nasional/20260407141151-32-1345135/saiful-mujani-buka-suara-usai-ramai-dikritik-soal-jatuhkan-prabowo
475,CNN Indonesia,2026-04-07,Seskab Teddy soal Wacana Potong Gaji Pejabat: Belum Ada Keputusan,0,https://www.cnnindonesia.com/nasional/20260407130046-32-1345096/seskab-teddy-soal-wacana-potong-gaji-pejabat-belum-ada-keputusan
476,CNN Indonesia,2026-04-07,"Ada Kabar Reshuffle Kabinet Bulan Ini, Seskab Teddy Bilang Begini",1,https://www.cnnindonesia.com/nasional/20260407121056-32-1345067/ada-kabar-reshuffle-kabinet-bulan-ini-seskab-teddy-bilang-begini
477,CNN Indonesia,2026-04-07,Seskab Teddy Buka Suara Ajakan Saiful Mujani Gulingkan Prabowo,1,https://www.cnnindonesia.com/nasional/20260407115321-32-1345058/seskab-teddy-buka-suara-ajakan-saiful-mujani-gulingkan-prabowo
478,CNN Indonesia,2026-04-07,Benny K Harman Kutip Tan Malaka Saat Pembahasan RUU Perampasan Aset,0,https://www.cnnindonesia.com/nasional/20260407092751-32-1344986/benny-k-harman-kutip-tan-malaka-saat-pembahasan-ruu-perampasan-aset
479,CNN Indonesia,2026-04-07,PKB dan Demokrat Dorong Opsi Penarikan TNI di Lebanon,0,https://www.cnnindonesia.com/nasional/20260407085818-32-1344980/pkb-dan-demokrat-dorong-opsi-penarikan-tni-di-lebanon
480,CNN Indonesia,2026-04-07,Wakil Menteri Fahri Hamzah Respons Saiful Mujani soal Jatuhkan Prabowo,1,https://www.cnnindonesia.com/nasional/20260406200226-32-1344888/wakil-menteri-fahri-hamzah-respons-saiful-mujani-soal-jatuhkan-prabowo
481,CNN Indonesia,2026-04-07,Komisi I Bakal Rapat Bareng Menhan soal 3 TNI Gugur-Air Keras Andrie,0,https://www.cnnindonesia.com/nasional/20260406160519-32-1344795/komisi-i-bakal-rapat-bareng-menhan-soal-3-tni-gugur-air-keras-andrie
482,CNN Indonesia,2026-04-06,"DPR Mulai Susun RUU Satu Data, Terdiri 130 Pasal dan 16 Bab",0,https://www.cnnindonesia.com/nasional/20260406190641-32-1344866/dpr-mulai-susun-ruu-satu-data-terdiri-130-pasal-dan-16-bab
483,CNN Indonesia,2026-04-06,Ketua Banggar DPR Tolak Usulan Kurangi Subsidi BBM,0,https://www.cnnindonesia.com/nasional/20260406145001-32-1344747/ketua-banggar-dpr-tolak-usulan-kurangi-subsidi-bbm
484,CNN Indonesia,2026-04-06,DPR Minta Peredaran Air Keras Diperketat Buntut Teror Andrie Yunus,0,https://www.cnnindonesia.com/nasional/20260406143208-32-1344738/dpr-minta-peredaran-air-keras-diperketat-buntut-teror-andrie-yunus
485,CNN Indonesia,2026-04-06,Hasan Nasbi Kritik Balik Saiful Mujani soal Jatuhkan Prabowo,1,https://www.cnnindonesia.com/nasional/20260406114122-32-1344665/hasan-nasbi-kritik-balik-saiful-mujani-soal-jatuhkan-prabowo
486,CNN Indonesia,2026-04-06,"Gara-Gara Ijazah Jokowi, Nama SBY dan JK Ikut Terseret",1,https://www.cnnindonesia.com/nasional/20260406094054-32-1344617/gara-gara-ijazah-jokowi-nama-sby-dan-jk-ikut-terseret
487,CNN Indonesia,2026-04-06,JK Laporkan Tudingan Donatur Isu Ijazah Jokowi ke Bareskrim Hari Ini,0,https://www.cnnindonesia.com/nasional/20260406063603-32-1344573/jk-laporkan-tudingan-donatur-isu-ijazah-jokowi-ke-bareskrim-hari-ini
488,CNN Indonesia,2026-04-06,Kata-Kata SBY soal 3 Prajurit TNI Tewas di Lebanon,1,https://www.cnnindonesia.com/nasional/20260406060937-32-1344567/kata-kata-sby-soal-3-prajurit-tni-tewas-di-lebanon
489,CNN Indonesia,2026-04-05,"JK Bantah Danai Roy Suryo Persoalkan Ijazah Jokowi, Bakal Lapor Polisi",0,https://www.cnnindonesia.com/nasional/20260405181335-32-1344514/jk-bantah-danai-roy-suryo-persoalkan-ijazah-jokowi-bakal-lapor-polisi
490,CNN Indonesia,2026-04-05,Prabowo: Selamat Paskah Semoga Membawa Kedamaian untuk Semua,0,https://www.cnnindonesia.com/nasional/20260405170556-32-1344504/prabowo-selamat-paskah-semoga-membawa-kedamaian-untuk-semua
491,CNN Indonesia,2026-04-05,"3 Prajurit TNI Tewas, SBY Desak PBB Hentikan Penugasan ke UNIFIL",0,https://www.cnnindonesia.com/nasional/20260405131754-32-1344442/3-prajurit-tni-tewas-sby-desak-pbb-hentikan-penugasan-ke-unifil
492,CNN Indonesia,2026-04-04,"Jokowi Ngaku Telepon MBZ, Tanya Kapan Perang Iran Selesai",0,https://www.cnnindonesia.com/nasional/20260404151008-32-1344240/jokowi-ngaku-telepon-mbz-tanya-kapan-perang-iran-selesai
493,CNN Indonesia,2026-04-04,Tiga Partai Bakal Berebut Jabatan Wagub Sulbar,0,https://www.cnnindonesia.com/nasional/20260403213153-32-1344118/tiga-partai-bakal-berebut-jabatan-wagub-sulbar
494,CNN Indonesia,2026-04-02,DPR Desak Kajari Karo Dicopot Buntut Kasus Amsal Sitepu,0,https://www.cnnindonesia.com/nasional/20260402181810-32-1343817/dpr-desak-kajari-karo-dicopot-buntut-kasus-amsal-sitepu
495,CNN Indonesia,2026-04-02,"DPR Puji Mudik 2026: Tak Ada Macet Parah, Angka Kecelakaan Turun",0,https://www.cnnindonesia.com/nasional/20260402140949-32-1343710/dpr-puji-mudik-2026-tak-ada-macet-parah-angka-kecelakaan-turun
496,CNN Indonesia,2026-04-02,SBY Kenang AM Hendropriyono Sebagai Mentor saat di Militer,0,https://www.cnnindonesia.com/nasional/20260402125744-32-1343674/sby-kenang-am-hendropriyono-sebagai-mentor-saat-di-militer
497,CNN Indonesia,2026-04-02,Ketum Gekrafs: Vonis Bebas Amsal Angin Segar Pelaku Ekonomi Kreatif,0,https://www.cnnindonesia.com/nasional/20260402112914-32-1343638/ketum-gekrafs-vonis-bebas-amsal-angin-segar-pelaku-ekonomi-kreatif
498,CNN Indonesia,2026-04-02,Pansus RUU Bahas soal WNI Nikah Sejenis-Beda Agama di Luar Negeri,0,https://www.cnnindonesia.com/nasional/20260401200109-32-1343507/pansus-ruu-bahas-soal-wni-nikah-sejenis-beda-agama-di-luar-negeri
499,CNN Indonesia,2026-04-01,"Bertemu Dubes, Jokowi Hormati Keteguhan Iran Pertahankan Kedaulatan",0,https://www.cnnindonesia.com/nasional/20260401201241-32-1343508/bertemu-dubes-jokowi-hormati-keteguhan-iran-pertahankan-kedaulatan
500,CNN Indonesia,2026-04-01,"PDIP Heran WFH Pilih Hari Jumat, PKB Wanti-wanti ASN Jalan-jalan",0,https://www.cnnindonesia.com/nasional/20260401173342-32-1343466/pdip-heran-wfh-pilih-hari-jumat-pkb-wanti-wanti-asn-jalan-jalan
501,CNN Indonesia,2026-04-01,"Prajurit TNI Tewas di Lebanon, DPR Ingatkan Prabowo Opsi Keluar BoP",0,https://www.cnnindonesia.com/nasional/20260401162219-32-1343418/prajurit-tni-tewas-di-lebanon-dpr-ingatkan-prabowo-opsi-keluar-bop
502,CNN Indonesia,2026-04-01,DPR Akan Panggil Kajari Karo dan JPU Kasus Videografer Amsal Sitepu,0,https://www.cnnindonesia.com/nasional/20260401145538-32-1343367/dpr-akan-panggil-kajari-karo-dan-jpu-kasus-videografer-amsal-sitepu
503,CNN Indonesia,2026-04-01,Hendarsam Usai Jadi Dirjen Imigrasi Tanpa Seleksi: Agak Sensitif,0,https://www.cnnindonesia.com/nasional/20260401142347-32-1343346/hendarsam-usai-jadi-dirjen-imigrasi-tanpa-seleksi-agak-sensitif
504,CNN Indonesia,2026-04-01,"Komisi II: WFH Hari Jumat Tidak Ideal, Akan Berubah Jadi Long Weekend",0,https://www.cnnindonesia.com/nasional/20260401132458-32-1343308/komisi-ii-wfh-hari-jumat-tidak-ideal-akan-berubah-jadi-long-weekend
505,CNN Indonesia,2026-04-01,Hendarsam Marantoko Resmi Jabat Dirjen Imigrasi,0,https://www.cnnindonesia.com/nasional/20260401112927-32-1343255/hendarsam-marantoko-resmi-jabat-dirjen-imigrasi
506,CNN Indonesia,2026-04-01,Poin-poin Desakan Komisi III DPR soal Teror Andrie Yunus,1,https://www.cnnindonesia.com/nasional/20260331181531-32-1343058/poin-poin-desakan-komisi-iii-dpr-soal-teror-andrie-yunus
507,CNN Indonesia,2026-03-31,"Ada Pernyataan Prabowo, PDIP Dorong Desak Usut Tuntas Teror Air Keras",0,https://www.cnnindonesia.com/nasional/20260331153233-32-1342978/ada-pernyataan-prabowo-pdip-dorong-desak-usut-tuntas-teror-air-keras
508,CNN Indonesia,2026-03-31,MPR Minta Pemerintah Tarik Pasukan Perdamaian dari Lebanon,0,https://www.cnnindonesia.com/nasional/20260331173227-32-1343030/mpr-minta-pemerintah-tarik-pasukan-perdamaian-dari-lebanon
509,CNN Indonesia,2026-03-31,PDIP Bakal Panggil Bupati-Wakil Bupati Lebak Usai Cekcok Terbuka,0,https://www.cnnindonesia.com/nasional/20260331162249-32-1343007/pdip-bakal-panggil-bupati-wakil-bupati-lebak-usai-cekcok-terbuka
510,CNN Indonesia,2026-03-31,Komisi I Desak Evaluasi Total Pengiriman Prajurit TNI ke Lebanon,0,https://www.cnnindonesia.com/nasional/20260331161728-32-1343003/komisi-i-desak-evaluasi-total-pengiriman-prajurit-tni-ke-lebanon
511,CNN Indonesia,2026-03-31,Tim Advokasi Andrie Yunus Datangi Komnas HAM Usai Diteror,0,https://www.cnnindonesia.com/nasional/20260331152138-32-1342958/tim-advokasi-andrie-yunus-datangi-komnas-ham-usai-diteror
512,CNN Indonesia,2026-03-31,DPR Minta Warga Tak Panik Usai Pemerintah Pastikan BBM Tidak Naik,0,https://www.cnnindonesia.com/nasional/20260331145219-32-1342944/dpr-minta-warga-tak-panik-usai-pemerintah-pastikan-bbm-tidak-naik
513,CNN Indonesia,2026-03-31,Istana Sampaikan Duka Cita 3 TNI Tewas di Lebanon,0,https://www.cnnindonesia.com/nasional/20260331142253-32-1342938/istana-sampaikan-duka-cita-3-tni-tewas-di-lebanon
514,CNN Indonesia,2026-03-31,"PDIP soal Pelimpahan Kasus Air Keras: Polda Aja Takut, Apalagi Sipil",0,https://www.cnnindonesia.com/nasional/20260331122504-32-1342878/pdip-soal-pelimpahan-kasus-air-keras-polda-aja-takut-apalagi-sipil
515,CNN Indonesia,2026-03-31,"3 Prajurit TNI Tewas, DPR Sentil Israel dan Minta RI Tegas Lewat BoP",0,https://www.cnnindonesia.com/nasional/20260331095733-32-1342810/3-prajurit-tni-tewas-dpr-sentil-israel-dan-minta-ri-tegas-lewat-bop
516,CNN Indonesia,2026-03-31,Komisi III DPR Gelar Rapat Bersama Polda Metro soal Kasus Andrie Yunus,0,https://www.cnnindonesia.com/nasional/20260331102244-32-1342819/komisi-iii-dpr-gelar-rapat-bersama-polda-metro-soal-kasus-andrie-yunus
517,CNN Indonesia,2026-03-31,Komisi I Desak RI Surati PBB Investigasi Kasus TNI Gugur di Lebanon,0,https://www.cnnindonesia.com/nasional/20260330165504-32-1342644/komisi-i-desak-ri-surati-pbb-investigasi-kasus-tni-gugur-di-lebanon
518,CNN Indonesia,2026-03-31,PDIP Desak Perlindungan 1.200 Prajurit TNI di Lebanon,0,https://www.cnnindonesia.com/nasional/20260330191702-32-1342692/pdip-desak-perlindungan-1200-prajurit-tni-di-lebanon
519,CNN Indonesia,2026-03-31,Sahroni Sebut Tak Mudah untuk Wujudkan Panja Tahanan Rumah Yaqut,0,https://www.cnnindonesia.com/nasional/20260330202938-32-1342719/sahroni-sebut-tak-mudah-untuk-wujudkan-panja-tahanan-rumah-yaqut
520,CNN Indonesia,2026-03-30,"DPR Klaim Hemat Rp1,5 Miliar Usai Pangkas Jatah BBM",0,https://www.cnnindonesia.com/nasional/20260329184712-32-1342349/dpr-klaim-hemat-rp15-miliar-usai-pangkas-jatah-bbm
521,CNN Indonesia,2026-03-29,"Daftar Lengkap Efisiensi DPR: Pemakaian Lift, BBM, hingga Jamuan Rapat",0,https://www.cnnindonesia.com/nasional/20260329163723-32-1342319/daftar-lengkap-efisiensi-dpr-pemakaian-lift-bbm-hingga-jamuan-rapat
522,CNN Indonesia,2026-03-28,"Iran Lebih Pilih Pakistan Jadi Mediator, DPR RI Buka Suara",1,https://www.cnnindonesia.com/nasional/20260327165621-32-1341889/iran-lebih-pilih-pakistan-jadi-mediator-dpr-ri-buka-suara
523,CNN Indonesia,2026-03-27,DPR Ingatkan Efisiensi Energi Jangan Sampai Buat Sekolah Jarak Jauh,0,https://www.cnnindonesia.com/nasional/20260327144415-32-1341826/dpr-ingatkan-efisiensi-energi-jangan-sampai-buat-sekolah-jarak-jauh
524,CNN Indonesia,2026-03-27,DPR Minta Kebijakan WFH Tidak Senin dan Jumat: Khawatir Libur Panjang,0,https://www.cnnindonesia.com/nasional/20260327181712-32-1341927/dpr-minta-kebijakan-wfh-tidak-senin-dan-jumat-khawatir-libur-panjang
525,CNN Indonesia,2026-03-27,Prabowo Panggil Airlangga dan Purbaya ke Istana di Tengah Wacana WFH,0,https://www.cnnindonesia.com/nasional/20260327132920-32-1341780/prabowo-panggil-airlangga-dan-purbaya-ke-istana-di-tengah-wacana-wfh
526,CNN Indonesia,2026-03-27,Seskab: Prabowo Rencananya Mau 'Nyamar' saat Blusukan ke Senen,0,https://www.cnnindonesia.com/nasional/20260327061249-32-1341661/seskab-prabowo-rencananya-mau-nyamar-saat-blusukan-ke-senen
527,CNN Indonesia,2026-03-27,"DPR Mulai Berhemat, Lampu Ruangan Dipadamkan Jam 8 Malam",0,https://www.cnnindonesia.com/nasional/20260326213217-32-1341648/dpr-mulai-berhemat-lampu-ruangan-dipadamkan-jam-8-malam
528,CNN Indonesia,2026-03-26,"Prabowo Blusukan ke Permukiman Warga di Senen, Janjikan Hunian Layak",0,https://www.cnnindonesia.com/nasional/20260326200911-32-1341630/prabowo-blusukan-ke-permukiman-warga-di-senen-janjikan-hunian-layak
529,CNN Indonesia,2026-03-26,PDIP Kritisi Wacana WFH: Siapa Jamin ASN Tidak Jalan-Jalan?,1,https://www.cnnindonesia.com/nasional/20260326175137-32-1341586/pdip-kritisi-wacana-wfh-siapa-jamin-asn-tidak-jalan-jalan
530,CNN Indonesia,2026-03-26,DPR Desak Proses Hukum Kasus Teror Air Keras Lanjut Sampai Tuntas,0,https://www.cnnindonesia.com/nasional/20260326125420-32-1341465/dpr-desak-proses-hukum-kasus-teror-air-keras-lanjut-sampai-tuntas
531,CNN Indonesia,2026-03-26,"ANALISIS Didit Prabowo, Safari Lebaran dan Jembatan Politik",1,https://www.cnnindonesia.com/nasional/20260326090958-32-1341369/didit-prabowo-safari-lebaran-dan-jembatan-politik
532,CNN Indonesia,2026-03-25,"Prabowo Panggil Rosan, Bahlil, hingga Purbaya Rapat di Hambalang",0,https://www.cnnindonesia.com/nasional/20260325205144-32-1341327/prabowo-panggil-rosan-bahlil-hingga-purbaya-rapat-di-hambalang
533,CNN Indonesia,2026-03-25,"Rencana Efisiensi, DPR Harap Anggaran Pendidikan Tak Ikut Dipangkas",0,https://www.cnnindonesia.com/nasional/20260325194029-32-1341300/rencana-efisiensi-dpr-harap-anggaran-pendidikan-tak-ikut-dipangkas
534,CNN Indonesia,2026-03-25,"Halalbihalal di Rumah SBY, Anies Disebut Tak Masuk Daftar Undangan",1,https://www.cnnindonesia.com/nasional/20260325182304-32-1341283/halalbihalal-di-rumah-sby-anies-disebut-tak-masuk-daftar-undangan
535,CNN Indonesia,2026-03-25,"Safari Lebaran Didit Prabowo: SBY, Anies hingga Megawati",0,https://www.cnnindonesia.com/nasional/20260325164653-32-1341234/safari-lebaran-didit-prabowo-sby-anies-hingga-megawati
536,CNN Indonesia,2026-03-25,"Anies Bertemu SBY di Cikeas, Demokrat Bicara Momen Saling Memaafkan",0,https://www.cnnindonesia.com/nasional/20260325132828-32-1341146/anies-bertemu-sby-di-cikeas-demokrat-bicara-momen-saling-memaafkan
537,CNN Indonesia,2026-03-25,"DPR: Jangan Cuma Potong Gaji, Pangkas Juga Program Pemerintah",0,https://www.cnnindonesia.com/nasional/20260325094524-32-1341049/dpr-jangan-cuma-potong-gaji-pangkas-juga-program-pemerintah
538,CNN Indonesia,2026-03-24,Komisi I: DPR Berhak Dalami Kasus Penyiraman Air Keras Aktivis KontraS,0,https://www.cnnindonesia.com/nasional/20260323135813-32-1340598/komisi-i-dpr-berhak-dalami-kasus-penyiraman-air-keras-aktivis-kontras
539,CNN Indonesia,2026-03-23,"Silaturahmi Idulfitri, Prabowo Telepon Presiden Palestina hingga Mesir",0,https://www.cnnindonesia.com/nasional/20260323203930-32-1340712/silaturahmi-idulfitri-prabowo-telepon-presiden-palestina-hingga-mesir
540,CNN Indonesia,2026-03-23,"Silaturahmi Idulfitri, Prabowo Telepon Pemimpin-pemimpin Negara Muslim",0,https://www.cnnindonesia.com/nasional/20260322230857-32-1340460/silaturahmi-idulfitri-prabowo-telepon-pemimpin-pemimpin-negara-muslim
541,CNN Indonesia,2026-03-22,JK soal Wacana Potong Gaji Menteri: Gaji BUMN dan DPR Lebih Tinggi,0,https://www.cnnindonesia.com/nasional/20260322180647-32-1340426/jk-soal-wacana-potong-gaji-menteri-gaji-bumn-dan-dpr-lebih-tinggi
542,CNN Indonesia,2026-03-22,"Benahi TNI-Polri, Prabowo Jamin Tak Ada yang Kebal Hukum",0,https://www.cnnindonesia.com/nasional/20260322182902-32-1340430/benahi-tni-polri-prabowo-jamin-tak-ada-yang-kebal-hukum
543,CNN Indonesia,2026-03-21,Prabowo Sambut Langsung SBY yang Datang ke Open House Istana,0,https://www.cnnindonesia.com/nasional/20260321170654-32-1340175/prabowo-sambut-langsung-sby-yang-datang-ke-open-house-istana
544,CNN Indonesia,2026-03-21,Pesan Anggota DPRD DKI bagi Pendatang Baru: Harus Punya Keahlian,0,https://www.cnnindonesia.com/nasional/20260321134318-32-1340103/pesan-anggota-dprd-dki-bagi-pendatang-baru-harus-punya-keahlian
545,CNN Indonesia,2026-03-21,Megawati Ajak Masyarakat Jadikan Lebaran Momen Refleksi Diri,0,https://www.cnnindonesia.com/nasional/20260321091604-32-1340044/megawati-ajak-masyarakat-jadikan-lebaran-momen-refleksi-diri
546,CNN Indonesia,2026-03-21,"Media Israel Salah, Prabowo Tegaskan Pasukan RI Tak Akan Lucuti Hamas",0,https://www.cnnindonesia.com/nasional/20260320165232-32-1339938/media-israel-salah-prabowo-tegaskan-pasukan-ri-tak-akan-lucuti-hamas
547,CNN Indonesia,2026-03-20,"WFH Imbas Harga Minyak Naik, Anggota DPR Ingatkan Kajian Komprehensif",0,https://www.cnnindonesia.com/nasional/20260320085956-32-1339812/wfh-imbas-harga-minyak-naik-anggota-dpr-ingatkan-kajian-komprehensif
548,CNN Indonesia,2026-03-19,Hasto Ungkap Isi Pertemuan Prabowo-Megawati di Istana Hari Ini,1,https://www.cnnindonesia.com/nasional/20260319170017-32-1339695/hasto-ungkap-isi-pertemuan-prabowo-megawati-di-istana-hari-ini
549,CNN Indonesia,2026-03-19,Prabowo Ungkap Alasan Pertemuan dengan Megawati di Istana,1,https://www.cnnindonesia.com/nasional/20260319161604-32-1339688/prabowo-ungkap-alasan-pertemuan-dengan-megawati-di-istana
550,CNN Indonesia,2026-03-19,"Prabowo Bertemu Megawati di Istana Hari Ini, Apa yang Dibahas?",1,https://www.cnnindonesia.com/nasional/20260319145650-32-1339662/prabowo-bertemu-megawati-di-istana-hari-ini-apa-yang-dibahas
551,CNN Indonesia,2026-03-19,Prabowo Bertemu Chatib Basri hingga Najwa Shihab di Hambalang,0,https://www.cnnindonesia.com/nasional/20260319135338-32-1339642/prabowo-bertemu-chatib-basri-hingga-najwa-shihab-di-hambalang
552,CNN Indonesia,2026-03-18,Legislator Golkar Dukung Kaster TNI untuk Kawal Program Prabowo,0,https://www.cnnindonesia.com/nasional/20260317142358-32-1339039/legislator-golkar-dukung-kaster-tni-untuk-kawal-program-prabowo
553,CNN Indonesia,2026-03-18,Komisi VIII DPR Kawal Ketat Proses Pencairan Tunjangan Guru Agama,0,https://www.cnnindonesia.com/nasional/20260317205647-32-1339201/komisi-viii-dpr-kawal-ketat-proses-pencairan-tunjangan-guru-agama
554,CNN Indonesia,2026-03-17,Megawati Akan Gelar Open House Lebaran di DPP PDIP,0,https://www.cnnindonesia.com/nasional/20260317190009-32-1339153/megawati-akan-gelar-open-house-lebaran-di-dpp-pdip
555,CNN Indonesia,2026-03-17,"MK Minta Uang Pensiun Wakil Rakyat Direvisi, DPR Usul Buat Pansus Dulu",0,https://www.cnnindonesia.com/nasional/20260317170453-32-1339116/mk-minta-uang-pensiun-wakil-rakyat-direvisi-dpr-usul-buat-pansus-dulu
556,CNN Indonesia,2026-03-17,Hashim Singgung Birokrasi dan Izin Berlebihan Bikin Prabowo Frustrasi,0,https://www.cnnindonesia.com/nasional/20260317161135-32-1339088/hashim-singgung-birokrasi-dan-izin-berlebihan-bikin-prabowo-frustrasi
557,CNN Indonesia,2026-03-17,Pemerintah Mulai Kaji Potong Gaji Menteri-DPR di Tengah Krisis Timteng,0,https://www.cnnindonesia.com/nasional/20260317153000-32-1339075/pemerintah-mulai-kaji-potong-gaji-menteri-dpr-di-tengah-krisis-timteng
558,CNN Indonesia,2026-03-17,Istana Prihatin Serangan Air Keras ke Aktivis KontraS Andrie Yunus,0,https://www.cnnindonesia.com/nasional/20260317141935-32-1339038/istana-prihatin-serangan-air-keras-ke-aktivis-kontras-andrie-yunus
559,CNN Indonesia,2026-03-17,Istana Terbitkan Surat Edaran Larang Pejabat Gelar Open House Mewah,0,https://www.cnnindonesia.com/nasional/20260317135909-32-1339017/istana-terbitkan-surat-edaran-larang-pejabat-gelar-open-house-mewah
560,CNN Indonesia,2026-03-17,Komisi I DPR Dukung Prabowo Tetap di Board of Peace,0,https://www.cnnindonesia.com/nasional/20260317124755-32-1338975/komisi-i-dpr-dukung-prabowo-tetap-di-board-of-peace
561,CNN Indonesia,2026-03-16,MK Tak Terima Uji KUHAP Baru yang Diajukan Tersangka Aksi May Day,0,https://www.cnnindonesia.com/nasional/20260316145412-32-1338657/mk-tak-terima-uji-kuhap-baru-yang-diajukan-tersangka-aksi-may-day
562,CNN Indonesia,2026-03-16,MK Tolak Gugatan Larangan Permanen Mantan Napi Ikut Pileg dan Pilkada,0,https://www.cnnindonesia.com/nasional/20260316140131-32-1338623/mk-tolak-gugatan-larangan-permanen-mantan-napi-ikut-pileg-dan-pilkada
563,CNN Indonesia,2026-03-16,Prabowo Pertahankan Keanggotaan RI di Board of Peace,0,https://www.cnnindonesia.com/nasional/20260316131905-32-1338595/prabowo-pertahankan-keanggotaan-ri-di-board-of-peace
564,CNN Indonesia,2026-03-16,Forum Pimpinan MPR-DPR dan Menkopolkam Bahas Stabilitas Politik RI,0,https://www.cnnindonesia.com/nasional/20260316104917-32-1338501/forum-pimpinan-mpr-dpr-dan-menkopolkam-bahas-stabilitas-politik-ri
565,CNN Indonesia,2026-03-16,DPR Gelar Rapat Khusus Teror Air Keras ke Aktivis KontraS Andrie Yunus,0,https://www.cnnindonesia.com/nasional/20260316102939-32-1338481/dpr-gelar-rapat-khusus-teror-air-keras-ke-aktivis-kontras-andrie-yunus
566,CNN Indonesia,2026-03-15,Isi Surat Megawati untuk Pemimpin Iran Mojtaba Khamenei,1,https://www.cnnindonesia.com/nasional/20260315161059-32-1338290/isi-surat-megawati-untuk-pemimpin-iran-mojtaba-khamenei
567,CNN Indonesia,2026-03-15,Stafsus Wapres: Gibran Prihatin Teror Air Keras ke Aktivis KontraS,0,https://www.cnnindonesia.com/nasional/20260315121812-32-1338235/stafsus-wapres-gibran-prihatin-teror-air-keras-ke-aktivis-kontras
568,CNN Indonesia,2026-03-14,Bonnie PDIP Sebut Teror Air Keras Andrie Yunus Bukti Nyata Darurat HAM,0,https://www.cnnindonesia.com/nasional/20260314165154-32-1338071/bonnie-pdip-sebut-teror-air-keras-andrie-yunus-bukti-nyata-darurat-ham
569,CNN Indonesia,2026-03-14,DPR Wanti-Wanti Lonjakan Biaya Haji Imbas Perang Timteng,0,https://www.cnnindonesia.com/nasional/20260313163821-32-1337767/dpr-wanti-wanti-lonjakan-biaya-haji-imbas-perang-timteng
570,CNN Indonesia,2026-03-13,Komisi V DPR Soroti Kerusakan Tol Jakarta-Tangerang Jelang Arus Mudik,0,https://www.cnnindonesia.com/nasional/20260313183735-32-1337826/komisi-v-dpr-soroti-kerusakan-tol-jakarta-tangerang-jelang-arus-mudik
571,CNN Indonesia,2026-03-13,5 FOTO FOTO: Momen Tersangka Kasus Ijazah Jokowi Rismon Temui Wapres Gibran,1,https://www.cnnindonesia.com/nasional/20260313143426-34-1337698/foto-momen-tersangka-kasus-ijazah-jokowi-rismon-temui-wapres-gibran
572,CNN Indonesia,2026-03-13,Prabowo Singgung Potong Gaji Anggota Kabinet-DPR Imbas Konflik Timteng,0,https://www.cnnindonesia.com/nasional/20260313185414-32-1337829/prabowo-singgung-potong-gaji-anggota-kabinet-dpr-imbas-konflik-timteng
573,CNN Indonesia,2026-03-13,GO MUDIK CNN INDONESIA Prabowo Minta TNI Kerahkan Kapal Bantu Masyarakat Mudik Lebaran 2026,0,https://www.cnnindonesia.com/nasional/20260313165016-32-1337772/prabowo-minta-tni-kerahkan-kapal-bantu-masyarakat-mudik-lebaran-2026
574,CNN Indonesia,2026-03-13,Ramai-ramai Anggota DPR Kutuk Teror Air Keras ke Aktivis KontraS,0,https://www.cnnindonesia.com/nasional/20260313170653-32-1337779/ramai-ramai-anggota-dpr-kutuk-teror-air-keras-ke-aktivis-kontras
575,CNN Indonesia,2026-03-13,Prabowo Pimpin Kabinet Merah Putih Bayar Zakat di Istana,0,https://www.cnnindonesia.com/nasional/20260313161546-32-1337761/prabowo-pimpin-kabinet-merah-putih-bayar-zakat-di-istana
576,CNN Indonesia,2026-03-13,Prabowo Gelar Sidang Kabinet Persiapan Lebaran Sore Ini,0,https://www.cnnindonesia.com/nasional/20260313121317-32-1337631/prabowo-gelar-sidang-kabinet-persiapan-lebaran-sore-ini
577,CNN Indonesia,2026-03-13,Rismon Tersangka Kasus Ijazah Jokowi Temui Gibran di Istana Wapres,0,https://www.cnnindonesia.com/nasional/20260313102613-32-1337578/rismon-tersangka-kasus-ijazah-jokowi-temui-gibran-di-istana-wapres
578,CNN Indonesia,2026-03-13,DPR Wanti-wanti Dirut Agrinas Usai Absen Rapat Bahas Kopdes,0,https://www.cnnindonesia.com/nasional/20260312145854-32-1337282/dpr-wanti-wanti-dirut-agrinas-usai-absen-rapat-bahas-kopdes
579,CNN Indonesia,2026-03-12,"Timur Tengah Memanas, Puan Desak Pemerintah Siapkan Mitigasi Haji 2026",0,https://www.cnnindonesia.com/nasional/20260312193233-32-1337445/timur-tengah-memanas-puan-desak-pemerintah-siapkan-mitigasi-haji-2026
580,CNN Indonesia,2026-03-12,Eks Kepala PCO Hasan Nasbi Temui Prabowo ke Istana Jakarta,0,https://www.cnnindonesia.com/nasional/20260312152831-32-1337307/eks-kepala-pco-hasan-nasbi-temui-prabowo-ke-istana-jakarta
581,Kompas,2026-06-06,"Sepekan Ini, 11 Pejabat Ditangkap KPK dan Kejagung",1,https://www.kompas.com/tren/read/2026/06/06/170000665/sepekan-ini-11-pejabat-ditangkap-kpk-dan-kejagung
582,Kompas,2026-06-06,Apa itu Panda Bond yang Bikin Purbaya Terbang ke China Pekan Depan?,1,https://www.kompas.com/tren/read/2026/06/06/160000065/apa-itu-panda-bond-yang-bikin-purbaya-terbang-ke-china-pekan-depan-
583,Kompas,2026-06-06,Mendikti Sebut Tak Ada Rekrutmen Dosen PPPK Lagi ke Depan,0,https://www.kompas.com/edu/read/2026/06/06/200030471/mendikti-sebut-tak-ada-rekrutmen-dosen-pppk-lagi-ke-depan
584,Kompas,2026-06-07,"Pentagon Siaga Tinggi, Intel Israel Makin Sering Sadap Pejabat Senior AS",0,https://internasional.kompas.com/read/2026/06/07/080036970/pentagon-siaga-tinggi-intel-israel-makin-sering-sadap-pejabat-senior
585,Kompas,2026-06-06,"China Pamer Rudal Baru Saingan Patriot AS, Pasang ke Arah Taiwan",0,https://internasional.kompas.com/read/2026/06/06/194839570/china-pamer-rudal-baru-saingan-patriot-as-pasang-ke-arah-taiwan
586,Kompas,2026-06-06,"Iran Gempur Pangkalan AS di Teluk Lagi, Kuwait-Bahrain Mencekam",0,https://internasional.kompas.com/read/2026/06/06/144858670/iran-gempur-pangkalan-as-di-teluk-lagi-kuwait-bahrain-mencekam
587,Kompas,2026-06-06,Putin Tolak Mentah-mentah Ajakan Bertemu Zelensky: Tidak Ada Gunanya,0,https://internasional.kompas.com/read/2026/06/06/131100270/putin-tolak-mentah-mentah-ajakan-bertemu-zelensky--tidak-ada-gunanya
588,Kompas,2026-06-06,"Trump Buka-bukaan Soal Iran: Mereka Kuat, Punya Harga Diri Tinggi",0,https://internasional.kompas.com/read/2026/06/06/104100070/trump-buka-bukaan-soal-iran-mereka-kuat-punya-harga-diri-tinggi
589,Kompas,2026-06-06,"Sempat Klaim Hancur, Trump Kini Sebut Iran Masih Punya 22 Persen Rudal",0,https://internasional.kompas.com/read/2026/06/06/095100470/sempat-klaim-hancur-trump-kini-sebut-iran-masih-punya-22-persen-rudal
590,Kompas,2026-06-06,"Partai Republik Panik, Trump Janji Akhiri Perang Iran dengan Cepat",0,https://internasional.kompas.com/read/2026/06/06/090100570/partai-republik-panik-trump-janji-akhiri-perang-iran-dengan-cepat
591,Kompas,2026-06-06,AS Tembak Jatuh 4 Drone dan Hancurkan Radar Iran,0,https://internasional.kompas.com/read/2026/06/06/081100470/as-tembak-jatuh-4-drone-dan-hancurkan-radar-iran
592,Kompas,2026-06-06,[POPULER GLOBAL] Sultan Brunei Rombak Kabinet | Zelensky Kirim Surat Langka ke Putin,0,https://www.kompas.com/global/read/2026/06/06/063100870/-populer-global-sultan-brunei-rombak-kabinet-zelensky-kirim-surat-langka
593,Kompas,2026-06-06,Presiden Lebanon Murka Iran Terlalu Ikut Campur: Ini Bukan Negara Kalian,0,https://internasional.kompas.com/read/2026/06/06/042000070/presiden-lebanon-murka-iran-terlalu-ikut-campur--ini-bukan-negara
594,Kompas,2026-06-05,"Baru Saja Perang Disebut Berakhir, Iran Akui Tembakkan Rudal ke Kapal Perang AS",0,https://internasional.kompas.com/read/2026/06/05/215236270/baru-saja-perang-disebut-berakhir-iran-akui-tembakkan-rudal-ke-kapal
595,Kompas,2026-06-05,"Jaringan Hotel Indonesia Hengkang dari Kuba, Terimbas Sanksi AS",0,https://internasional.kompas.com/read/2026/06/05/213050170/jaringan-hotel-indonesia-hengkang-dari-kuba-terimbas-sanksi-as
596,Kompas,2026-06-05,"Iran Tolak Ide Trump Bertemu Mojtaba, Sebut Tak Realistis",0,https://internasional.kompas.com/read/2026/06/05/210434270/iran-tolak-ide-trump-bertemu-mojtaba-sebut-tak-realistis
597,Kompas,2026-06-05,"Trump Berkelakar soal Mojtaba Khamenei, Ungkap Hubungannya dengan Pemimpin Baru Iran",1,https://internasional.kompas.com/read/2026/06/05/195938670/trump-berkelakar-soal-mojtaba-khamenei-ungkap-hubungannya-dengan
598,Kompas,2026-06-05,Menlu dan DPR AS Ribut soal Trump Sering Tertidur saat Rapat,1,https://internasional.kompas.com/read/2026/06/05/182100370/menlu-dan-dpr-as-ribut-soal-trump-sering-tertidur-saat-rapat
599,Kompas,2026-06-05,"2 Alasan Sultan Brunei Rombak Kabinet, Ada Sinyal Persiapan Suksesi",1,https://internasional.kompas.com/read/2026/06/05/181558270/2-alasan-sultan-brunei-rombak-kabinet-ada-sinyal-persiapan-suksesi
600,Kompas,2026-06-05,Intel Five Eyes Bongkar Operasi Rahasia China: Rekrut Mata-mata lewat LinkedIn,0,https://internasional.kompas.com/read/2026/06/05/171435770/intel-five-eyes-bongkar-operasi-rahasia-china-rekrut-mata-mata-lewat
601,Kompas,2026-06-05,"Gara-gara Surat Suara Habis, TPS di Korea Selatan Dikepung Massa Selama 35 Jam",0,https://internasional.kompas.com/read/2026/06/05/164100270/gara-gara-surat-suara-habis-tps-di-korea-selatan-dikepung-massa-selama
602,Kompas,2026-06-05,"China Punya Rudal Baru PL-16, Lebih Kuat dari yang Jatuhkan Rafale India",1,https://internasional.kompas.com/read/2026/06/05/162543570/china-punya-rudal-baru-pl-16-lebih-kuat-dari-yang-jatuhkan-rafale
603,Kompas,2026-06-05,"WNI Tewas di Jepang, Ditikam Sesama Warga Indonesia",0,https://internasional.kompas.com/read/2026/06/05/160414270/wni-tewas-di-jepang-ditikam-sesama-warga-indonesia
604,Kompas,2026-06-05,Bos Geng El Salvador Diancam Penjara 25.000 Tahun,0,https://internasional.kompas.com/read/2026/06/05/155100770/bos-geng-el-salvador-diancam-penjara-25.000-tahun-
605,Kompas,2026-06-05,"Australia Sita 100.000 Kecoak Rp 2,5 M, Ada yang Sebesar Telapak Tangan",0,https://internasional.kompas.com/read/2026/06/05/153452870/australia-sita-100000-kecoak-rp-25-m-ada-yang-sebesar-telapak-tangan
606,Kompas,2026-06-05,"Sultan Brunei Rombak Kabinet Besar-besaran, Pangeran Abdul Mateen Jadi Menlu",0,https://internasional.kompas.com/read/2026/06/05/150100370/sultan-brunei-rombak-kabinet-besar-besaran-pangeran-abdul-mateen-jadi
607,Kompas,2026-06-05,"Manuver Trump di Timur Tengah, Ingin Akhiri 2 Perang dalam 1 Kesepakatan",0,https://internasional.kompas.com/read/2026/06/05/150013270/manuver-trump-di-timur-tengah-ingin-akhiri-2-perang-dalam-1
608,Kompas,2026-06-05,"Laut China Selatan Panas, Kapal Taiwan dan China Saling Adang hingga Adu Mulut",0,https://internasional.kompas.com/read/2026/06/05/141100570/laut-china-selatan-panas-kapal-taiwan-dan-china-saling-adang-hingga
609,Kompas,2026-06-05,"Bahas AS dan Israel, Bos Houthi Yaman Nyatakan Siap Hadapi Eskalasi Besar",0,https://internasional.kompas.com/read/2026/06/05/131100870/bahas-as-dan-israel-bos-houthi-yaman-nyatakan-siap-hadapi-eskalasi
610,Kompas,2026-06-05,"Bukan Balas Lawatan Trump dan Putin, Xi Jinping Pilih Kunjungi Kim Jong Un",0,https://internasional.kompas.com/read/2026/06/05/123100470/bukan-balas-lawatan-trump-dan-putin-xi-jinping-pilih-kunjungi-kim-jong
611,Kompas,2026-06-05,"Somalia Membara, Konflik Bersenjata Pecah usai Presiden Ogah Turun",1,https://internasional.kompas.com/read/2026/06/05/105100170/somalia-membara-konflik-bersenjata-pecah-usai-presiden-ogah-turun
612,Kompas,2026-06-05,"Telepon Panas, Pemantik Api Pertengkaran Trump-Netanyahu",1,https://www.kompas.com/global/read/2026/06/05/090916870/telepon-panas-pemantik-api-pertengkaran-trump-netanyahu
613,Kompas,2026-06-06,"Dikejar Target MBG, Kementerian PU Selesaikan 222 SPPG di 30 Provinsi",0,https://www.kompas.com/properti/read/2026/06/06/192342821/dikejar-target-mbg-kementerian-pu-selesaikan-222-sppg-di-30-provinsi
614,Kompas,2026-06-06,Tol Gilimanuk-Mengwi Dipangkas Jadi 42 Kilometer,0,https://www.kompas.com/properti/read/2026/06/06/152833321/tol-gilimanuk-mengwi-dipangkas-jadi-42-kilometer
615,Kompas,2026-06-06,Calon Tol Terpanjang di Indonesia Dapat Dukungan Khusus dari Kemenkeu,0,https://www.kompas.com/properti/read/2026/06/06/090000121/calon-tol-terpanjang-di-indonesia-dapat-dukungan-khusus-dari-kemenkeu
616,Kompas,2026-06-05,Proyek Sekolah Rakyat Kementerian PU Meleset dari Target?,1,https://www.kompas.com/properti/read/2026/06/05/180000421/proyek-sekolah-rakyat-kementerian-pu-meleset-dari-target-
617,Kompas,2026-06-05,"Menteri Maruarar Klaim Tender Rakyat Hasilkan Efisiensi Rp 16,5 Juta",0,https://www.kompas.com/properti/read/2026/06/05/090000821/menteri-maruarar-klaim-tender-rakyat-hasilkan-efisiensi-rp-16-5-juta
618,Kompas,2026-06-06,CEK FAKTA: Kunjungan Presiden ke Luar Negeri Datangkan Investasi Rp 2.430 Triliun?,1,https://www.kompas.com/cekfakta/read/2026/06/06/165200082/cek-fakta--kunjungan-presiden-ke-luar-negeri-datangkan-investasi-rp
619,Kompas,2026-06-06,[KLARIFIKASI] Kabar Keliru Purbaya Pangkas Anggaran MBG Rp 71 Triliun,0,https://www.kompas.com/cekfakta/read/2026/06/06/143311882/klarifikasi-kabar-keliru-purbaya-pangkas-anggaran-mbg-rp-71-triliun
620,Kompas,2026-06-06,"Soekarno Arek Suroboyo, Sejarah Tempat Kelahiran Presiden Pertama RI",0,https://www.kompas.com/cekfakta/read/2026/06/06/100100282/soekarno-arek-suroboyo-sejarah-tempat-kelahiran-presiden-pertama-ri
621,Kompas,2026-06-05,[HOAKS] Kementerian Imigrasi dan Pemasyarakatan Buka Seleksi CPNS 2026,0,https://www.kompas.com/cekfakta/read/2026/06/05/174500582/-hoaks-kementerian-imigrasi-dan-pemasyarakatan-buka-seleksi-cpns-2026
622,Kompas,2026-06-05,[KLARIFIKASI] Prabowo Tidak Copot Purbaya dari Jabatan Menkeu pada 4 Juni 2026,0,https://www.kompas.com/cekfakta/read/2026/06/05/142400782/klarifikasi-prabowo-tidak-copot-purbaya-dari-jabatan-menkeu-pada-4-juni
623,Kompas,2026-06-05,[HOAKS] Prabowo Hapus Program MBG Usai Terjadi Kasus Korupsi BGN,0,https://www.kompas.com/cekfakta/read/2026/06/05/121800082/-hoaks-prabowo-hapus-program-mbg-usai-terjadi-kasus-korupsi-bgn
624,Kompas,2026-06-05,[HOAKS] Artikel Dadan Hindayana Sebut Jokowi Terima Uang Suap MBG Rp 2 Triliun,0,https://www.kompas.com/cekfakta/read/2026/06/05/111100182/-hoaks-artikel-dadan-hindayana-sebut-jokowi-terima-uang-suap-mbg-rp-2
625,Kompas,2026-06-05,[HOAKS] Gibran Umumkan Dana Bantuan Pemerintah Rp 100 Juta,0,https://www.kompas.com/cekfakta/read/2026/06/05/095308082/hoaks-gibran-umumkan-dana-bantuan-pemerintah-rp-100-juta
626,Kompas,2026-06-05,Mensos Ingatkan ASN-nya: Pelaku Korupsi Bisa Dikejar hingga Pensiun,0,https://www.kompas.com/tren/read/2026/06/05/074500765/mensos-ingatkan-asn-nya--pelaku-korupsi-bisa-dikejar-hingga-pensiun
627,Kompas,2026-06-04,"Silmy Karim Terima Rp 100 Juta Per Minggu, KPK Ungkap Modus Korupsi Izin Tinggal WNA",1,https://www.kompas.com/tren/read/2026/06/04/194500965/silmy-karim-terima-rp-100-juta-per-minggu-kpk-ungkap-modus-korupsi-izin
628,Kompas,2026-06-04,"Selain Silmy Karim, Ini Daftar 7 Tersangka Korupsi di Kemenimipas",1,https://www.kompas.com/tren/read/2026/06/04/184500365/selain-silmy-karim-ini-daftar-7-tersangka-korupsi-di-kemenimipas
629,Kompas,2026-06-04,"Rupiah Terus Anjlok ke Rekor Terlemah Sepanjang Sejarah, Apa Kata Menkeu Purbaya dan BI?",1,https://www.kompas.com/tren/read/2026/06/04/141830465/rupiah-terus-anjlok-ke-rekor-terlemah-sepanjang-sejarah-apa-kata-menkeu
630,Kompas,2026-06-04,"Di Korsel, Mantan Presiden Pernah Divonis 25 Tahun Penjara karena Korupsi dan Penyalahgunaan Kekuasaan",0,https://www.kompas.com/tren/read/2026/06/04/133000265/di-korsel-mantan-presiden-pernah-divonis-25-tahun-penjara-karena-korupsi
631,Kompas,2026-06-04,"Kronologi Dadan Hindayana Jadi Tersangka Korupsi MBG, Kurang dari 24 Jam Usai Dicopot Prabowo",0,https://www.kompas.com/tren/read/2026/06/04/130000565/kronologi-dadan-hindayana-jadi-tersangka-korupsi-mbg-kurang-dari-24-jam
632,Kompas,2026-06-04,"Biaya Hidup Naik, Jepang Kucurkan Rp 340 Triliun untuk Bantu Warga Hadapi Dampak Perang di Timur Tengah",0,https://www.kompas.com/tren/read/2026/06/04/110000965/biaya-hidup-naik-jepang-kucurkan-rp-340-triliun-untuk-bantu-warga-hadapi
633,Kompas,2026-06-04,"Sederet Fakta Penangkapan Dadan Hindayana, dari Dugaan Modus hingga Disorot Media Asing",1,https://www.kompas.com/tren/read/2026/06/04/080000965/sederet-fakta-penangkapan-dadan-hindayana-dari-dugaan-modus-hingga-disorot
634,Kompas,2026-06-04,"Paus Leo XIV ke Spanyol, Imigrasi dan Luka Gereja Jadi Bayang-bayang",0,https://www.kompas.com/tren/read/2026/06/04/070000665/paus-leo-xiv-ke-spanyol-imigrasi-dan-luka-gereja-jadi-bayang-bayang
635,Kompas,2026-06-04,"DPR AS Loloskan Resolusi Hentikan Perang Iran, Apa yang Akan Terjadi Setelahnya?",1,https://www.kompas.com/tren/read/2026/06/04/062900765/dpr-as-loloskan-resolusi-hentikan-perang-iran-apa-yang-akan-terjadi
636,Kompas,2026-06-04,Langkah Presiden Setelah Tahu Ada Indikasi Penyelewengan di BGN,1,https://www.kompas.com/tren/read/2026/06/04/061000865/langkah-presiden-setelah-tahu-ada-indikasi-penyelewengan-di-bgn
637,Kompas,2026-06-04,"DPR AS Setujui Resolusi Hentikan Aksi Militer ke Iran, Trump Kena Pukulan Politik",0,https://www.kompas.com/tren/read/2026/06/04/051519765/dpr-as-setujui-resolusi-hentikan-aksi-militer-ke-iran-trump-kena-pukulan
638,Kompas,2026-06-03,"Kata Media Asing soal Dadan Hindayana Tersangka Korupsi MBG, Singgung Insentif Miliaran",0,https://www.kompas.com/tren/read/2026/06/03/213000365/kata-media-asing-soal-dadan-hindayana-tersangka-korupsi-mbg-singgung
639,Kompas,2026-06-03,Pilih SMA atau SMK? Pahami Perbedaan dan Peluang Masa Depannya,1,https://www.kompas.com/tren/read/2026/06/03/210000365/pilih-sma-atau-smk-pahami-perbedaan-dan-peluang-masa-depannya
640,Kompas,2026-06-03,"Dadan Hindayana Tersangka Korupsi MBG, Diduga Atur Mitra dan Mark-up Pengadaan Barang",0,https://www.kompas.com/tren/read/2026/06/03/190702865/dadan-hindayana-tersangka-korupsi-mbg-diduga-atur-mitra-dan-mark-up
641,Kompas,2026-06-03,"Eks Kepala BGN Dadan Hindayana Jadi Tersangka Korupsi MBG, Punya Harta Rp 9 Miliar",0,https://www.kompas.com/tren/read/2026/06/03/183000865/eks-kepala-bgn-dadan-hindayana-jadi-tersangka-korupsi-mbg-punya-harta-rp-9
642,Kompas,2026-06-03,"DPR Soroti Nasib PTS dan Dosen: Perannya Besar, Dukungan Negara Dinilai Masih Minim",0,https://www.kompas.com/tren/read/2026/06/03/103000865/dpr-soroti-nasib-pts-dan-dosen--perannya-besar-dukungan-negara-dinilai
643,Kompas,2026-06-03,"Profil 3 Pimpinan Baru BGN yang Dilantik Prabowo, Ada Eks Jurnalis hingga Jenderal TNI",1,https://www.kompas.com/tren/read/2026/06/03/071500665/profil-3-pimpinan-baru-bgn-yang-dilantik-prabowo-ada-eks-jurnalis-hingga
644,Kompas,2026-06-03,"Rombak Pimpinan BGN, Pemerintah Tegaskan MBG Lanjut Terus",0,https://www.kompas.com/tren/read/2026/06/03/064500365/rombak-pimpinan-bgn-pemerintah-tegaskan-mbg-lanjut-terus
645,Kompas,2026-06-03,"Presiden Rombak Jajaran Petinggi BGN, Siapa Saja yang Dicopot dan Kini Menjabat?",1,https://www.kompas.com/tren/read/2026/06/03/061500165/presiden-rombak-jajaran-petinggi-bgn-siapa-saja-yang-dicopot-dan-kini
646,Kompas,2026-06-02,"Arab Saudi Kecam Serangan Israel ke Lebanon, Desak Komunitas Internasional Bertindak",0,https://www.kompas.com/tren/read/2026/06/02/085140065/arab-saudi-kecam-serangan-israel-ke-lebanon-desak-komunitas-internasional
647,Kompas,2026-06-02,"Respons Kritik Dino Patti Djalal, Teddy Sebut Biaya Kunjungan Prabowo Ditanggung Pribadi",1,https://www.kompas.com/tren/read/2026/06/02/070000165/respons-kritik-dino-patti-djalal-teddy-sebut-biaya-kunjungan-prabowo
648,Kompas,2026-05-31,"Soal Bahasa Perancis Jadi Mapel Wajib, DPR Usul Diterapkan Bertahap",0,https://www.kompas.com/edu/read/2026/05/31/165519671/soal-bahasa-perancis-jadi-mapel-wajib-dpr-usul-diterapkan-bertahap
649,Kompas,2026-05-31,Kemendikdasmen Umumkan Hasil Asesmen Nasional Bersamaan dengan PISA,0,https://www.kompas.com/edu/read/2026/05/31/130100971/kemendikdasmen-umumkan-hasil-asesmen-nasional-bersamaan-dengan-pisa
650,Kompas,2026-05-31,"Pendaftaran SPMB Sekolah Maung 2026 Tutup, Kapan Hasilnya Diumumkan?",1,https://www.kompas.com/edu/read/2026/05/31/120912971/pendaftaran-spmb-sekolah-maung-2026-tutup-kapan-hasilnya-diumumkan
651,Kompas,2026-05-31,"Anak Anies Baswedan Lulus S2 Harvard, Terima Ijazah Sambil Gendong Anak",0,https://www.kompas.com/edu/read/2026/05/31/111500071/anak-anies-baswedan-lulus-s2-harvard-terima-ijazah-sambil-gendong-anak
652,Kompas,2026-05-31,Pemerintah Pastikan Seluruh Anak Dapat Akses Pendidikan Layak,0,https://www.kompas.com/edu/read/2026/05/31/073000571/pemerintah-pastikan-seluruh-anak-dapat-akses-pendidikan-layak
653,Kompas,2026-05-30,DPR Akan Minta Penjelasan Kemendikdasmen soal Bahasa Perancis Jadi Pelajaran Wajib,0,https://www.kompas.com/edu/read/2026/05/30/153100771/dpr-akan-minta-penjelasan-kemendikdasmen-soal-bahasa-perancis-jadi-pelajaran
654,Kompas,2026-05-30,Mendikdasmen Tunjukkan Bukti Anggaran Komitmen Pendidikan Tak Dipangkas buat MBG,0,https://www.kompas.com/edu/read/2026/05/30/130000971/mendikdasmen-tunjukkan-bukti-anggaran-komitmen-pendidikan-tak-dipangkas-buat
655,Kompas,2026-05-28,"Alumnus ITB Lakukan Pemalsuan Riset ke Konferensi Internasional, Kampus Dukung Jika Ada Proses Hukum",0,https://www.kompas.com/edu/read/2026/05/28/205339071/alumnus-itb-lakukan-pemalsuan-riset-ke-konferensi-internasional-kampus
656,Kompas,2026-05-28,Kemendikdasmen: Kebijakan Pendidikan Harus Rill Kebutuhan Sekolah,0,https://www.kompas.com/edu/read/2026/05/28/155421171/kemendikdasmen-kebijakan-pendidikan-harus-rill-kebutuhan-sekolah
657,Kompas,2026-05-28,"Kasus Pemalsuan Penelitian demi ""Travel Grant"", Dosen YARSI dan ITB Beri Tanggapan",0,https://www.kompas.com/edu/read/2026/05/28/115029271/kasus-pemalsuan-penelitian-demi-travel-grant-dosen-yarsi-dan-itb-beri
658,Kompas,2026-05-28,"Sosok Laila, Guru yang Ditunjuk Kemensetneg Ikut Program Pelatihan Internasional ke China",0,https://www.kompas.com/edu/read/2026/05/28/111500371/sosok-laila-guru-yang-ditunjuk-kemensetneg-ikut-program-pelatihan
659,Kompas,2026-05-28,"Daftar Nilai Rerata TKA SD 2026 Semua Provinsi, DIY Tertinggi",0,https://www.kompas.com/edu/read/2026/05/28/092934171/daftar-nilai-rerata-tka-sd-2026-semua-provinsi-diy-tertinggi
660,Kompas,2026-05-27,Dosen-Mahasiswa UPN Jogja Deklarasi Pernyataan Sikap Tolak Segala Bentuk Kekerasan di Kampus,0,https://www.kompas.com/edu/read/2026/05/27/183000571/dosen-mahasiswa-upn-jogja-deklarasi-pernyataan-sikap-tolak-segala-bentuk
661,Kompas,2026-05-27,"Daftar Nilai Rerata TKA SMP 2026 Semua Provinsi, Mana Tertinggi?",1,https://www.kompas.com/edu/read/2026/05/27/111500971/daftar-nilai-rerata-tka-smp-2026-semua-provinsi-mana-tertinggi
662,Kompas,2026-05-26,"Masih Marak Kasus Perundungan di Sekolah, Apa Langkah Pemerintah?",1,https://www.kompas.com/edu/read/2026/05/26/113313471/masih-marak-kasus-perundungan-di-sekolah-apa-langkah-pemerintah
663,Kompas,2026-05-26,"Sudah 1 Tahun, Putusan MK soal Sekolah Gratis Belum Dilakukan Pemerintah",0,https://www.kompas.com/edu/read/2026/05/26/070500471/sudah-1-tahun-putusan-mk-soal-sekolah-gratis-belum-dilakukan-pemerintah
664,Kompas,2026-05-25,"Pastikan UTBK SNBT 2026 Akuntabel, Panitia SNPMB: Banyak Anak Rektor Tak Lolos",0,https://www.kompas.com/edu/read/2026/05/25/154000871/pastikan-utbk-snbt-2026-akuntabel-panitia-snpmb--banyak-anak-rektor-tak
665,Kompas,2026-05-24,"Indonesia Siapkan Industri Semikonduktor Nasional, 1.000 Lulusan Baru hingga Tenaga Profesional Dilatih",0,https://www.kompas.com/edu/read/2026/05/24/152402871/indonesia-siapkan-industri-semikonduktor-nasional-1000-lulusan-baru-hingga
666,Kompas,2026-05-22,"Rapat dengan Komisi X DPR, Aliansi Dosen PPPK Desak Pemerintah Beri Kepastian Hukum",0,https://www.kompas.com/edu/read/2026/05/22/195821571/rapat-dengan-komisi-x-dpr-aliansi-dosen-pppk-desak-pemerintah-beri-kepastian
667,Kompas,2026-05-22,"Kedubes AS-FIB UI Gelar Pelatihan Bahasa Inggris bagi Guru SD, Dukung Kebijakan Kemendikdasmen",0,https://www.kompas.com/edu/read/2026/05/22/105000671/kedubes-as-fib-ui-gelar-pelatihan-bahasa-inggris-bagi-guru-sd-dukung
668,Kompas,2026-05-21,"SPMB Ramah, Kepala Staf Kepresidenan: Wujud Transformasi Tata Kelola Layanan Pendidikan",0,https://www.kompas.com/edu/read/2026/05/21/163000371/spmb-ramah-kepala-staf-kepresidenan--wujud-transformasi-tata-kelola-layanan
669,Kompas,2026-05-21,"Di Sidang MK, JPPI Tegaskan MBG Bukan Bagian dari Penyelenggaraan Pendidikan",0,https://www.kompas.com/edu/read/2026/05/21/104448371/di-sidang-mk-jppi-tegaskan-mbg-bukan-bagian-dari-penyelenggaraan-pendidikan
670,Kompas,2026-05-20,"Hari Kebangkitan Nasional, Wamen Fajar: Semangat yang Jadi Ruh dalam Kebijakan Pendidikan",0,https://www.kompas.com/edu/read/2026/05/20/112814871/hari-kebangkitan-nasional-wamen-fajar-semangat-yang-jadi-ruh-dalam-kebijakan
671,Kompas,2026-05-17,Alasan Pemerintah Ubah Istilah Prodi Teknik Jadi Rekayasa,1,https://www.kompas.com/edu/read/2026/05/17/184241371/alasan-pemerintah-ubah-istilah-prodi-teknik-jadi-rekayasa
672,Kompas,2026-05-17,Menteri PU Targetkan Sekolah Rakyat Rampung 20 Juni 2026,0,https://www.kompas.com/edu/read/2026/05/17/151500271/menteri-pu-targetkan-sekolah-rakyat-rampung-20-juni-2026
673,Kompas,2026-06-05,Trump Gelar Kampanye Terbesar Sepanjang Masa untuk HUT Ke-250 AS,0,https://www.kompas.com/global/read/2026/06/05/072730670/trump-gelar-kampanye-terbesar-sepanjang-masa-untuk-hut-ke-250-as
674,Kompas,2026-06-04,"Sultan Brunei Rombak Kabinet, Tunjuk Dua Putranya Jadi Menteri",0,https://www.kompas.com/global/read/2026/06/04/210836970/sultan-brunei-rombak-kabinet-tunjuk-dua-putranya-jadi-menteri
675,Kompas,2026-06-04,"Lebanon Sebut Kesempatan Terakhir Damai, Hizbullah Beri Syarat ke Israel",0,https://internasional.kompas.com/read/2026/06/04/203018770/lebanon-sebut-kesempatan-terakhir-damai-hizbullah-beri-syarat-ke
676,Kompas,2026-06-04,"Trump Ngamuk Usai DPR AS Setuju Hentikan Perang Iran, Anggap Ganggu Negosiasi",0,https://internasional.kompas.com/read/2026/06/04/200033370/trump-ngamuk-usai-dpr-as-setuju-hentikan-perang-iran-anggap-ganggu
677,Kompas,2026-06-04,Kala Mata-mata China Menyamar Jadi HRD Palsu demi Mengorek Rahasia Negara...,1,https://www.kompas.com/global/read/2026/06/04/190000570/kala-mata-mata-china-menyamar-jadi-hrd-palsu-demi-mengorek-rahasia-negara
678,Kompas,2026-06-04,"Lagi, Prajurit Penjaga Perdamaian PBB di Lebanon Tewas",0,https://internasional.kompas.com/read/2026/06/04/180000570/lagi-prajurit-penjaga-perdamaian-pbb-di-lebanon-tewas
679,Kompas,2026-06-04,"Diancam Dibom Trump, Oman Tetap Ogah Putus Hubungan dengan Iran",0,https://internasional.kompas.com/read/2026/06/04/173100170/diancam-dibom-trump-oman-tetap-ogah-putus-hubungan-dengan-iran
680,Kompas,2026-06-04,"Israel-Lebanon Gencatan Senjata, Menteri Sayap Kanan Ekstrem Nagmuk-ngamuk",0,https://internasional.kompas.com/read/2026/06/04/150100170/israel-lebanon-gencatan-senjata-menteri-sayap-kanan-ekstrem-nagmuk
681,Kompas,2026-06-04,"Kim Jong Un Pamer Pabrik Bom Nuklir Baru, Belajar dari Pengalaman Iran",0,https://internasional.kompas.com/read/2026/06/04/144950070/kim-jong-un-pamer-pabrik-bom-nuklir-baru-belajar-dari-pengalaman-iran
682,Kompas,2026-06-04,"Baru Hitungan Jam Gencatan Senjata, Israel Serang Lebanon Lagi",0,https://internasional.kompas.com/read/2026/06/04/144047170/baru-hitungan-jam-gencatan-senjata-israel-serang-lebanon-lagi
683,Kompas,2026-06-04,Media Asing Soroti Rupiah Tembus Rp 18.000 Per Dollar AS,0,https://internasional.kompas.com/read/2026/06/04/141100370/media-asing-soroti-rupiah-tembus-rp-18.000-per-dollar-as
684,Kompas,2026-06-04,"Kim Jong Un Rahasiakan Sosok Ibunya, Ini Alasan di Baliknya",1,https://internasional.kompas.com/read/2026/06/04/134842170/kim-jong-un-rahasiakan-sosok-ibunya-ini-alasan-di-baliknya
685,Kompas,2026-06-04,"Beirut Tak Boleh Disentuh, Hizbullah Ancam Balas Langsung ke Jantung Kota Israel",0,https://internasional.kompas.com/read/2026/06/04/132100070/beirut-tak-boleh-disentuh-hizbullah-ancam-balas-langsung-ke-jantung
686,Kompas,2026-06-04,"Trump Akui Sebut Netanyahu Gila, Begini Respons PM Israel",1,https://internasional.kompas.com/read/2026/06/04/114100770/trump-akui-sebut-netanyahu-gila-begini-respons-pm-israel
687,Kompas,2026-06-04,"Terlihat Patuh pada AS, Venezuela Sebenarnya Terpecah Belah Pasca Kejatuhan Maduro",0,https://internasional.kompas.com/read/2026/06/04/113203370/terlihat-patuh-pada-as-venezuela-sebenarnya-terpecah-belah-pasca
688,Kompas,2026-06-04,"Demi Proyek Mewah Menantu Trump, Habitat Langka di Albania Terancam Hancur",0,https://internasional.kompas.com/read/2026/06/04/105100770/demi-proyek-mewah-menantu-trump-habitat-langka-di-albania-terancam
689,Kompas,2026-06-04,"Elite Rusia Mulai Bosan dengan Perang, Tak Yakin Putin Bisa Menang atas Ukraina",0,https://internasional.kompas.com/read/2026/06/04/102906270/elite-rusia-mulai-bosan-dengan-perang-tak-yakin-putin-bisa-menang-atas
690,Kompas,2026-06-04,"Menlu AS Umumkan Perang Iran Berakhir, Tak Gubris Serangan Terbaru",0,https://internasional.kompas.com/read/2026/06/04/093154170/menlu-as-umumkan-perang-iran-berakhir-tak-gubris-serangan-terbaru
691,Kompas,2026-06-04,"Meski Dicaci Maki Trump, Netanyahu Sebut AS-Israel Tetap Bersahabat dan Kompak",0,https://internasional.kompas.com/read/2026/06/04/085016070/meski-dicaci-maki-trump-netanyahu-sebut-as-israel-tetap-bersahabat-dan
692,Kompas,2026-06-04,"Trump Bocorkan Niatnya soal Iran ke Staf: Tak Mau Perang Lagi, kecuali Hal Ini Terjadi",1,https://internasional.kompas.com/read/2026/06/04/081112270/trump-bocorkan-niatnya-soal-iran-ke-staf-tak-mau-perang-lagi-kecuali
693,Kompas,2026-06-04,"DPR AS Muak dengan Perang Iran, Paksa Trump Tarik Pasukan Amerika",0,https://internasional.kompas.com/read/2026/06/04/070207670/dpr-as-muak-dengan-perang-iran-paksa-trump-tarik-pasukan-amerika
694,Kompas,2026-06-04,"Trump: Jika Bukan karena Saya, Israel Tidak Akan Ada Sekarang",0,https://internasional.kompas.com/read/2026/06/04/050000170/trump--jika-bukan-karena-saya-israel-tidak-akan-ada-sekarang
695,Kompas,2026-06-03,Kuwait Bantah Wilayah Udaranya Dipakai AS untuk Menyerang Iran,0,https://internasional.kompas.com/read/2026/06/03/220115370/kuwait-bantah-wilayah-udaranya-dipakai-as-untuk-menyerang-iran
696,Kompas,2026-06-03,"Trump Akui Caci Maki Netanyahu, Ungkap Isi Percakapan Telepon",1,https://internasional.kompas.com/read/2026/06/03/210403170/trump-akui-caci-maki-netanyahu-ungkap-isi-percakapan-telepon
697,Kompas,2026-06-03,"Indonesia Jadi Sasaran, Trump Akan Kenakan Tarif Baru pada 60 Negara",0,https://internasional.kompas.com/read/2026/06/03/192718170/indonesia-jadi-sasaran-trump-akan-kenakan-tarif-baru-pada-60-negara
698,Kompas,2026-06-03,"Dapat Ampunan Raja, Eks PM Thailand Thaksin Shinawatra Bebas Penuh",0,https://www.kompas.com/global/read/2026/06/03/191500370/dapat-ampunan-raja-eks-pm-thailand-thaksin-shinawatra-bebas-penuh
699,Kompas,2026-06-03,"Usai Ribut dengan Netanyahu, Trump Ingin Bertemu Mojtaba Khamenei",0,https://internasional.kompas.com/read/2026/06/03/184500370/usai-ribut-dengan-netanyahu-trump-ingin-bertemu-mojtaba-khamenei
700,Kompas,2026-06-03,"Sekutu AS Ini Tak Mau Jauhi Iran, Didesak Trump Pilih Kubu",1,https://internasional.kompas.com/read/2026/06/03/182000170/sekutu-as-ini-tak-mau-jauhi-iran-didesak-trump-pilih-kubu
701,Kompas,2026-06-03,"Catat Sejarah, Negara Eropa Ini Punya Menteri Mayoritas Perempuan",1,https://www.kompas.com/global/read/2026/06/03/180004470/catat-sejarah-negara-eropa-ini-punya-menteri-mayoritas-perempuan
702,Kompas,2026-06-03,"Iran Murka Usai Serangan AS, Ancam Gempur dengan Rudal",0,https://internasional.kompas.com/read/2026/06/03/171500670/iran-murka-usai-serangan-as-ancam-gempur-dengan-rudal
703,Kompas,2026-06-03,"Trump Bakal Pukul 60 Negara dengan Tarif Baru, Isu Kerja Paksa Jadi Alasan",0,https://internasional.kompas.com/read/2026/06/03/170910070/trump-bakal-pukul-60-negara-dengan-tarif-baru-isu-kerja-paksa-jadi
704,Kompas,2026-06-03,"Trump Mau Kirim Warga AS Terpapar Ebola ke Kenya, Tak Mau Virus Masuk Amerika",0,https://internasional.kompas.com/read/2026/06/03/164310870/trump-mau-kirim-warga-as-terpapar-ebola-ke-kenya-tak-mau-virus-masuk
705,Kompas,2026-06-03,"Ujung Terowongan Narkoba Besar AS-Meksiko Terungkap, Tembus di Toko California",0,https://internasional.kompas.com/read/2026/06/03/153255370/ujung-terowongan-narkoba-besar-as-meksiko-terungkap-tembus-di-toko
706,Kompas,2026-06-03,"AS Tembakkan Rudal Hellfire ke Kapal yang Terobos Selat Hormuz, Tujuan ke Iran",0,https://internasional.kompas.com/read/2026/06/03/151500170/as-tembakkan-rudal-hellfire-ke-kapal-yang-terobos-selat-hormuz-tujuan
707,Kompas,2026-06-03,"Israel Siapkan Mega Proyek Rp 81,5 T di Utara, Tepat di Depan Lebanon",0,https://internasional.kompas.com/read/2026/06/03/145708070/israel-siapkan-mega-proyek-rp-815-t-di-utara-tepat-di-depan-lebanon
708,Kompas,2026-06-03,"3 Pria Australia Didepak dari Indonesia, Masuk Papua Selatan secara Ilegal",0,https://internasional.kompas.com/read/2026/06/03/141830070/3-pria-australia-didepak-dari-indonesia-masuk-papua-selatan-secara
709,Kompas,2026-06-03,"Drone-Rudal Iran Hantam Kuwait, Bandara Internasional Rusak Parah",0,https://www.kompas.com/global/read/2026/06/03/140610970/drone-rudal-iran-hantam-kuwait-bandara-internasional-rusak-parah
710,Kompas,2026-06-03,"Intel Rusia Dilaporkan Makin Agresif Curi Teknologi Barat, Eropa Ungkap Modusnya",1,https://internasional.kompas.com/read/2026/06/03/132901870/intel-rusia-dilaporkan-makin-agresif-curi-teknologi-barat-eropa-ungkap
711,Kompas,2026-06-03,Larangan Media Sosial di Malaysia Panen Kritik,0,https://www.kompas.com/global/read/2026/06/03/131100370/larangan-media-sosial-di-malaysia-panen-kritik
712,Kompas,2026-06-03,"Trump Tunjuk Kepala Intel Baru, Pengalamannya ""Cuma"" Urus Perumahan",0,https://internasional.kompas.com/read/2026/06/03/122535470/trump-tunjuk-kepala-intel-baru-pengalamannya-cuma-urus-perumahan
713,Kompas,2026-06-03,"Setelah Perang, Bisakah Iran Berdamai dengan Negara-Negara Teluk?",1,https://www.kompas.com/global/read/2026/06/03/122100270/setelah-perang-bisakah-iran-berdamai-dengan-negara-negara-teluk-
714,Kompas,2026-06-03,Yasser Arafat dan Politik Mitos,0,https://www.kompas.com/global/read/2026/06/03/115500170/yasser-arafat-dan-politik-mitos
715,Kompas,2026-06-03,"Gara-Gara Ucapan Jenderal AS, Korea Utara Marah Besar",1,https://internasional.kompas.com/read/2026/06/03/113100470/gara-gara-ucapan-jenderal-as-korea-utara-marah-besar
716,Kompas,2026-06-03,"Lama Tak Muncul, Kondisi Terkini Mojtaba Khamenei Dibongkar Menlu AS",1,https://internasional.kompas.com/read/2026/06/03/111019170/lama-tak-muncul-kondisi-terkini-mojtaba-khamenei-dibongkar-menlu-as
717,Kompas,2026-06-03,"Trump-Netanyahu Ribut, Iran Ambil Kesempatan Kuasai Meja Perundingan",0,https://internasional.kompas.com/read/2026/06/03/095100670/trump-netanyahu-ribut-iran-ambil-kesempatan-kuasai-meja-perundingan
718,Kompas,2026-06-03,"Drama Trump-Netanyahu: Dulu Mesra Serang Iran, Kini Bertengkar Selesaikan Perang",1,https://internasional.kompas.com/read/2026/06/03/090100870/drama-trump-netanyahu-dulu-mesra-serang-iran-kini-bertengkar
719,Kompas,2026-06-03,"Sumpah Serapah Terucap, Hubungan Trump-Netanyahu di Ujung Tanduk",0,https://internasional.kompas.com/read/2026/06/03/081100670/sumpah-serapah-terucap-hubungan-trump-netanyahu-di-ujung-tanduk
720,Kompas,2026-06-03,"Iran Kaji Usulan Kesepakatan Damai, Trump Klaim Dialog Jalan Terus",0,https://internasional.kompas.com/read/2026/06/03/072100970/iran-kaji-usulan-kesepakatan-damai-trump-klaim-dialog-jalan-terus
721,Kompas,2026-06-03,"AS Berupaya Damai dengan Iran, Netanyahu Masih Ingin Lenyapkan Rezim Teheran",0,https://internasional.kompas.com/read/2026/06/03/060000970/as-berupaya-damai-dengan-iran-netanyahu-masih-ingin-lenyapkan-rezim
722,Kompas,2026-06-03,[POPULER GLOBAL] Trump Caci Maki Netanyahu | Jepang Kehilangan 3 Juta Penduduk,0,https://www.kompas.com/global/read/2026/06/03/054100970/-populer-global-trump-caci-maki-netanyahu-jepang-kehilangan-3-juta
723,Kompas,2026-06-03,"Israel Sebut UEA Sahabat Sejati, Hubungan Makin Erat Saat Perang Iran",0,https://internasional.kompas.com/read/2026/06/03/051500670/israel-sebut-uea-sahabat-sejati-hubungan-makin-erat-saat-perang-iran
724,Kompas,2026-06-03,"Trump: Semua Orang Membencimu Netanyahu, Kamu Benar-benar Gila",0,https://internasional.kompas.com/read/2026/06/03/050000470/trump-semua-orang-membencimu-netanyahu-kamu-benar-benar-gila
725,Kompas,2026-06-02,"Kerusakan AS di Perang Iran Ternyata Lebih Luas, 20 Fasilitas Militer Rusak",0,https://internasional.kompas.com/read/2026/06/02/201000870/kerusakan-as-di-perang-iran-ternyata-lebih-luas-20-fasilitas-militer
726,Kompas,2026-06-02,"AS Disebut Mau Tempatkan Senjata Nuklir Dekat Rusia, Incar Wilayah Ini",1,https://internasional.kompas.com/read/2026/06/02/193000970/as-disebut-mau-tempatkan-senjata-nuklir-dekat-rusia-incar-wilayah-ini
727,Kompas,2026-06-02,"Demi Orang Dekat, Menhan AS Disebut Halangi Promosi 8 Pewira Senior Militer",1,https://internasional.kompas.com/read/2026/06/02/184500070/demi-orang-dekat-menhan-as-disebut-halangi-promosi-8-pewira-senior
728,Kompas,2026-06-02,"Pesawat Militer Taiwan Jatuh Saat Simulasi Darurat, 2 Pilot Tewas",0,https://internasional.kompas.com/read/2026/06/02/170043670/pesawat-militer-taiwan-jatuh-saat-simulasi-darurat-2-pilot-tewas
729,Kompas,2026-06-02,"Bukan Coding, Google Kini Bikin ""Tentara"" Nyamuk Steril",0,https://internasional.kompas.com/read/2026/06/02/164100570/bukan-coding-google-kini-bikin-tentara-nyamuk-steril
730,Kompas,2026-06-02,"656 Drone dan 73 Rudal Rusia Gempur Ukraina dalam Semalam, 13 Orang Tewas",0,https://internasional.kompas.com/read/2026/06/02/162000070/656-drone-dan-73-rudal-rusia-gempur-ukraina-dalam-semalam-13-orang
731,Kompas,2026-06-02,"Balapan Liar Dua Bersaudara Renggut Nyawa Satu Keluarga, Bocah 10 Tahun Ikut Tewas",0,https://internasional.kompas.com/read/2026/06/02/155100870/balapan-liar-dua-bersaudara-renggut-nyawa-satu-keluarga-bocah-10-tahun
732,Kompas,2026-06-02,"Jepang Kehilangan 3 Juta Penduduk dalam 5 Tahun, Banyak Rumah Kosong",0,https://internasional.kompas.com/read/2026/06/02/150100070/jepang-kehilangan-3-juta-penduduk-dalam-5-tahun-banyak-rumah-kosong
733,Kompas,2026-06-02,Skenario Politik dan Diplomasi Iran jika Masoud Pezeshkian Mundur,1,https://www.kompas.com/global/read/2026/06/02/142500370/skenario-politik-dan-diplomasi-iran-jika-masoud-pezeshkian-mundur
734,Kompas,2026-06-02,"Drone Canggih AS Ditembak Iran, Washington Balas Hancurkan Radar",0,https://internasional.kompas.com/read/2026/06/02/132100470/drone-canggih-as-ditembak-iran-washington-balas-hancurkan-radar
735,Kompas,2026-06-02,"Citra ""Pria Baik"" Bill Gates Runtuh gegara Epstein, Kini Kehilangan Pengaruh",0,https://internasional.kompas.com/read/2026/06/02/130448970/citra-pria-baik-bill-gates-runtuh-gegara-epstein-kini-kehilangan
736,Kompas,2026-06-02,"Netanyahu Terus Cari Cara Gagalkan Perdamaian AS-Iran, Diduga Tak Mau Perang Berakhir",0,https://internasional.kompas.com/read/2026/06/02/124107870/netanyahu-terus-cari-cara-gagalkan-perdamaian-as-iran-diduga-tak-mau
737,Kompas,2026-06-02,"Polisi Meksiko Temukan Terowongan Bawah Tanah Panjang, Diduga Tembus AS",0,https://internasional.kompas.com/read/2026/06/02/123100070/polisi-meksiko-temukan-terowongan-bawah-tanah-panjang-diduga-tembus-as
738,Kompas,2026-06-02,"Diduga Jadi Hadiah Politik Loyalis Trump, AS Bekukan Dana Kompensasi Rp 32 T",0,https://internasional.kompas.com/read/2026/06/02/114706370/diduga-jadi-hadiah-politik-loyalis-trump-as-bekukan-dana-kompensasi-rp
739,Kompas,2026-06-02,"Australia Naikkan Upah Minimum Ikuti Inflasi, Jadi Rp 12 Juta Seminggu",0,https://internasional.kompas.com/read/2026/06/02/114100770/australia-naikkan-upah-minimum-ikuti-inflasi-jadi-rp-12-juta-seminggu
740,Kompas,2026-06-02,"Turis Israel Berulah di Filipina, Pemerintah Kewalahan",0,https://internasional.kompas.com/read/2026/06/02/105100670/turis-israel-berulah-di-filipina-pemerintah-kewalahan
741,Kompas,2026-06-02,"Trump Murka Oman Terlalu Dekat dengan Iran, UEA dan Saudi Ikut Kesal",0,https://internasional.kompas.com/read/2026/06/02/102029970/trump-murka-oman-terlalu-dekat-dengan-iran-uea-dan-saudi-ikut-kesal
742,Kompas,2026-06-02,"Partai Kecoak India Bakal Turun ke Jalan, Tak Takut Ancaman Penangkapan",0,https://internasional.kompas.com/read/2026/06/02/092314970/partai-kecoak-india-bakal-turun-ke-jalan-tak-takut-ancaman-penangkapan
743,Kompas,2026-06-02,"Arab Saudi Kecam Serangan Iran ke Kuwait, Sebut Langgar Hukum Internasional",0,https://internasional.kompas.com/read/2026/06/02/084705570/arab-saudi-kecam-serangan-iran-ke-kuwait-sebut-langgar-hukum
744,Kompas,2026-06-02,"Trump Caci Maki Netanyahu soal Serangan ke Beirut, Hubungan AS-Israel Retak?",1,https://internasional.kompas.com/read/2026/06/02/075755970/trump-caci-maki-netanyahu-soal-serangan-ke-beirut-hubungan-as-israel
745,Kompas,2026-06-02,"Trump Umumkan Gencatan Senjata Israel dan Hizbullah, Selamatkan Negosiasi dengan Iran?",1,https://internasional.kompas.com/read/2026/06/02/072910970/trump-umumkan-gencatan-senjata-israel-dan-hizbullah-selamatkan
746,Kompas,2026-06-02,"Iran Setop Sementara Perundingan dengan AS, Salahkan Israel",0,https://internasional.kompas.com/read/2026/06/02/070000770/iran-setop-sementara-perundingan-dengan-as-salahkan-israel
747,Kompas,2026-06-02,"Trump Sesumbar Negosiasi dengan Iran Makin Cepat, Teheran Malah Ancam Perluas Perang",0,https://internasional.kompas.com/read/2026/06/02/065206870/trump-sesumbar-negosiasi-dengan-iran-makin-cepat-teheran-malah-ancam
748,Kompas,2026-06-01,"Netanyahu Bangga Israel Sangat Dicintai di India, Klaim Dapat Dukungan Besar-besaran",0,https://internasional.kompas.com/read/2026/06/01/193429270/netanyahu-bangga-israel-sangat-dicintai-di-india-klaim-dapat-dukungan
749,Kompas,2026-06-01,"Trump Minta Imbalan atas Bantuan Kesehatan, Negara Afrika Menolak",0,https://internasional.kompas.com/read/2026/06/01/193000770/trump-minta-imbalan-atas-bantuan-kesehatan-negara-afrika-menolak
750,Kompas,2026-06-01,"AS-Iran Jual-Beli Serangan Lagi, Situasi Kian Tak Terkendali",0,https://internasional.kompas.com/read/2026/06/01/190000870/as-iran-jual-beli-serangan-lagi-situasi-kian-tak-terkendali
751,Kompas,2026-06-01,"Bukan AS atau Iran, Turkiye Justru Bisa Jadi Pemenang Perang Timur Tengah",0,https://internasional.kompas.com/read/2026/06/01/165330970/bukan-as-atau-iran-turkiye-justru-bisa-jadi-pemenang-perang-timur
752,Kompas,2026-06-01,"Presiden Iran Dilaporkan Ajukan Resign, Teheran Langsung Buka Suara",1,https://internasional.kompas.com/read/2026/06/01/163505070/presiden-iran-dilaporkan-ajukan-resign-teheran-langsung-buka-suara
753,Kompas,2026-06-01,"AS-Iran Bentrok Lagi, Trump ke Warga Amerika: Santai, Semua Akan Baik-baik Saja",0,https://internasional.kompas.com/read/2026/06/01/161429170/as-iran-bentrok-lagi-trump-ke-warga-amerika-santai-semua-akan-baik
754,Kompas,2026-06-01,"2 Negara ASEAN Bersatu Jaga Laut China Selatan, Teken Pakta Pertahanan",0,https://internasional.kompas.com/read/2026/06/01/153901970/2-negara-asean-bersatu-jaga-laut-china-selatan-teken-pakta-pertahanan
755,Kompas,2026-06-01,"Fans PSG Rusuh di Perancis, Hampir 900 Orang Ditangkap",0,https://internasional.kompas.com/read/2026/06/01/144624170/fans-psg-rusuh-di-perancis-hampir-900-orang-ditangkap
756,Kompas,2026-06-01,"Iran Balas Serang Pangkalan AS, Kesepakatan Damai Kian Jauh",0,https://internasional.kompas.com/read/2026/06/01/140444070/iran-balas-serang-pangkalan-as-kesepakatan-damai-kian-jauh
757,Kompas,2026-06-01,"AS Usulkan Deeskalasi di Lebanon, tapi Hizbullah Harus Setop Menyerang",0,https://internasional.kompas.com/read/2026/06/01/130000470/as-usulkan-deeskalasi-di-lebanon-tapi-hizbullah-harus-setop-menyerang
758,Kompas,2026-06-01,"AS ""Lelah"" Subsidi Pertahanan Sekutu Asia, Desak Penambahan Belanja Militer",0,https://internasional.kompas.com/read/2026/06/01/122530170/as-lelah-subsidi-pertahanan-sekutu-asia-desak-penambahan-belanja
759,Kompas,2026-06-01,"AS dan Iran Saling Serang, Radar hingga Pangkalan Militer Jadi Sasaran",0,https://internasional.kompas.com/read/2026/06/01/120837670/as-dan-iran-saling-serang-radar-hingga-pangkalan-militer-jadi-sasaran
760,Kompas,2026-06-01,"Jantung Trump Berusia 14 Tahun Lebih Muda, Dokter Sebut Terlalu Sempurna",0,https://internasional.kompas.com/read/2026/06/01/114051370/jantung-trump-berusia-14-tahun-lebih-muda-dokter-sebut-terlalu
761,Kompas,2026-06-01,"Israel Gempur Lebanon Saat Gencatan Senjata, Dunia Internasional Geram",0,https://internasional.kompas.com/read/2026/06/01/102316970/israel-gempur-lebanon-saat-gencatan-senjata-dunia-internasional-geram
762,Kompas,2026-06-01,"Israel Rebut Kastil Beaufort di Lebanon, Netanyahu Belum Puas",0,https://internasional.kompas.com/read/2026/06/01/090403870/israel-rebut-kastil-beaufort-di-lebanon-netanyahu-belum-puas
763,Kompas,2026-06-01,"3 Pabrik Gas Utama Iran Telah Pulih, Kirim Sinyal Ketahanan Ekonomi",0,https://internasional.kompas.com/read/2026/06/01/073720470/3-pabrik-gas-utama-iran-telah-pulih-kirim-sinyal-ketahanan-ekonomi
764,Kompas,2026-06-01,"Ledakan di Gudang Penyimpanan Bahan Peledak, 45 Orang Tewas",0,https://internasional.kompas.com/read/2026/06/01/065118370/ledakan-di-gudang-penyimpanan-bahan-peledak-45-orang-tewas
765,Kompas,2026-05-31,"Kecam Israel, Perancis Minta Dewan Keamanan PBB Adakan Pertemuan Darurat",0,https://internasional.kompas.com/read/2026/05/31/223131870/kecam-israel-perancis-minta-dewan-keamanan-pbb-adakan-pertemuan
766,Kompas,2026-05-31,"Drone Hantam Situs Nuklir di Ukraina, Badan Atom Dunia Beri Peringatan",0,https://internasional.kompas.com/read/2026/05/31/195955870/drone-hantam-situs-nuklir-di-ukraina-badan-atom-dunia-beri-peringatan
767,Kompas,2026-05-31,"Ingin Lawan China, AS Kembangkan Drone Bawah Air Canggih bersama Sekutunya",0,https://internasional.kompas.com/read/2026/05/31/190409570/ingin-lawan-china-as-kembangkan-drone-bawah-air-canggih-bersama
768,Kompas,2026-05-31,"Iran Tuntut Hak Rakyatnya, Tegaskan Tak Percaya dengan Janji AS",0,https://internasional.kompas.com/read/2026/05/31/183218470/iran-tuntut-hak-rakyatnya-tegaskan-tak-percaya-dengan-janji-as
769,Kompas,2026-05-31,"Trik Cerdas Kapal-kapal untuk Lewati Selat Hormuz, Ada Campur Tangan Militer AS",1,https://internasional.kompas.com/read/2026/05/31/163000970/trik-cerdas-kapal-kapal-untuk-lewati-selat-hormuz-ada-campur-tangan
770,Kompas,2026-05-31,"Jepang Tolak Tuduhan ‘Militerisme Baru’ oleh China, Balas Mengkritik Beijing",0,https://internasional.kompas.com/read/2026/05/31/154500270/jepang-tolak-tuduhan-militerisme-baru-oleh-china-balas-mengkritik
771,Kompas,2026-05-31,"Trump Ajukan Proposal Keras, Sebut Iran Tak Akan Kembangkan Senjata Nuklir",0,https://internasional.kompas.com/read/2026/05/31/150524870/trump-ajukan-proposal-keras-sebut-iran-tak-akan-kembangkan-senjata
772,Kompas,2026-05-31,"Makin Mesra, Kongres AS Siapkan Jalan bagi Integrasi Militer dengan Israel",1,https://internasional.kompas.com/read/2026/05/31/130000970/makin-mesra-kongres-as-siapkan-jalan-bagi-integrasi-militer-dengan
773,Kompas,2026-05-31,"Tak Mau Ulangi Jejak Obama, Trump Perketat Tawaran Damai dengan Iran",0,https://internasional.kompas.com/read/2026/05/31/113028570/tak-mau-ulangi-jejak-obama-trump-perketat-tawaran-damai-dengan-iran
774,Kompas,2026-05-31,"Trump Klaim AS Sengaja ""Ampuni"" Militer Iran, Sebut Bukan Target Utama",0,https://internasional.kompas.com/read/2026/05/31/103546570/trump-klaim-as-sengaja-ampuni-militer-iran-sebut-bukan-target-utama
775,Kompas,2026-05-31,"AS Temukan Cara Murah Lawan Drone, Tak Perlu Rudal Rp 17,8 Miliar",1,https://internasional.kompas.com/read/2026/05/31/095736970/as-temukan-cara-murah-lawan-drone-tak-perlu-rudal-rp-178-miliar
776,Kompas,2026-05-31,"Banyak Musisi Mundur, Trump Ingin Jadi Bintang Tamu HUT ke-250 AS",0,https://internasional.kompas.com/read/2026/05/31/083857470/banyak-musisi-mundur-trump-ingin-jadi-bintang-tamu-hut-ke-250-as
777,Kompas,2026-05-31,"Sempat Dibantah AS, Iran Kini Klaim Aset Rp 214 Triliun Segera Cair",0,https://internasional.kompas.com/read/2026/05/31/064530470/sempat-dibantah-as-iran-kini-klaim-aset-rp-214-triliun-segera-cair
778,Kompas,2026-05-30,"Ahmadinejad, Ikon Anti-Israel yang Muncul dalam Skenario AS untuk Iran",0,https://internasional.kompas.com/read/2026/05/30/200000870/ahmadinejad-ikon-anti-israel-yang-muncul-dalam-skenario-as-untuk-iran
779,Kompas,2026-05-30,"Iran Beri China-Rusia Hak Istimewa di Selat Hormuz, Dapat Perlakuan Khusus",0,https://internasional.kompas.com/read/2026/05/30/170000870/iran-beri-china-rusia-hak-istimewa-di-selat-hormuz-dapat-perlakuan
780,Kompas,2026-05-30,"Pertemuan Rahasia di Gedung Putih Berakhir, Tak Ada Keputusan Final soal Iran",0,https://internasional.kompas.com/read/2026/05/30/160000670/pertemuan-rahasia-di-gedung-putih-berakhir-tak-ada-keputusan-final
781,Kompas,2026-05-30,"AS Ultimatum NATO dan Eropa, Tambah Belanja Militer atau Hadapi Konsekuensinya",1,https://internasional.kompas.com/read/2026/05/30/150000270/as-ultimatum-nato-dan-eropa-tambah-belanja-militer-atau-hadapi
782,Kompas,2026-05-30,"Satu Korban Berhasil Keluar dari Gua di Laos, 6 Warga Masih Terjebak",1,https://internasional.kompas.com/read/2026/05/30/143000770/satu-korban-berhasil-keluar-dari-gua-di-laos-6-warga-masih-terjebak
783,Kompas,2026-05-30,"Kondisi Kesehatan Trump Sangat Baik, tapi Berat Badan Capai 108 Kg",0,https://internasional.kompas.com/read/2026/05/30/123327470/kondisi-kesehatan-trump-sangat-baik-tapi-berat-badan-capai-108-kg
784,Kompas,2026-05-30,"Iran Buka Suara, Sebut Trump Berbohong soal Selat Hormuz",1,https://internasional.kompas.com/read/2026/05/30/121100370/iran-buka-suara-sebut-trump-berbohong-soal-selat-hormuz
785,Kompas,2026-05-30,Iran Persiapkan Upacara Pemakaman Megah untuk Ali Khamenei,0,https://internasional.kompas.com/read/2026/05/30/113500170/iran-persiapkan-upacara-pemakaman-megah-untuk-ali-khamenei
786,Kompas,2026-05-30,"Kompori Negara Asia, Menhan AS Sebut Militer China Tumbuh Pesat",0,https://internasional.kompas.com/read/2026/05/30/112100270/kompori-negara-asia-menhan-as-sebut-militer-china-tumbuh-pesat
787,Kompas,2026-05-30,"Bukan di Paruh atau Mata, Ilmuwan Temukan ""GPS"" Alami Merpati",1,https://internasional.kompas.com/read/2026/05/30/103100370/bukan-di-paruh-atau-mata-ilmuwan-temukan-gps-alami-merpati
788,Kompas,2026-05-30,"Tak Gentar Ancaman AS, Iran dan Oman Bahas Pengelolaan Selat Hormuz",0,https://internasional.kompas.com/read/2026/05/30/101757470/tak-gentar-ancaman-as-iran-dan-oman-bahas-pengelolaan-selat-hormuz
789,Kompas,2026-05-30,"Trump Gelar Rapat Rahasia di Gedung Putih, Tentukan Nasib Perang Iran",0,https://internasional.kompas.com/read/2026/05/30/085100370/trump-gelar-rapat-rahasia-di-gedung-putih-tentukan-nasib-perang-iran
790,Kompas,2026-05-30,"Bukan Cuma AS dan Israel, UEA Ikut Bombardir Iran dengan Puluhan Serangan",0,https://internasional.kompas.com/read/2026/05/30/080100670/bukan-cuma-as-dan-israel-uea-ikut-bombardir-iran-dengan-puluhan
791,Kompas,2026-05-30,"Trump Siap Ambil Keputusan Final Soal Iran, tapi Ada Syarat yang Bikin Teheran Berang",1,https://internasional.kompas.com/read/2026/05/30/062100070/trump-siap-ambil-keputusan-final-soal-iran-tapi-ada-syarat-yang-bikin
792,Kompas,2026-05-29,"Trump Susun Keputusan Akhir soal Iran, Ada 2 Poin Krusial",1,https://internasional.kompas.com/read/2026/05/29/233107370/trump-susun-keputusan-akhir-soal-iran-ada-2-poin-krusial
793,Kompas,2026-05-29,"Yen Juga Melemah, Jepang Gelontorkan Rp 1.300 T Dongkrak Nilai Tukar",0,https://internasional.kompas.com/read/2026/05/29/221500470/yen-juga-melemah-jepang-gelontorkan-rp-1.300-t-dongkrak-nilai-tukar
794,Kompas,2026-05-29,"Beda dengan Klaim AS, Media Iran Sebut Belum Final soal Kesepakatan",0,https://internasional.kompas.com/read/2026/05/29/211727770/beda-dengan-klaim-as-media-iran-sebut-belum-final-soal-kesepakatan
795,Kompas,2026-05-29,"Temuan Janggal dari Tragedi 82 Tewas di Tambang China, Ada Pintu Palsu",1,https://internasional.kompas.com/read/2026/05/29/192100170/temuan-janggal-dari-tragedi-82-tewas-di-tambang-china-ada-pintu-palsu
796,Kompas,2026-05-29,"China Geram atas Negosiasi Jepang dan Filipina soal Batas Maritim, Disebut Ilegal",0,https://internasional.kompas.com/read/2026/05/29/182000770/china-geram-atas-negosiasi-jepang-dan-filipina-soal-batas-maritim
797,Kompas,2026-05-29,"Bantah Klaim AS, Iran Enggan Pindahkan Persediaan Uranium ke Luar Negeri",0,https://internasional.kompas.com/read/2026/05/29/180000770/bantah-klaim-as-iran-enggan-pindahkan-persediaan-uranium-ke-luar
798,Kompas,2026-05-29,"AS Larang Maskapai Iran Masuk, tapi Tetap Izinkan Haji dan Umrah",0,https://internasional.kompas.com/read/2026/05/29/174100870/as-larang-maskapai-iran-masuk-tapi-tetap-izinkan-haji-dan-umrah
799,Kompas,2026-05-29,"Pejabat Tinggi China Absen di KTT Pertahanan Asia yang Dipimpin AS, Kirim Akademisi",0,https://internasional.kompas.com/read/2026/05/29/171753970/pejabat-tinggi-china-absen-di-ktt-pertahanan-asia-yang-dipimpin-as
800,Kompas,2026-05-29,Netanyahu Pertimbangkan Rute Energi Lewat Israel untuk Gantikan Selat Hormuz,0,https://internasional.kompas.com/read/2026/05/29/161500770/netanyahu-pertimbangkan-rute-energi-lewat-israel-untuk-gantikan-selat
801,Kompas,2026-05-29,Clinton Ejek Rencana Muka Trump di Dollar AS: Cuma Cukup Beli Telur?,1,https://internasional.kompas.com/read/2026/05/29/155100670/clinton-ejek-rencana-muka-trump-di-dollar-as--cuma-cukup-beli-telur-
802,Kompas,2026-05-29,"Viral Isu Kamboja Usir Semua Warga Afrika, Phnom Penh Buka Suara",1,https://internasional.kompas.com/read/2026/05/29/154237570/viral-isu-kamboja-usir-semua-warga-afrika-phnom-penh-buka-suara
803,Kompas,2026-05-29,Pakar Sebut Arab Saudi Tak Lagi Percaya AS Mampu Lindungi Riyadh,0,https://internasional.kompas.com/read/2026/05/29/150100170/pakar-sebut-arab-saudi-tak-lagi-percaya-as-mampu-lindungi-riyadh
804,Kompas,2026-05-29,"Tiru DOGE Bentukan Trump, Zohran Mamdani Pastikan COGE Tak PHK Pegawai",0,https://internasional.kompas.com/read/2026/05/29/142242170/tiru-doge-bentukan-trump-zohran-mamdani-pastikan-coge-tak-phk-pegawai
805,Kompas,2026-05-29,Jepang-Taiwan Buka Rute Feri dengan Kapal Siap Perang,0,https://internasional.kompas.com/read/2026/05/29/141100270/jepang-taiwan-buka-rute-feri-dengan-kapal-siap-perang
806,Kompas,2026-05-29,"Ingkari Gencatan Senjata, Netanyahu Perintahkan Militer Israel Kuasai 70 Persen Gaza",0,https://internasional.kompas.com/read/2026/05/29/132100470/ingkari-gencatan-senjata-netanyahu-perintahkan-militer-israel-kuasai
807,Kompas,2026-05-29,"Militer Indonesia-Perancis Mesra, Latihan Bersama di Misi Pegasus 2026",0,https://internasional.kompas.com/read/2026/05/29/123100370/militer-indonesia-perancis-mesra-latihan-bersama-di-misi-pegasus-2026
808,Kompas,2026-05-29,"Trump Sebarkan Draf Damai Perang Iran ke Sekutunya, Akhir Konflik?",1,https://internasional.kompas.com/read/2026/05/29/114100970/trump-sebarkan-draf-damai-perang-iran-ke-sekutunya-akhir-konflik-
809,Kompas,2026-05-29,"Trump Cuek Elektabilitas Anjlok akibat Perang Iran, Sesumbar Tak Peduli Hasil Pemilu",0,https://internasional.kompas.com/read/2026/05/29/112346370/trump-cuek-elektabilitas-anjlok-akibat-perang-iran-sesumbar-tak-peduli
810,Kompas,2026-05-29,"Drone Rusia Hantam Negara NATO, F-16 Langsung Terbang",0,https://internasional.kompas.com/read/2026/05/29/105100070/drone-rusia-hantam-negara-nato-f-16-langsung-terbang
811,Kompas,2026-05-29,"Patung Messi di India Bakal Dibongkar, Dinilai Berbahaya",0,https://internasional.kompas.com/read/2026/05/29/104140270/patung-messi-di-india-bakal-dibongkar-dinilai-berbahaya
812,Kompas,2026-05-29,"Rusia-Taliban Teken Kerja Sama Militer, ISIS-K Jadi Sorotan Bersama",0,https://internasional.kompas.com/read/2026/05/29/093841770/rusia-taliban-teken-kerja-sama-militer-isis-k-jadi-sorotan-bersama
813,Kompas,2026-05-29,"Terobsesi Umur Panjang, Putin Danai Proyek Anti Penuaan Rp 463 T",0,https://internasional.kompas.com/read/2026/05/29/085716070/terobsesi-umur-panjang-putin-danai-proyek-anti-penuaan-rp-463-t
814,Kompas,2026-05-29,"AS dan Iran Hampir Capai Kesepakatan, Tinggal Tunggu Trump",0,https://internasional.kompas.com/read/2026/05/29/081625270/as-dan-iran-hampir-capai-kesepakatan-tinggal-tunggu-trump
815,Kompas,2026-05-29,"Wajah Trump Mau Dipasang di Uang Kertas 250 Dollar AS, Demokrat: Demi Ego Presiden",0,https://internasional.kompas.com/read/2026/05/29/070755470/wajah-trump-mau-dipasang-di-uang-kertas-250-dollar-as-demokrat-demi
816,Kompas,2026-05-28,"PBB Kehabisan Uang dan Terancam Kolaps, AS Biang Keladinya",0,https://internasional.kompas.com/read/2026/05/28/222100470/pbb-kehabisan-uang-dan-terancam-kolaps-as-biang-keladinya
817,Kompas,2026-05-28,"Hanya Browsing di Ponsel, Tentara AS di Zona Perang Jadi Target Empuk Musuh",0,https://internasional.kompas.com/read/2026/05/28/204100370/hanya-browsing-di-ponsel-tentara-as-di-zona-perang-jadi-target-empuk
818,Kompas,2026-05-28,"China Tak Terima Rencana Aturan Impor Eropa, Sengketa Dagang Baru?",1,https://internasional.kompas.com/read/2026/05/28/190100070/china-tak-terima-rencana-aturan-impor-eropa-sengketa-dagang-baru-
819,Kompas,2026-05-28,"2 Kali Jadi Presiden AS, Trump Sudah Ancam 15 Negara",0,https://internasional.kompas.com/read/2026/05/28/181100070/2-kali-jadi-presiden-as-trump-sudah-ancam-15-negara
820,Kompas,2026-05-28,"Kuwait Kena Imbas, Hadapi Gempuran Drone Iran yang Serang Pangkalan AS",0,https://internasional.kompas.com/read/2026/05/28/175029870/kuwait-kena-imbas-hadapi-gempuran-drone-iran-yang-serang-pangkalan-as
821,Kompas,2026-05-28,"Kobaran Api Hanguskan Asrama Sekolah di Kenya, 16 Siswi Tewas",0,https://internasional.kompas.com/read/2026/05/28/172100570/kobaran-api-hanguskan-asrama-sekolah-di-kenya-16-siswi-tewas
822,Kompas,2026-05-28,Trump Tiba-tiba Naik Darah dan Ancam Hancurkan Oman,0,https://internasional.kompas.com/read/2026/05/28/163100870/trump-tiba-tiba-naik-darah-dan-ancam-hancurkan-oman
823,Kompas,2026-05-28,"Hadapi Tekanan AS, Kuba Dapat Dukungan China untuk Lawan Penindasan",0,https://internasional.kompas.com/read/2026/05/28/160000970/hadapi-tekanan-as-kuba-dapat-dukungan-china-untuk-lawan-penindasan
824,Kompas,2026-05-28,Konflik AS-China atas Taiwan Disebut Bisa Picu Eskalasi Perang Nuklir,0,https://internasional.kompas.com/read/2026/05/28/154100970/konflik-as-china-atas-taiwan-disebut-bisa-picu-eskalasi-perang-nuklir
825,Kompas,2026-05-28,"Bunuh Mahasiswa Korsel, 6 Warga China Dipenjara Seumur Hidup di Kamboja",0,https://internasional.kompas.com/read/2026/05/28/152431570/bunuh-mahasiswa-korsel-6-warga-china-dipenjara-seumur-hidup-di-kamboja
826,Kompas,2026-05-28,"Dituduh Menyusup, Kapal Perang Belanda Diusir Militer China",0,https://internasional.kompas.com/read/2026/05/28/145100870/dituduh-menyusup-kapal-perang-belanda-diusir-militer-china
827,Kompas,2026-05-28,"Iran Tegaskan Pendirian soal Uranium, Tak Goyah oleh Tekanan Trump",0,https://internasional.kompas.com/read/2026/05/28/144702170/iran-tegaskan-pendirian-soal-uranium-tak-goyah-oleh-tekanan-trump
828,Kompas,2026-05-28,Putin Janji Lunasi Utang Pribadi Tentara Rusia jika Mau Gabung dalam Perang Ukraina,0,https://internasional.kompas.com/read/2026/05/28/140041770/putin-janji-lunasi-utang-pribadi-tentara-rusia-jika-mau-gabung-dalam
829,Kompas,2026-05-28,"Tingkatkan Pertahanan, AS Bersiap Danai Perusahaan Drone Rp 26.000 T",0,https://internasional.kompas.com/read/2026/05/28/133941670/tingkatkan-pertahanan-as-bersiap-danai-perusahaan-drone-rp-26000-t
830,Kompas,2026-05-28,"Walkot London Pergi Haji, Ceritakan Perjalanan yang Mengubah Hidup",1,https://internasional.kompas.com/read/2026/05/28/115910170/walkot-london-pergi-haji-ceritakan-perjalanan-yang-mengubah-hidup
831,Kompas,2026-05-28,"Balas Agresi AS, Iran Serang Pangkalan Militer Washington di Teluk",0,https://internasional.kompas.com/read/2026/05/28/115046970/balas-agresi-as-iran-serang-pangkalan-militer-washington-di-teluk
832,Kompas,2026-05-28,"AS Serang Fasilitas Militer Iran di Bandar Abbas, Perang Kembali Pecah?",1,https://internasional.kompas.com/read/2026/05/28/113609170/as-serang-fasilitas-militer-iran-di-bandar-abbas-perang-kembali-pecah
833,Kompas,2026-05-28,"AS Mulai Lawan Kendali Iran di Selat Hormuz, Siapkan Sanksi Baru",0,https://internasional.kompas.com/read/2026/05/28/111627870/as-mulai-lawan-kendali-iran-di-selat-hormuz-siapkan-sanksi-baru
834,Kompas,2026-05-28,"BoP Dapat Miliaran Dollar dari Anggota, Dana Rekonstruksi Gaza Justru Masih Kosong",0,https://internasional.kompas.com/read/2026/05/28/110647770/bop-dapat-miliaran-dollar-dari-anggota-dana-rekonstruksi-gaza-justru
835,Kompas,2026-05-28,Iran Lepaskan Tembakan ke Arah Kapal AS yang Coba Melintasi Selat Hormuz,0,https://internasional.kompas.com/read/2026/05/28/105238070/iran-lepaskan-tembakan-ke-arah-kapal-as-yang-coba-melintasi-selat
836,Kompas,2026-05-28,"Trump Ngamuk Sekutunya Mau Kelola Selat Hormuz Bareng Iran, Ancam Serangan",0,https://internasional.kompas.com/read/2026/05/28/104317570/trump-ngamuk-sekutunya-mau-kelola-selat-hormuz-bareng-iran-ancam
837,Kompas,2026-05-28,"Racuni Taipan China karena Sakit Hati, Pria Ini Dieksekusi Mati",1,https://internasional.kompas.com/read/2026/05/28/094013970/racuni-taipan-china-karena-sakit-hati-pria-ini-dieksekusi-mati
838,Kompas,2026-05-28,"Pria Australia Tewas Misterius di Bali, Keluarga Protes Lambannya Penanganan Polisi RI",0,https://internasional.kompas.com/read/2026/05/28/091511070/pria-australia-tewas-misterius-di-bali-keluarga-protes-lambannya
839,Kompas,2026-05-28,"Mojtaba Khamenei Mau Negara Muslim Bersatu, Saingi Trump Perluas Abraham Accords?",1,https://internasional.kompas.com/read/2026/05/28/082354770/mojtaba-khamenei-mau-negara-muslim-bersatu-saingi-trump-perluas
840,Kompas,2026-05-28,"Kerbau Bernama Donald Trump Batal Disembelih Saat Idul Adha, Dikirim ke Kebun Binatang",0,https://internasional.kompas.com/read/2026/05/28/071227570/kerbau-bernama-donald-trump-batal-disembelih-saat-idul-adha-dikirim-ke
841,Kompas,2026-05-27,"Kim Jong Un Pamer Rudal Berpandu AI, Seoul Langsung Siaga",0,https://internasional.kompas.com/read/2026/05/27/200000470/kim-jong-un-pamer-rudal-berpandu-ai-seoul-langsung-siaga
842,Kompas,2026-05-27,"Setelah Sepekan Terjebak di Gua Banjir, 5 dari 7 Warga Laos Ditemukan Hidup",0,https://internasional.kompas.com/read/2026/05/27/183000770/setelah-sepekan-terjebak-di-gua-banjir-5-dari-7-warga-laos-ditemukan
843,Kompas,2026-05-27,"Terungkap, Kapal Korsel di Selat Hormuz Kemungkinan Besar Ditembak Iran",0,https://internasional.kompas.com/read/2026/05/27/180000170/terungkap-kapal-korsel-di-selat-hormuz-kemungkinan-besar-ditembak-iran
844,Kompas,2026-05-27,"Anggap Musuh Melemah, Iran Yakin Perang Baru Tak Akan Terjadi",0,https://internasional.kompas.com/read/2026/05/27/170000970/anggap-musuh-melemah-iran-yakin-perang-baru-tak-akan-terjadi
845,Kompas,2026-05-27,"Nestapa Idul Adha di Gaza, Tak Ada Hewan Kurban, Harga Domba Capai Rp 124 Juta",0,https://internasional.kompas.com/read/2026/05/27/160000970/nestapa-idul-adha-di-gaza-tak-ada-hewan-kurban-harga-domba-capai-rp
846,Kompas,2026-05-27,"Israel Klaim Bunuh Pemimpin Baru Brigade Al Qassam, Hanya Menjabat Sepekan",0,https://internasional.kompas.com/read/2026/05/27/135500370/israel-klaim-bunuh-pemimpin-baru-brigade-al-qassam-hanya-menjabat
847,Kompas,2026-05-27,"Bersaing dengan China, NASA Bakal Bangun Pangkalan Permanen di Bulan",0,https://internasional.kompas.com/read/2026/05/27/134000270/bersaing-dengan-china-nasa-bakal-bangun-pangkalan-permanen-di-bulan
848,Kompas,2026-05-27,"Jeritan Hati Warga Iran: Terjebak Situasi Tidak Perang, Tidak Damai",0,https://internasional.kompas.com/read/2026/05/27/114100370/jeritan-hati-warga-iran--terjebak-situasi-tidak-perang-tidak-damai
849,Kompas,2026-05-27,"Israel Kewalahan Hadapi Drone Hizbullah, sampai Beli Jaring",0,https://internasional.kompas.com/read/2026/05/27/105100370/israel-kewalahan-hadapi-drone-hizbullah-sampai-beli-jaring
850,Kompas,2026-05-27,"Menjelang 80 Tahun, Trump Klaim Dirinya Sehat seperti Usia 50",0,https://internasional.kompas.com/read/2026/05/27/103532670/menjelang-80-tahun-trump-klaim-dirinya-sehat-seperti-usia-50
851,Kompas,2026-05-27,"Jelang Teken Proyek Nuklir, Putin Kirim 4 Harimau Amur ke Kazakhstan",0,https://internasional.kompas.com/read/2026/05/27/100100470/jelang-teken-proyek-nuklir-putin-kirim-4-harimau-amur-ke-kazakhstan
852,Kompas,2026-05-27,"Ditekan AS, Kuba Minta Bantuan Internasional",0,https://internasional.kompas.com/read/2026/05/27/091100570/ditekan-as-kuba-minta-bantuan-internasional
853,Kompas,2026-05-27,"Trump Adakan Rapat Kabinet, Bahas Perang Iran yang Masuk Titik Kritis",0,https://internasional.kompas.com/read/2026/05/27/080000870/trump-adakan-rapat-kabinet-bahas-perang-iran-yang-masuk-titik-kritis
854,Kompas,2026-05-27,"Perang Memanas, Iran Tuding AS Langgar Gencatan Senjata",0,https://internasional.kompas.com/read/2026/05/27/071100170/perang-memanas-iran-tuding-as-langgar-gencatan-senjata
855,Kompas,2026-05-27,AS Diam-diam Bantu Kapal Tanker Sebrangi Selat Hormuz,0,https://internasional.kompas.com/read/2026/05/27/070000970/as-diam-diam-bantu-kapal-tanker-sebrangi-selat-hormuz
856,Kompas,2026-05-27,"Israel Serang Lebanon Lagi meski Gencatan Senjata, Pasukan Darat Tembus Garis Kuning",0,https://internasional.kompas.com/read/2026/05/27/062100470/israel-serang-lebanon-lagi-meski-gencatan-senjata-pasukan-darat-tembus
857,Kompas,2026-05-26,"Kurang Dilibatkan di Negosiasi AS-Iran, Netanyahu Rapat Bersama Menteri Pertahanan",0,https://internasional.kompas.com/read/2026/05/26/221221270/kurang-dilibatkan-di-negosiasi-as-iran-netanyahu-rapat-bersama-menteri
858,Kompas,2026-05-26,AS Disebut Akan Kurangi Bantuan Militer ke NATO dalam Situasi Krisis,0,https://internasional.kompas.com/read/2026/05/26/213000170/as-disebut-akan-kurangi-bantuan-militer-ke-nato-dalam-situasi-krisis
859,Kompas,2026-05-26,Iran Bekukan Badan Presiden yang Perintahkan Buka Akses Internet,0,https://internasional.kompas.com/read/2026/05/26/210000870/iran-bekukan-badan-presiden-yang-perintahkan-buka-akses-internet
860,Kompas,2026-05-26,"Iran Sebut AS Langgar Gencatan Senjata Selama 48 Jam Terakhir, Ancam Perdamaian?",1,https://internasional.kompas.com/read/2026/05/26/204000470/iran-sebut-as-langgar-gencatan-senjata-selama-48-jam-terakhir-ancam
861,Kompas,2026-05-26,Presiden Iran Minta Akses Internet Dibuka Kembali,0,https://internasional.kompas.com/read/2026/05/26/192027570/presiden-iran-minta-akses-internet-dibuka-kembali
862,Kompas,2026-05-26,Iran Disebut Ingin Bebaskan Rp 427 T Aset Beku dalam Kesepakatan dengan AS,0,https://internasional.kompas.com/read/2026/05/26/191159070/iran-disebut-ingin-bebaskan-rp-427-t-aset-beku-dalam-kesepakatan
863,Kompas,2026-05-26,Mojtaba Khamenei Sebut Israel Sedang Mendekati Hari-hari Terakhirnya,0,https://internasional.kompas.com/read/2026/05/26/183249770/mojtaba-khamenei-sebut-israel-sedang-mendekati-hari-hari-terakhirnya
864,Kompas,2026-05-26,Trump Sebut Iran Setuju Serahkan Uranium ke AS untuk Dihancurkan,0,https://internasional.kompas.com/read/2026/05/26/173000670/trump-sebut-iran-setuju-serahkan-uranium-ke-as-untuk-dihancurkan
865,Kompas,2026-06-04,"Ditahan KPK, Silmy Karim Punya Koleksi Properti Rp 184 Miliar",0,https://www.kompas.com/properti/read/2026/06/04/171600821/ditahan-kpk-silmy-karim-punya-koleksi-properti-rp-184-miliar
866,Kompas,2026-06-02,Pemerintah Tawarkan Potensi Kawasan Transmigrasi kepada China,0,https://www.kompas.com/properti/read/2026/06/02/140000021/pemerintah-tawarkan-potensi-kawasan-transmigrasi-kepada-china
867,Kompas,2026-06-02,"Pemerintah Gandeng China, Perkuat Ekosistem Pangan di Merauke",0,https://www.kompas.com/properti/read/2026/06/02/090000321/pemerintah-gandeng-china-perkuat-ekosistem-pangan-di-merauke
868,Kompas,2026-05-27,Menteri PU Copot Sejumlah Pihak usai Proyek Sekolah Rakyat Tersendat,0,https://www.kompas.com/properti/read/2026/05/27/220600321/menteri-pu-copot-sejumlah-pihak-usai-proyek-sekolah-rakyat-tersendat
869,Kompas,2026-05-27,"Sekolah Rakyat Sempat ""Setengah Mangkrak"", Menteri PU Akui Ada Masalah di Awal Proyek",0,https://www.kompas.com/properti/read/2026/05/27/175100221/sekolah-rakyat-sempat-setengah-mangkrak-menteri-pu-akui-ada-masalah-di
870,Kompas,2026-05-27,Kementerian PU Geber Lahan 89 Sekolah Rakyat Tahap III,0,https://www.kompas.com/properti/read/2026/05/27/155044221/kementerian-pu-geber-lahan-89-sekolah-rakyat-tahap-iii
871,Kompas,2026-05-25,Menteri PU Janjikan SPAM Pasca Bencana Aceh Rampung Agustus 2026,0,https://www.kompas.com/properti/read/2026/05/25/150000021/menteri-pu-janjikan-spam-pasca-bencana-aceh-rampung-agustus-2026
872,Kompas,2026-05-25,Menteri PU Targetkan 23.000 Rumah di Aceh Pulih Lewat Padat Karya Tunai,0,https://www.kompas.com/properti/read/2026/05/25/140000421/menteri-pu-targetkan-23.000-rumah-di-aceh-pulih-lewat-padat-karya-tunai
873,Kompas,2026-05-20,"Prabowo: Rakyat Kita Tidak Mimpi Kaya Raya, Mereka Ingin Hidup Layak",0,https://www.kompas.com/properti/read/2026/05/20/233000921/prabowo--rakyat-kita-tidak-mimpi-kaya-raya-mereka-ingin-hidup-layak
874,Kompas,2026-05-20,Prabowo Bakal Luncurkan 3.000 Desa Nelayan hingga 2029,0,https://www.kompas.com/properti/read/2026/05/20/200745521/prabowo-bakal-luncurkan-3000-desa-nelayan-hingga-2029
875,Kompas,2026-02-24,"DPR Minta Impor 105.000 Mobil Kopdes Merah Putih dari India Ditunda, Ini Alasannya",1,https://www.kompas.com/kalimantan-barat/read/2026/02/24/105538388/dpr-minta-impor-105000-mobil-kopdes-merah-putih-dari-india
876,Kompas Nasional,2026-06-07,Said Iqbal Mengaku Sejak Pekan Lalu Ditawari Kursi Penasihat Prabowo Nasional,0,https://nasional.kompas.com/read/2026/06/07/22513651/said-iqbal-mengaku-sejak-pekan-lalu-ditawari-kursi-penasihat-prabowo
877,Kompas Nasional,2026-06-07,Dasco: Revisi UU Ketenagakerjaan Baru Tak Hanya Bergantung DPR Nasional,0,https://nasional.kompas.com/read/2026/06/07/22260741/dasco-revisi-uu-ketenagakerjaan-baru-tak-hanya-bergantung-dpr
878,Kompas Nasional,2026-06-07,Kelakar Kapolri Ingin Mendemo Menteri Jumhur Hidayat: Gantian Nasional,0,https://nasional.kompas.com/read/2026/06/07/21083701/kelakar-kapolri-ingin-mendemo-menteri-jumhur-hidayat-gantian
879,Kompas Nasional,2026-06-07,"Prabowo Tinjau SRMP 17 Tabanan Bali: 1 Tambah 7 adalah 8, Angka Baik Nasional",0,https://nasional.kompas.com/read/2026/06/07/18314791/prabowo-tinjau-srmp-17-tabanan-bali-1-tambah-7-adalah-8-angka-baik
880,Kompas Nasional,2026-06-07,KSPSI: Said Iqbal Bakal Dilantik Jadi Penasihat Prabowo Besok Nasional,0,https://nasional.kompas.com/read/2026/06/07/17593511/kspsi-said-iqbal-bakal-dilantik-jadi-penasihat-prabowo-besok
881,Kompas Nasional,2026-06-07,Prabowo: Banyak Orang Berhasil Datang dari Keluarga Sangat Miskin Nasional,0,https://nasional.kompas.com/read/2026/06/07/16265621/prabowo-banyak-orang-berhasil-datang-dari-keluarga-sangat-miskin
882,Kompas Nasional,2026-06-07,Prabowo Santap MBG Bareng Siswa Sekolah Rakyat di Tabanan Nasional,0,https://nasional.kompas.com/read/2026/06/07/16203171/prabowo-santap-mbg-bareng-siswa-sekolah-rakyat-di-tabanan
883,Kompas Nasional,2026-06-07,Sekjen PDIP Komentari Korupsi MBG: Sejak Awal Kami Larang Kader Terlibat Nasional,0,https://nasional.kompas.com/read/2026/06/07/15404681/sekjen-pdip-komentari-korupsi-mbg-sejak-awal-kami-larang-kader-terlibat
884,Kompas Nasional,2026-06-07,Prabowo: Pendidikan Bisa Buat Rakyat Sejahtera di Semua Bidang Nasional,0,https://nasional.kompas.com/read/2026/06/07/15245031/prabowo-pendidikan-bisa-buat-rakyat-sejahtera-di-semua-bidang
885,Kompas Internasional,2026-06-07,"Ejek Aktivis dan Dukung Penghapusan Palestina, 2 Menteri Israel Dilarang Masuk Irlandia Internasional",1,https://internasional.kompas.com/read/2026/06/07/184436170/ejek-aktivis-dan-dukung-penghapusan-palestina-2-menteri-israel
886,Kompas Politik,2026-06-06,"Politik Desa Rawan Pengaruhi Sensus Ekonomi 2026, BPS Pamekasan: Kami Sudah Beri Edukasi Regional",0,https://surabaya.kompas.com/read/2026/06/06/084545678/politik-desa-rawan-pengaruhi-sensus-ekonomi-2026-bps-pamekasan-kami-sudah
887,Kompas Politik,2026-06-03,"Mahfud MD Peringatkan Bahaya Dominasi Politik atas Hukum, Bisa Berujung ”Operasi Sesar” News",0,https://nasional.kompas.com/read/2026/06/03/22124401/mahfud-md-peringatkan-bahaya-dominasi-politik-atas-hukum-bisa-berujung
888,Kompas Politik,2026-06-03,"Mahfud MD Luncurkan Buku Berjudul ”Pemikiran Hukum dan Politik Mahfud MD”, Isinya Tulisan ”Kemarahan” News",0,https://nasional.kompas.com/read/2026/06/03/15581011/mahfud-md-luncurkan-buku-berjudul-pemikiran-hukum-dan-politik-mahfud-md
889,Kompas Politik,2026-06-03,Putusan MK dan Penguatan Politik Afirmasi Perempuan News,0,https://nasional.kompas.com/read/2026/06/03/14100041/putusan-mk-dan-penguatan-politik-afirmasi-perempuan
890,Kompas Politik,2026-06-02,"Jelang Paripurna Hak Angket DPRD Kaltim, Pengamat: Tak Ada Kawan Abadi Regional",0,https://regional.kompas.com/read/2026/06/02/173959178/jelang-paripurna-hak-angket-dprd-kaltim-pengamat-tak-ada-kawan-abadi
891,Kompas Politik,2026-06-02,"Qodari Sebut Prabowo-Megawati Punya Sejarah Hubungan Panjang, Ada Kalanya Berkompetisi dan Bersama News",0,https://nasional.kompas.com/read/2026/06/02/15103371/qodari-sebut-prabowo-megawati-punya-sejarah-hubungan-panjang-ada-kalanya
892,Kompas Nasional,2026-06-07,Anggota DPR Usul Ada UU Sistem Ekonomi Nasional Wujudkan Pasal 33 UUD '45 Nasional,0,https://nasional.kompas.com/read/2026/06/07/15125051/anggota-dpr-usul-ada-uu-sistem-ekonomi-nasional-wujudkan-pasal-33-uud-45
893,Kompas Nasional,2026-06-07,PDIP: Bulan Bung Karno Ekspresikan Narasi Kemerdekaan Sejak Sukarno 16 Tahun Nasional,0,https://nasional.kompas.com/read/2026/06/07/14582351/pdip-bulan-bung-karno-ekspresikan-narasi-kemerdekaan-sejak-sukarno-16-tahun
894,Kompas Nasional,2026-06-07,"Prabowo Ingatkan Siswa Sekolah Rakyat di Bali: Belajar Disiplin, Patuh Sama Guru Nasional",0,https://nasional.kompas.com/read/2026/06/07/13475371/prabowo-ingatkan-siswa-sekolah-rakyat-di-bali-belajar-disiplin-patuh-sama
895,Kompas Nasional,2026-06-07,Prabowo Tugaskan Seskab Teddy Koordinasi Tambah Sekolah Rakyat di Bali Nasional,0,https://nasional.kompas.com/read/2026/06/07/13383031/prabowo-tugaskan-seskab-teddy-koordinasi-tambah-sekolah-rakyat-di-bali
896,Kompas Nasional,2026-06-07,"Prabowo ke Siswa SR: Sampai Sekarang, Presiden Pun Sering Diejek Nasional",0,https://nasional.kompas.com/read/2026/06/07/13111031/prabowo-ke-siswa-sr-sampai-sekarang-presiden-pun-sering-diejek
897,Kompas Nasional,2026-06-07,"Prabowo: Sekolah Rakyat Bantu Mereka yang Paling Susah, Paling Kurang Berdaya Nasional",0,https://nasional.kompas.com/read/2026/06/07/12033921/prabowo-sekolah-rakyat-bantu-mereka-yang-paling-susah-paling-kurang-berdaya
898,Kompas Nasional,2026-06-07,Prabowo Sambangi Sekolah Rakyat Menengah Pertama 17 di Bali: Angka Keberuntungan Saya Nasional,0,https://nasional.kompas.com/read/2026/06/07/11470331/prabowo-sambangi-sekolah-rakyat-menengah-pertama-17-di-bali-angka
899,Kompas Politik,2026-06-02,Nadiem Beri Pesan ke Anak Muda yang Masuk Pemerintahan: Seimbangkan Profesionalisme dan Politik,0,https://nasional.kompas.com/read/2026/06/02/14200031/nadiem-beri-pesan-ke-anak-muda-yang-masuk-pemerintahan-seimbangkan
900,Kompas Politik,2026-06-02,Nadiem Akui Kurang Paham Dinamika Politik: Saya Bukan Pemimpin Sempurna,0,https://nasional.kompas.com/read/2026/06/02/14040621/nadiem-akui-kurang-paham-dinamika-politik-saya-bukan-pemimpin-sempurna
901,Kompas Politik,2026-06-02,BGN Diminta Berbenah Setelah Dadan Hindayana Dicopot,0,https://nasional.kompas.com/read/2026/06/02/22524561/bgn-diminta-berbenah-setelah-dadan-hindayana-dicopot
902,Kompas Politik,2026-06-02,Anggota Dewan Ungkap Alasan Dukung RUU Pemilu Atur Sanksi bagi Pelaku Politik Uang,1,https://nasional.kompas.com/read/2026/06/02/07434141/anggota-dewan-ungkap-alasan-dukung-ruu-pemilu-atur-sanksi-bagi-pelaku
903,Kompas Politik,2026-06-02,Putusan MK Dinilai Memaksa Parpol Ubah Strategi Rekrutmen untuk Pemilu 2029,0,https://nasional.kompas.com/read/2026/06/02/06494671/putusan-mk-dinilai-memaksa-parpol-ubah-strategi-rekrutmen-untuk-pemilu-2029
904,Kompas Politik,2026-06-02,Kewajiban Kuota 30 Persen Caleg Perempuan Kian Perkuat Politik Afirmasi,0,https://nasional.kompas.com/read/2026/06/02/06373891/kewajiban-kuota-30-persen-caleg-perempuan-kian-perkuat-politik-afirmasi
905,Kompas Politik,2026-06-01,KPK Tegaskan Tak Ada Tekanan Politik Tangani Kasus CSR BI-OJK,0,https://nasional.kompas.com/read/2026/06/01/11590081/kpk-tegaskan-tak-ada-tekanan-politik-tangani-kasus-csr-bi-ojk
906,Kompas Politik,2026-06-01,Powell: Intervensi Politik ke The Fed Bisa Gerus Kepercayaan Publik Money,0,https://money.kompas.com/read/2026/06/01/080125426/powell-intervensi-politik-ke-the-fed-bisa-gerus-kepercayaan-publik
907,Kompas Politik,2026-06-01,Strategi Politik Perang: Pesan dari P.K. Ojong,0,https://nasional.kompas.com/read/2026/06/01/07000051/strategi-politik-perang--pesan-dari-p.k.-ojong
908,Kompas Politik,2026-05-29,"Gerindra: Kunjungan Prabowo ke Perancis Bukti RI Bebas Aktif, Tak Ngekor AS dan Tunduk ke China",1,https://nasional.kompas.com/read/2026/05/29/13422061/gerindra-kunjungan-prabowo-ke-perancis-bukti-ri-bebas-aktif-tak-ngekor-as
909,Kompas Politik,2026-05-29,Budaya Maskulin hingga Politik Uang Jadi Tantangan Keterwakilan 30 Persen Caleg Perempuan,0,https://nasional.kompas.com/read/2026/05/29/07090691/budaya-maskulin-hingga-politik-uang-jadi-tantangan-keterwakilan-30-persen
910,Kompas Nasional,2026-06-07,Penyelenggara Pemilu yang Dipecat Karena Kasus Asusila...,1,https://nasional.kompas.com/read/2026/06/07/06454261/penyelenggara-pemilu-yang-dipecat-karena-kasus-asusila
911,Kompas Nasional,2026-06-07,Ketika Pemerintah-DPR Rapat Bahas Rupiah di Akhir Pekan...,1,https://nasional.kompas.com/read/2026/06/07/06242881/ketika-pemerintah-dpr-rapat-bahas-rupiah-di-akhir-pekan
912,Kompas Nasional,2026-06-07,Korupsi MBG: Membaca Kekecewaan Presiden Prabowo,0,https://nasional.kompas.com/read/2026/06/07/05522401/korupsi-mbg-membaca-kekecewaan-presiden-prabowo
913,Kompas Nasional,2026-06-06,Megawati Ungkap Beban Penantian 56 Tahun Tunggu TAP MPRS Bung Karno yang Dicabut,0,https://nasional.kompas.com/read/2026/06/06/19551681/megawati-ungkap-beban-penantian-56-tahun-tunggu-tap-mprs-bung-karno-yang
914,Kompas Nasional,2026-06-06,"Terbukti Selingkuh dan Pungli, DKPP Pecat Anggota KPU OKU Timur Sunarko",0,https://nasional.kompas.com/read/2026/06/06/18332761/terbukti-selingkuh-dan-pungli-dkpp-pecat-anggota-kpu-oku-timur-sunarko
915,Kompas Nasional,2026-06-06,"Ketahuan Rangkap ASN, Ketua Bawaslu Tambrauw Dipecat DKPP",0,https://nasional.kompas.com/read/2026/06/06/18233851/ketahuan-rangkap-asn-ketua-bawaslu-tambrauw-dipecat-dkpp
916,Kompas Nasional,2026-06-06,"Terbukti Langgar Etik, DKPP Pecat Ketua Bawaslu Tambrauw Johannis dan Anggota KPU OKU Sunarko",0,https://nasional.kompas.com/read/2026/06/06/17005851/terbukti-langgar-etik-dkpp-pecat-ketua-bawaslu-tambrauw-johannis-dan-anggota
917,Kompas Politik,2026-05-29,"Pemilu Masih Lama, Seberapa Efektif Safari Politik Jokowi Menggaet Pemilih Elektoral?",1,https://nasional.kompas.com/read/2026/05/29/06015601/pemilu-masih-lama-seberapa-efektif-safari-politik-jokowi-menggaet-pemilih
918,Kompas Politik,2026-05-29,Respons Golkar soal Rencana Jokowi Keliling Indonesia,1,https://nasional.kompas.com/read/2026/05/29/05304461/respons-golkar-soal-rencana-jokowi-keliling-indonesia
919,Kompas Politik,2026-05-28,"Golkar Pastikan Hadir Paripurna Hak Angket DPRD Kaltim 10 Juni, Tetapi Belum Tentu Setuju",0,https://regional.kompas.com/read/2026/05/28/170332678/golkar-pastikan-hadir-paripurna-hak-angket-dprd-kaltim-10-juni-tetapi-belum
920,Kompas Politik,2026-05-28,Perempuan Menembus Dominasi Patriarki dalam Politik Lewat Putusan MK,0,https://nasional.kompas.com/read/2026/05/28/15210401/perempuan-menembus-dominasi-patriarki-dalam-politik-lewat-putusan-mk
921,Kompas Politik,2026-05-28,Partai-partai di DPR Dinilai Perlu Waspadai Safari Politik Jokowi untuk PSI,0,https://nasional.kompas.com/read/2026/05/28/14114381/partai-partai-di-dpr-dinilai-perlu-waspadai-safari-politik-jokowi-untuk-psi
922,Kompas Politik,2026-05-28,Membangun Ekosistem Politik Dinilai Jadi Tantangan dalam Keterwakilan Perempuan,0,https://nasional.kompas.com/read/2026/05/28/13440771/membangun-ekosistem-politik-dinilai-jadi-tantangan-dalam-keterwakilan
923,Kompas Politik,2026-05-28,"Safari Politik Jokowi, Pengamat: Untuk Dongkrak Suara PSI dan Posisi Tawar Gibran di 2029",0,https://nasional.kompas.com/read/2026/05/28/13440001/safari-politik-jokowi-pengamat-untuk-dongkrak-suara-psi-dan-posisi-tawar
924,Kompas Politik,2026-05-28,Dua Putusan MK soal Keterwakilan Perempuan dalam Politik,0,https://nasional.kompas.com/read/2026/05/28/11415061/dua-putusan-mk-soal-keterwakilan-perempuan-dalam-politik
925,Kompas Politik,2026-05-28,"Tanggapi Wabup Pangandaran Gabung PSI Usai Bertemu Jokowi, Bupati: Itu Hak Politik Masing-masing",0,https://regional.kompas.com/read/2026/05/28/104210378/tanggapi-wabup-pangandaran-gabung-psi-usai-bertemu-jokowi-bupati-itu-hak
926,Kompas Nasional,2026-06-06,"Sinyal Istana Said Iqbal Masuk Kabinet, KSPSI: Kekuatan Tambahan untuk Presiden",0,https://nasional.kompas.com/read/2026/06/06/16244491/sinyal-istana-said-iqbal-masuk-kabinet-kspsi-kekuatan-tambahan-untuk
927,Kompas Nasional,2026-06-06,Istana Ungkap Prabowo Berkali-kali Ingatkan Menteri untuk Lawan Korupsi,0,https://nasional.kompas.com/read/2026/06/06/12201781/istana-ungkap-prabowo-berkali-kali-ingatkan-menteri-untuk-lawan-korupsi
928,Kompas Nasional,2026-06-06,Istana Ingin Polri Jadi Polisi Rakyat Lewat Revisi UU Polri,0,https://nasional.kompas.com/read/2026/06/06/11503491/istana-ingin-polri-jadi-polisi-rakyat-lewat-revisi-uu-polri
929,Kompas Nasional,2026-06-06,"Pigai Usul Sipil Bisa Menjabat di Polri, Istana Sebut Semua Boleh Usul",0,https://nasional.kompas.com/read/2026/06/06/11392051/pigai-usul-sipil-bisa-menjabat-di-polri-istana-sebut-semua-boleh-usul
930,Kompas Nasional,2026-06-06,Istana Belum Berencana Isi Pos Wamen Imipas Usai Silmy Karim Tersangka,0,https://nasional.kompas.com/read/2026/06/06/11190231/istana-belum-berencana-isi-pos-wamen-imipas-usai-silmy-karim-tersangka
931,Kompas Politik,2026-05-27,PKS Sebut Putusan MK 128 Perkuat Peran Perempuan di Ranah Politik,0,https://nasional.kompas.com/read/2026/05/27/21233911/pks-sebut-putusan-mk-128-perkuat-peran-perempuan-di-ranah-politik
932,Kompas Politik,2026-05-27,Nasdem Nilai Putusan MK Perkuat Perlindungan Hak Politik Perempuan,0,https://nasional.kompas.com/read/2026/05/27/17534201/nasdem-nilai-putusan-mk-perkuat-perlindungan-hak-politik-perempuan
933,Kompas Politik,2026-05-27,Langkah Jokowi Keliling Indonesia Dinilai Tak Akan Semudah Saat Masih Jadi Presiden,0,https://nasional.kompas.com/read/2026/05/27/12463511/langkah-jokowi-keliling-indonesia-dinilai-tak-akan-semudah-saat-masih-jadi
934,Kompas Politik,2026-05-27,Jokowi Dinilai Keliling Indonesia untuk Jaga Pengaruh Politik dan Dongkrak PSI,0,https://nasional.kompas.com/read/2026/05/27/12264731/jokowi-dinilai-keliling-indonesia-untuk-jaga-pengaruh-politik-dan-dongkrak
935,Kompas Politik,2026-05-27,Partisipasi Politik Generasi Digital dalam Jingle ”MBG Mas Bahlil Ganteng”,0,https://nasional.kompas.com/read/2026/05/27/07500071/partisipasi-politik-generasi-digital-dalam-jingle-mbg-mas-bahlil-ganteng-
936,Kompas Politik,2026-05-27,"Komnas HAM Bantah Dilibatkan di RUU HAM, Nilai Draf Berpotensi Buka Intervensi Politik",0,https://nasional.kompas.com/read/2026/05/27/07454661/komnas-ham-bantah-dilibatkan-di-ruu-ham-nilai-draf-berpotensi-buka
937,Kompas Politik,2026-05-26,Putusan MK soal Sanksi Parpol Dinilai Akan Kuatkan Partisipasi Perempuan dalam Politik,0,https://nasional.kompas.com/read/2026/05/26/21281531/putusan-mk-soal-sanksi-parpol-dinilai-akan-kuatkan-partisipasi-perempuan
938,Kompas Politik,2026-05-26,"Video Dugaan Politik Uang Pilkades Viral, Pemkab Sidoarjo dan Polisi Lakukan Pendalaman",1,https://surabaya.kompas.com/read/2026/05/26/193118478/video-dugaan-politik-uang-pilkades-viral-pemkab-sidoarjo-dan-polisi-lakukan
939,Kompas Politik,2026-05-26,Elite PKB Sambut Baik Penegasan MK soal Keterwakilan Caleg Perempuan dalam Pemilu,0,https://nasional.kompas.com/read/2026/05/26/15391261/elite-pkb-sambut-baik-penegasan-mk-soal-keterwakilan-caleg-perempuan-dalam
940,Kompas Politik,2026-05-26,Komnas HAM Sebut RUU HAM Ganggu Independensi hingga Buka Intervensi Politik,0,https://nasional.kompas.com/read/2026/05/26/14321711/komnas-ham-sebut-ruu-ham-ganggu-independensi-hingga-buka-intervensi-politik
941,Kompas Politik,2026-05-26,Mengamati Arah Ekonomi Politik Prabowo: Kapitalisme atau Sosialisme?,1,https://nasional.kompas.com/read/2026/05/26/13530411/mengamati-arah-ekonomi-politik-prabowo-kapitalisme-atau-sosialisme
942,Kompas Nasional,2026-06-06,DPR-Pemerintah Rapat di Akhir Pekan Bahas Perkembangan Ekonomi,0,https://nasional.kompas.com/read/2026/06/06/10471661/dpr-pemerintah-rapat-di-akhir-pekan-bahas-perkembangan-ekonomi
943,Kompas Nasional,2026-06-06,Menko Polkam: Tidak Ada Istilah Teman Dekat Presiden bagi Koruptor,0,https://nasional.kompas.com/read/2026/06/06/09370531/menko-polkam-tidak-ada-istilah-teman-dekat-presiden-bagi-koruptor
944,Kompas Nasional,2026-06-05,"Dukung Rekan Buruh yang Masuk Kabinet, Andi Gani Cerita Pernah Tolak Tawaran Serupa",0,https://nasional.kompas.com/read/2026/06/05/22294981/dukung-rekan-buruh-yang-masuk-kabinet-andi-gani-cerita-pernah-tolak-tawaran
945,Kompas Politik,2026-05-26,"Partai Kecoak, Gen Z, dan Elite Politik yang Kehilangan Empati",0,https://nasional.kompas.com/read/2026/05/26/08450021/partai-kecoak-gen-z-dan-elite-politik-yang-kehilangan-empati
946,Kompas Politik,2026-05-25,DPRD Kaltim Jadwalkan Paripurna Hak Angket pada 10 Juni,0,https://regional.kompas.com/read/2026/05/25/110642178/dprd-kaltim-jadwalkan-paripurna-hak-angket-pada-10-juni
947,Kompas Politik,2026-05-24,"Beri Sambutan di Musancab DPC PDIP Solo, Respati: Saya Belum Punya Partai",0,https://regional.kompas.com/read/2026/05/24/213642078/beri-sambutan-di-musancab-dpc-pdip-solo-respati-saya-belum-punya-partai
948,Kompas Politik,2026-05-23,Bara JP: Jokowi Beri Arahan Dukung Prabowo dan Gibran 2 Periode,0,https://nasional.kompas.com/read/2026/05/23/17414721/bara-jp-jokowi-beri-arahan-dukung-prabowo-dan-gibran-2-periode
949,Kompas Politik,2026-05-22,"Politik Bengkel Bandara Kertajati, Membaca Tawaran Amerika",1,https://nasional.kompas.com/read/2026/05/22/08011131/politik-bengkel-bandara-kertajati-membaca-tawaran-amerika
950,Kompas Politik,2026-05-21,Anggota DPR Khawatir Kertajati Dianggap Pangkalan Militer AS Berkedok Bengkel Hercules,0,https://nasional.kompas.com/read/2026/05/21/11383641/anggota-dpr-khawatir-kertajati-dianggap-pangkalan-militer-as-berkedok
951,Kompas Politik,2026-05-20,5 Prioritas dalam Revisi UU Pemilu: Ambang Batas hingga Anti-politik Uang,0,https://nasional.kompas.com/read/2026/05/20/17231221/5-prioritas-dalam-revisi-uu-pemilu-ambang-batas-hingga-anti-politik-uang
952,Kompas Politik,2026-05-20,"Ahmad Ali Temui Jokowi di Solo: Diskusi Soal Politik, Minta Masukan untuk Pengembangan PSI",0,https://regional.kompas.com/read/2026/05/20/152925678/ahmad-ali-temui-jokowi-di-solo-diskusi-soal-politik-minta-masukan-untuk
953,Kompas Nasional,2026-06-05,Formappi Kritik DPR Terlalu Cepat Bahas RUU Polri: Prosesnya Terlihat Ajaib,0,https://nasional.kompas.com/read/2026/06/05/20271601/formappi-kritik-dpr-terlalu-cepat-bahas-ruu-polri-prosesnya-terlihat-ajaib
954,Kompas Politik,2026-05-20,Guru Besar Unpad Ungkap Bahaya “Fandom Politik” di Indonesia,1,https://regional.kompas.com/read/2026/05/20/050100678/guru-besar-unpad-ungkap-bahaya-fandom-politik-di-indonesia
955,Kompas Politik,2026-05-19,"Didesak Pertanyaan soal Hak Angket DPRD Kaltim, Rudy Mas'ud Irit Bicara",1,https://regional.kompas.com/read/2026/05/19/180033878/didesak-pertanyaan-soal-hak-angket-dprd-kaltim-rudy-masud-irit-bicara
956,Kompas Politik,2026-05-19,"Anggota DPRD Main Games saat Rapat, Pengamat: di Negara Maju Sudah Dipecat",0,https://surabaya.kompas.com/read/2026/05/19/153309478/anggota-dprd-main-games-saat-rapat-pengamat-di-negara-maju-sudah-dipecat
957,Kompas Politik,2026-05-19,"Jaga Stabilitas Politik dan Keamanan Daerah, Mendagri Minta Pemda Perkuat Forkopimda hingga Tim TPKS",0,https://nasional.kompas.com/read/2026/05/19/15271781/jaga-stabilitas-politik-dan-keamanan-daerah-mendagri-minta-pemda-perkuat
958,Kompas Politik,2026-05-19,"IHSG, Rupiah, dan Ujian Institusi Politik Money",0,https://money.kompas.com/read/2026/05/19/070500026/ihsg-rupiah-dan-ujian-institusi-politik
959,Kompas Politik,2026-05-18,PKS Tegaskan Ambang Batas Parlemen Tetap Diperlukan,0,https://nasional.kompas.com/read/2026/05/18/12572421/pks-tegaskan-ambang-batas-parlemen-tetap-diperlukan
960,Kompas Politik,2026-05-18,Politik Siapa yang Menang dalam Reformasi Polri?,1,https://nasional.kompas.com/read/2026/05/18/05550071/politik-siapa-yang-menang-dalam-reformasi-polri-
961,Kompas Politik,2026-05-16,Prabowo soal Nilai Tukar Rupiah Rendah: Rakyat di Desa Enggak Pakai Dollar,0,https://nasional.kompas.com/read/2026/05/16/13533411/prabowo-soal-nilai-tukar-rupiah-rendah-rakyat-di-desa-enggak-pakai-dollar
962,Kompas Politik,2026-05-16,"Prabowo: Bung Karno Bukan Milik Satu Partai, tetapi Seluruh Rakyat Indonesia",0,https://nasional.kompas.com/read/2026/05/16/12303311/prabowo-bung-karno-bukan-milik-satu-partai-tetapi-seluruh-rakyat-indonesia
963,Kompas Politik,2026-05-15,Trump Sebut Perburuan Uranium Iran Hanya demi Citra Politik Global,0,https://internasional.kompas.com/read/2026/05/15/105100670/trump-sebut-perburuan-uranium-iran-hanya-demi-citra-politik
964,Kompas Politik,2026-05-15,"PSI Jadikan Jokowi Patron Perjuangan Politik, Bakal Menangkan Pemilu 2029",0,https://nasional.kompas.com/read/2026/05/15/09274471/psi-jadikan-jokowi-patron-perjuangan-politik-bakal-menangkan-pemilu-2029
965,Kompas Politik,2026-05-13,Anggota Komnas HAM: Pemerkosaan Massal 98 Dibantah Elit Politik Diakui Presiden Habibie,0,https://nasional.kompas.com/read/2026/05/13/21281191/anggota-komnas-ham-pemerkosaan-massal-98-dibantah-elit-politik-diakui
966,Kompas Nasional,2026-06-05,Pakar Minta Polisi Aktif Tak Ditempatkan di Kementerian yang Tak Terkait Keamanan,0,https://nasional.kompas.com/read/2026/06/05/17152831/pakar-minta-polisi-aktif-tak-ditempatkan-di-kementerian-yang-tak-terkait
967,Kompas Nasional,2026-06-05,"Kasus Silmy Karim, Anggota DPR: Negara Tak Boleh Kalah oleh Mafia Perizinan",0,https://nasional.kompas.com/read/2026/06/05/16282081/kasus-silmy-karim-anggota-dpr-negara-tak-boleh-kalah-oleh-mafia-perizinan
968,Kompas Politik,2026-05-13,"Soroti Tata Kelola dan Dugaan Politik Dinasti, Tokoh Senior Kaltim Minta Bertemu Presiden Prabowo",0,https://regional.kompas.com/read/2026/05/13/200949178/soroti-tata-kelola-dan-dugaan-politik-dinasti-tokoh-senior-kaltim-minta
969,Kompas Politik,2026-05-13,DPR di MK: Polri di Bawah Kementerian Rentan Terhadap Agenda Politik Menteri,0,https://nasional.kompas.com/read/2026/05/13/18361861/dpr-di-mk-polri-di-bawah-kementerian-rentan-terhadap-agenda-politik-menteri
970,Kompas Politik,2026-05-13,PR Politik di Era Homeless Media,0,https://nasional.kompas.com/read/2026/05/13/11360071/pr-politik-di-era-homeless-media
971,Kompas Politik,2026-05-13,Mahasiswa Kritik Anggota DPRD Jember Main Game Saat Rapat Stunting: Degradasi Moral Politik,0,https://surabaya.kompas.com/read/2026/05/13/105352978/mahasiswa-kritik-anggota-dprd-jember-main-game-saat-rapat-stunting
972,Kompas Politik,2026-05-13,"Beri Instruksi Pemenangan di Pilkades Kureksari, Wakil Ketua DPRD: Saya Punya Hak, Toh Itu di Desa Saya",0,https://regional.kompas.com/read/2026/05/13/075032678/beri-instruksi-pemenangan-di-pilkades-kureksari-wakil-ketua-dprd-saya-punya
973,Kompas Politik,2026-05-12,Update Kasus Dugaan Perselingkuhan Bupati Gowa dan Ancaman Hak Angket,1,https://makassar.kompas.com/read/2026/05/12/112936478/update-kasus-dugaan-perselingkuhan-bupati-gowa-dan-ancaman-hak-angket
974,Kompas Politik,2026-05-12,Cerita Nadiem Terima Posisi Mendikbudristek: Bukan Demi Kekayaan atau Ambisi Politik,0,https://nasional.kompas.com/read/2026/05/12/08020441/cerita-nadiem-terima-posisi-mendikbudristek-bukan-demi-kekayaan-atau-ambisi
975,Kompas Politik,2026-05-11,"DPR Filipina Sepakat Makzulkan Wapres Sara Duterte, Karier Politik Terancam Hancur Global",1,https://internasional.kompas.com/read/2026/05/11/190100370/dpr-filipina-sepakat-makzulkan-wapres-sara-duterte-karier-politik
976,Kompas Politik,2026-05-11,Legislator Golkar Harap RUU Pemilu Tetap Inisiatif DPR: Parpol Lebih Paham Kebutuhannya,0,https://nasional.kompas.com/read/2026/05/11/14073111/legislator-golkar-harap-ruu-pemilu-tetap-inisiatif-dpr-parpol-lebih-paham
977,Kompas Politik,2026-05-09,Aliansi Masyarakat Kaltim Kirim Surat Terbuka ke Prabowo: Soroti Dinasti Politik Rudy Mas'ud,0,https://regional.kompas.com/read/2026/05/09/210838278/aliansi-masyarakat-kaltim-kirim-surat-terbuka-ke-prabowo-soroti-dinasti
978,Kompas Nasional,2026-06-05,"Prabowo Bentuk Komisi Nasional Indonesia untuk UNESCO, Dipimpin Menko PMK",0,https://nasional.kompas.com/read/2026/06/05/15390411/prabowo-bentuk-komisi-nasional-indonesia-untuk-unesco-dipimpin-menko-pmk
979,Kompas Nasional,2026-06-05,Kasus Silmy Karim Dinilai Tunjukkan Kelemahan Sistemik di Kementerian Imipas,0,https://nasional.kompas.com/read/2026/06/05/15194471/kasus-silmy-karim-dinilai-tunjukkan-kelemahan-sistemik-di-kementerian-imipas
980,Kompas Nasional,2026-06-05,"Akademisi Usul Ketua Kompolnas Dipilih Internal, Bukan Ditunjuk Presiden",0,https://nasional.kompas.com/read/2026/06/05/14244611/akademisi-usul-ketua-kompolnas-dipilih-internal-bukan-ditunjuk-presiden
981,Kompas Nasional,2026-06-05,"Prabowo Terbitkan PP Tata Kelola Ekspor Komoditas SDA Strategis, Atur soal BUMN Ekspor",0,https://nasional.kompas.com/read/2026/06/05/14145751/prabowo-terbitkan-pp-tata-kelola-ekspor-komoditas-sda-strategis-atur-soal
982,Kompas Nasional,2026-06-05,Alasan Prabowo Tunjuk Nanik Jadi Kepala BGN: Disiplin Menjaga Kualitas MBG,0,https://nasional.kompas.com/read/2026/06/05/13380281/alasan-prabowo-tunjuk-nanik-jadi-kepala-bgn-disiplin-menjaga-kualitas-mbg
983,Kompas Politik,2026-05-09,"Gerindra Pantau Dinamika Politik Hak Angket di Kaltim, Budisatrio: Proses Demokrasi",0,https://regional.kompas.com/read/2026/05/09/124216978/gerindra-pantau-dinamika-politik-hak-angket-di-kaltim-budisatrio-proses
984,Kompas Politik,2026-05-09,Revisi UU Politik: Lebih Cepat Lebih Baik,0,https://nasional.kompas.com/read/2026/05/09/06050081/revisi-uu-politik--lebih-cepat-lebih-baik
985,Kompas Politik,2026-05-08,"”Revisi UU Pemilu Menyangkut Nyawa dari Parpol, Pemilu, dan Demokrasi”",0,https://nasional.kompas.com/read/2026/05/08/19280021/revisi-uu-pemilu-menyangkut-nyawa-dari-parpol-pemilu-dan-demokrasi
986,Kompas Politik,2026-05-08,"Panen Padi di Madiun, Khofifah Sebut Beras Produk Politik, Harus Aman dan Harga Terjangkau",0,https://surabaya.kompas.com/read/2026/05/08/160704478/panen-padi-di-madiun-khofifah-sebut-beras-produk-politik-harus-aman-dan
987,Kompas Politik,2026-05-07,"Dilantik Jadi Ketua DPRD Surabaya, Syaifuddin Zuhri Tekankan Kerja untuk Kepentingan Rakyat Advertorial",0,https://biz.kompas.com/read/2026/05/07/203900928/dilantik-jadi-ketua-dprd-surabaya-syaifuddin-zuhri-tekankan-kerja-untuk
988,Kompas Politik,2026-05-07,Pimpinan Komisi II DPR soal Blacklist Pelaku Politik Uang: Gagasan Menarik!,0,https://nasional.kompas.com/read/2026/05/07/19093371/pimpinan-komisi-ii-dpr-soal-blacklist-pelaku-politik-uang-gagasan-menarik
989,Kompas Politik,2026-05-07,"Bima Arya Beberkan 3 Tantangan Kepala Daerah, Isu Selat Hormuz Hingga Janji Politik",1,https://nasional.kompas.com/read/2026/05/07/19034541/bima-arya-beberkan-3-tantangan-kepala-daerah-isu-selat-hormuz-hingga-janji
990,Kompas Politik,2026-05-07,PAN Kaltim Minta Kader di DPRD Tinjau Ulang Hak Angket: Jangan Sampai Bola Panas ke Kita,0,https://regional.kompas.com/read/2026/05/07/154147178/pan-kaltim-minta-kader-di-dprd-tinjau-ulang-hak-angket-jangan-sampai-bola
991,Kompas Politik,2026-05-06,"Anggota Bawaslu Usul Pelaku Politik Uang Masuk ”Blacklist”, Dilarang Ikut Pemilu",0,https://nasional.kompas.com/read/2026/05/06/21021241/anggota-bawaslu-usul-pelaku-politik-uang-masuk-blacklist-dilarang-ikut
992,Kompas Politik,2026-05-06,Bawaslu Harap Kewenangan Audit Dana Kampanye Diperkuat dalam Revisi UU Pemilu,0,https://nasional.kompas.com/read/2026/05/06/20550931/bawaslu-harap-kewenangan-audit-dana-kampanye-diperkuat-dalam-revisi-uu
993,Kompas Politik,2026-05-06,"Bawaslu Ungkap Pergeseran Politik Uang, Kini Lewat E-Wallet dan Aset Digital",0,https://nasional.kompas.com/read/2026/05/06/20282141/bawaslu-ungkap-pergeseran-politik-uang-kini-lewat-e-wallet-dan-aset-digital
994,Kompas Politik,2026-05-05,"Pilkades Jember 2027 Rawan Konflik, Politik Uang Disorot",0,https://surabaya.kompas.com/read/2026/05/05/215351078/pilkades-jember-2027-rawan-konflik-politik-uang-disorot
995,Kompas Nasional,2026-06-05,Anggota DPR Dorong Reformasi Kementerian Imipas Usai Silmy Karim Jadi Tersangka,0,https://nasional.kompas.com/read/2026/06/05/13173731/anggota-dpr-dorong-reformasi-kementerian-imipas-usai-silmy-karim-jadi
996,Kompas Nasional,2026-06-05,"Singapura Tolak Gugatan Ekstradisi Paulus Tannos, Ini Langkah Menteri Hukum",1,https://nasional.kompas.com/read/2026/06/05/13103621/singapura-tolak-gugatan-ekstradisi-paulus-tannos-ini-langkah-menteri-hukum
997,Kompas Nasional,2026-06-05,Menteri Hukum: 700 Orang Berkewarganegaraan Ganda Ajukan Diri Jadi WNI,0,https://nasional.kompas.com/read/2026/06/05/13132251/menteri-hukum-700-orang-berkewarganegaraan-ganda-ajukan-diri-jadi-wni
998,Kompas Nasional,2026-06-05,Prabowo Terus Evaluasi Setelah Rupiah Tembus Rp 18.000 Per Dollar AS,0,https://nasional.kompas.com/read/2026/06/05/13062721/prabowo-terus-evaluasi-setelah-rupiah-tembus-rp-18000-per-dollar-as
999,Kompas Nasional,2026-06-05,Golkar Minta BGN Evaluasi Menyeluruh Program MBG Buntut Kasus Korupsi Dadan dkk,0,https://nasional.kompas.com/read/2026/06/05/12145811/golkar-minta-bgn-evaluasi-menyeluruh-program-mbg-buntut-kasus-korupsi-dadan
1000,Kompas Politik,2026-05-05,Hakim Ad Hoc Diharapkan Tidak Tersandera Kekuatan Politik Usai Tunjangannya Naik,0,https://nasional.kompas.com/read/2026/05/05/13165461/hakim-ad-hoc-diharapkan-tidak-tersandera-kekuatan-politik-usai-tunjangannya
